video,prompt,species,species_id,track_id,identity,identity_str,global_identity,reference_image,segment_prompt,segment_status,segment_score
Species_mp4/Horse/IDmd0m8PO7c.mp4,a horse and a donkey are standing in a field,Horse,33,IDmd0m8PO7c,977,Horse_ID_000,977,reference_images/Horse/IDmd0m8PO7c.jpg,Animal,skipped,
Species_mp4/Horse/XYqXyx68dR0_1.mp4,a horse is eating hay in a barn at night,Horse,33,XYqXyx68dR0_1,978,Horse_ID_001,978,reference_images/Horse/XYqXyx68dR0_1.jpg,Animal,skipped,
Species_mp4/Horse/H7ZwzooJO1E.mp4,a horse eating grass in a dirt field with a sign that says subscribe my channel,Horse,33,H7ZwzooJO1E,979,Horse_ID_002,979,reference_images/Horse/H7ZwzooJO1E.jpg,Animal,skipped,
Species_mp4/Horse/JEmnKw7n9Y0.mp4,a horse eating grass in a field with a tree in the background,Horse,33,JEmnKw7n9Y0,979,Horse_ID_002,979,reference_images/Horse/JEmnKw7n9Y0.jpg,Animal,skipped,
Species_mp4/Horse/puUWGcWzezw.mp4,a horse and a donkey are walking in a field,Horse,33,puUWGcWzezw,980,Horse_ID_003,980,reference_images/Horse/puUWGcWzezw.jpg,Animal,skipped,
Species_mp4/Horse/AQX9TPHlryU.mp4,a horse grazing in a field with a sky background,Horse,33,AQX9TPHlryU,981,Horse_ID_004,981,reference_images/Horse/AQX9TPHlryU.jpg,Animal,skipped,
Species_mp4/Horse/d597tp4p5Js.mp4,a horse standing in a field with a fence and a sign that says animals world,Horse,33,d597tp4p5Js,981,Horse_ID_004,981,reference_images/Horse/d597tp4p5Js.jpg,Animal,skipped,
Species_mp4/Horse/zFbFTIOSc8U.mp4,a horse standing in a field with a fence and a sign that says how animals work,Horse,33,zFbFTIOSc8U,981,Horse_ID_004,981,reference_images/Horse/zFbFTIOSc8U.jpg,Animal,skipped,
Species_mp4/Horse/zHdNpiQ3ZmA.mp4,a horse grazing in a field with a rock in the foreground,Horse,33,zHdNpiQ3ZmA,981,Horse_ID_004,981,reference_images/Horse/zHdNpiQ3ZmA.jpg,Animal,skipped,
Species_mp4/Horse/sAc74S16mMg.mp4,a horse grazing on grass in a field next to a dirt road,Horse,33,sAc74S16mMg,981,Horse_ID_004,981,reference_images/Horse/sAc74S16mMg.jpg,Animal,skipped,
Species_mp4/Horse/_m3l7FXlGeM.mp4,a horse tied to a tree in a field with a person standing nearby,Horse,33,_m3l7FXlGeM,981,Horse_ID_004,981,reference_images/Horse/_m3l7FXlGeM.jpg,Animal,skipped,
Species_mp4/Horse/KRPii8woVhY.mp4,a horse drinking water from a bucket in a dirt field,Horse,33,KRPii8woVhY,981,Horse_ID_004,981,reference_images/Horse/KRPii8woVhY.jpg,Animal,skipped,
Species_mp4/Horse/SMIZPw5t69w.mp4,a horse and a donkey grazing in a field of grass,Horse,33,SMIZPw5t69w,981,Horse_ID_004,981,reference_images/Horse/SMIZPw5t69w.jpg,Animal,skipped,
Species_mp4/Horse/II07pw-iMNE.mp4,a horse grazing in a field with a sky background,Horse,33,II07pw-iMNE,981,Horse_ID_004,981,reference_images/Horse/II07pw-iMNE.jpg,Animal,skipped,
Species_mp4/Horse/TvFMsTEjkSQ.mp4,a horse and a donkey grazing in a field of grass,Horse,33,TvFMsTEjkSQ,981,Horse_ID_004,981,reference_images/Horse/TvFMsTEjkSQ.jpg,Animal,skipped,
Species_mp4/Horse/4fC2nTWq4WI.mp4,a horse grazing in a field with a bird flying overhead,Horse,33,4fC2nTWq4WI,981,Horse_ID_004,981,reference_images/Horse/4fC2nTWq4WI.jpg,Animal,skipped,
Species_mp4/Horse/HVjp5UfGWtE.mp4,a horse eating hay in a barn with a brick wall,Horse,33,HVjp5UfGWtE,981,Horse_ID_004,981,reference_images/Horse/HVjp5UfGWtE.jpg,Animal,skipped,
Species_mp4/Horse/8EOahoooSho.mp4,a horse eating grass from a green bowl in a field,Horse,33,8EOahoooSho,982,Horse_ID_005,982,reference_images/Horse/8EOahoooSho.jpg,Animal,skipped,
Species_mp4/Horse/V0H2dA8OHvU.mp4,a horse eating grass in a field with a bowl of water,Horse,33,V0H2dA8OHvU,983,Horse_ID_006,983,reference_images/Horse/V0H2dA8OHvU.jpg,Animal,skipped,
Species_mp4/Horse/NqCUOjbd7f0.mp4,a horse standing next to a bucket of food on a sidewalk,Horse,33,NqCUOjbd7f0,984,Horse_ID_007,984,reference_images/Horse/NqCUOjbd7f0.jpg,Animal,skipped,
Species_mp4/Horse/7MCwXp9wDzY.mp4,a horse grazing in a field with a river in the background,Horse,33,7MCwXp9wDzY,985,Horse_ID_008,985,reference_images/Horse/7MCwXp9wDzY.jpg,Animal,skipped,
Species_mp4/Horse/bx85Tj2Upes.mp4,a horse grazing in a field of grass near a forest,Horse,33,bx85Tj2Upes,985,Horse_ID_008,985,reference_images/Horse/bx85Tj2Upes.jpg,Animal,skipped,
Species_mp4/Horse/b3COnY4kggE.mp4,a horse eating grass in a field with a house in the background,Horse,33,b3COnY4kggE,985,Horse_ID_008,985,reference_images/Horse/b3COnY4kggE.jpg,Animal,skipped,
Species_mp4/Horse/VAM-GzwCUks.mp4,a horse grazing in a field of grass with a fence in the background,Horse,33,VAM-GzwCUks,985,Horse_ID_008,985,reference_images/Horse/VAM-GzwCUks.jpg,Animal,skipped,
Species_mp4/Horse/pTIlLlJye9Y_1.mp4,a horse drinking water from a puddle in the mud,Horse,33,pTIlLlJye9Y_1,986,Horse_ID_009,986,reference_images/Horse/pTIlLlJye9Y_1.jpg,Animal,skipped,
Species_mp4/Horse/4nBlOoyB7zI.mp4,a horse standing in a field with trees in the background,Horse,33,4nBlOoyB7zI,987,Horse_ID_010,987,reference_images/Horse/4nBlOoyB7zI.jpg,Animal,skipped,
Species_mp4/Horse/3EWms-oHZVo.mp4,a horse with a saddle is standing on a rocky path,Horse,33,3EWms-oHZVo,988,Horse_ID_011,988,reference_images/Horse/3EWms-oHZVo.jpg,Animal,skipped,
Species_mp4/Horse/ff1RBcgwbjw.mp4,a horse with a blanket on its back grazing on rocks,Horse,33,ff1RBcgwbjw,988,Horse_ID_011,988,reference_images/Horse/ff1RBcgwbjw.jpg,Animal,skipped,
Species_mp4/Horse/8ev0wagjDW8.mp4,a horse with a saddle is grazing in a field,Horse,33,8ev0wagjDW8,989,Horse_ID_012,989,reference_images/Horse/8ev0wagjDW8.jpg,Animal,skipped,
Species_mp4/Horse/DDy50zNa0G4.mp4,a horse with a cart attached to it ' s back standing in the grass,Horse,33,DDy50zNa0G4,990,Horse_ID_013,990,reference_images/Horse/DDy50zNa0G4.jpg,Animal,skipped,
Species_mp4/Horse/k6tYh0zBxEo.mp4,a horse pulling a cart with a load of meat on it,Horse,33,k6tYh0zBxEo,990,Horse_ID_013,990,reference_images/Horse/k6tYh0zBxEo.jpg,Animal,skipped,
Species_mp4/Horse/Un8WVE7Js7g.mp4,a horse and a man standing in a field with a cow,Horse,33,Un8WVE7Js7g,991,Horse_ID_014,991,reference_images/Horse/Un8WVE7Js7g.jpg,Animal,skipped,
Species_mp4/Horse/2NdDvdjNVAs.mp4,a horse standing in a fenced in area next to a tree,Horse,33,2NdDvdjNVAs,992,Horse_ID_015,992,reference_images/Horse/2NdDvdjNVAs.jpg,Animal,skipped,
Species_mp4/Horse/lTEhyDbkmH0.mp4,a horse laying on a bed with a blanket on it ' s back,Horse,33,lTEhyDbkmH0,993,Horse_ID_016,993,reference_images/Horse/lTEhyDbkmH0.jpg,Animal,skipped,
Species_mp4/Horse/SwXPvELOKKs.mp4,a horse grazing in a field with a fence in the background,Horse,33,SwXPvELOKKs,994,Horse_ID_017,994,reference_images/Horse/SwXPvELOKKs.jpg,Animal,skipped,
Species_mp4/Horse/rERuV-7BU38.mp4,a horse grazing in a field with a fence in the background,Horse,33,rERuV-7BU38,994,Horse_ID_017,994,reference_images/Horse/rERuV-7BU38.jpg,Animal,skipped,
Species_mp4/Horse/wcsT5WQPfqc.mp4,a horse grazing in a field with a fence in the background,Horse,33,wcsT5WQPfqc,994,Horse_ID_017,994,reference_images/Horse/wcsT5WQPfqc.jpg,Animal,skipped,
Species_mp4/Horse/RKjQvOJ5mIM.mp4,a horse is standing in a dirt area with a sign that says subscribe our channel,Horse,33,RKjQvOJ5mIM,995,Horse_ID_018,995,reference_images/Horse/RKjQvOJ5mIM.jpg,Animal,skipped,
Species_mp4/Horse/XYqXyx68dR0_3.mp4,a horse is eating hay in a stall at night,Horse,33,XYqXyx68dR0_3,996,Horse_ID_019,996,reference_images/Horse/XYqXyx68dR0_3.jpg,Animal,skipped,
Species_mp4/Horse/olpFFeqSm9Q.mp4,a horse drinking water from a black bucket in a field,Horse,33,olpFFeqSm9Q,997,Horse_ID_020,997,reference_images/Horse/olpFFeqSm9Q.jpg,Animal,skipped,
Species_mp4/Horse/EPtIOh7enp0.mp4,a horse is being held by a person with a rope,Horse,33,EPtIOh7enp0,998,Horse_ID_021,998,reference_images/Horse/EPtIOh7enp0.jpg,Animal,skipped,
Species_mp4/Horse/MsPsKid73Cw.mp4,a horse is standing next to a green bucket with a horse in it,Horse,33,MsPsKid73Cw,999,Horse_ID_022,999,reference_images/Horse/MsPsKid73Cw.jpg,Animal,skipped,
Species_mp4/Horse/99oKgBgW04c.mp4,a horse eating grass in a field with a wooden post,Horse,33,99oKgBgW04c,1000,Horse_ID_023,1000,reference_images/Horse/99oKgBgW04c.jpg,Animal,skipped,
Species_mp4/Horse/X4jaus3LluA.mp4,a horse standing in a field of grass,Horse,33,X4jaus3LluA,1001,Horse_ID_024,1001,reference_images/Horse/X4jaus3LluA.jpg,Animal,skipped,
Species_mp4/Horse/d4uURMg_u8c.mp4,a horse standing on a field with a hose in its mouth,Horse,33,d4uURMg_u8c,1002,Horse_ID_025,1002,reference_images/Horse/d4uURMg_u8c.jpg,Animal,skipped,
Species_mp4/Horse/3ZTFtv_YOFk.mp4,a horse laying on the ground with its head on the ground,Horse,33,3ZTFtv_YOFk,1003,Horse_ID_026,1003,reference_images/Horse/3ZTFtv_YOFk.jpg,Animal,skipped,
Species_mp4/Horse/bIilH0hFSM8.mp4,a horse eating grass in a field next to a stream,Horse,33,bIilH0hFSM8,1004,Horse_ID_027,1004,reference_images/Horse/bIilH0hFSM8.jpg,Animal,skipped,
Species_mp4/Horse/SopaJCD__9w.mp4,a horse standing in a field with a ball in its mouth,Horse,33,SopaJCD__9w,1005,Horse_ID_028,1005,reference_images/Horse/SopaJCD__9w.jpg,Animal,skipped,
Species_mp4/Horse/hLgPkLA-Cbg.mp4,a horse grazing in a field of green grass and weeds,Horse,33,hLgPkLA-Cbg,1006,Horse_ID_029,1006,reference_images/Horse/hLgPkLA-Cbg.jpg,Animal,skipped,
Species_mp4/Horse/YiyRV-LM5FM.mp4,a horse standing in a barn with a dirty floor,Horse,33,YiyRV-LM5FM,1007,Horse_ID_030,1007,reference_images/Horse/YiyRV-LM5FM.jpg,Animal,skipped,
Species_mp4/Horse/H9dpzhrk4cI.mp4,a horse standing in a barn with a white floor and a brown wall,Horse,33,H9dpzhrk4cI,1007,Horse_ID_030,1007,reference_images/Horse/H9dpzhrk4cI.jpg,Animal,skipped,
Species_mp4/Horse/yiq1oqlls2Y.mp4,a horse standing in a field of grass,Horse,33,yiq1oqlls2Y,1008,Horse_ID_031,1008,reference_images/Horse/yiq1oqlls2Y.jpg,Animal,skipped,
Species_mp4/Horse/4AooF3f6XXk.mp4,a horse standing in the dirt next to a tree and a fence,Horse,33,4AooF3f6XXk,1009,Horse_ID_032,1009,reference_images/Horse/4AooF3f6XXk.jpg,Animal,skipped,
Species_mp4/Horse/yJqDXA4ZCno.mp4,a horse standing on a grass covered field next to a forest,Horse,33,yJqDXA4ZCno,1010,Horse_ID_033,1010,reference_images/Horse/yJqDXA4ZCno.jpg,Animal,skipped,
Species_mp4/Horse/rX8wI4eLymU.mp4,a horse standing on top of a lush green field next to a forest,Horse,33,rX8wI4eLymU,1011,Horse_ID_034,1011,reference_images/Horse/rX8wI4eLymU.jpg,Animal,skipped,
Species_mp4/Horse/a1jxQNt5yx4.mp4,a horse standing in a field next to a tree,Horse,33,a1jxQNt5yx4,1012,Horse_ID_035,1012,reference_images/Horse/a1jxQNt5yx4.jpg,Animal,skipped,
Species_mp4/Horse/NmCIuIOljKY.mp4,a horse eating corn on the ground in a dirt field,Horse,33,NmCIuIOljKY,1013,Horse_ID_036,1013,reference_images/Horse/NmCIuIOljKY.jpg,Animal,skipped,
Species_mp4/Horse/Iewkiax7jko.mp4,a horse laying on the ground in a dirt area,Horse,33,Iewkiax7jko,1014,Horse_ID_037,1014,reference_images/Horse/Iewkiax7jko.jpg,Animal,skipped,
Species_mp4/Horse/rct-PI-KpSA.mp4,a horse grazing in a field with a mountain in the background,Horse,33,rct-PI-KpSA,1015,Horse_ID_038,1015,reference_images/Horse/rct-PI-KpSA.jpg,Animal,skipped,
Species_mp4/Horse/i8Whm5Nw7oU.mp4,a horse grazing in a field near a brick wall,Horse,33,i8Whm5Nw7oU,1016,Horse_ID_039,1016,reference_images/Horse/i8Whm5Nw7oU.jpg,Animal,skipped,
Species_mp4/Horse/diNG5g8PAMg.mp4,a horse with a colorful headband is standing in a field,Horse,33,diNG5g8PAMg,1017,Horse_ID_040,1017,reference_images/Horse/diNG5g8PAMg.jpg,Animal,skipped,
Species_mp4/Horse/YT9j-5szV9s.mp4,a horse grazing in a field with a blue bridle on its head,Horse,33,YT9j-5szV9s,1018,Horse_ID_041,1018,reference_images/Horse/YT9j-5szV9s.jpg,Animal,skipped,
Species_mp4/Horse/bLK4FDGVibI.mp4,a horse standing on a dirt field next to a wooden fence,Horse,33,bLK4FDGVibI,1019,Horse_ID_042,1019,reference_images/Horse/bLK4FDGVibI.jpg,Animal,skipped,
Species_mp4/Horse/6qtmf39mkFs.mp4,a horse laying in a hammock in a yard,Horse,33,6qtmf39mkFs,1020,Horse_ID_043,1020,reference_images/Horse/6qtmf39mkFs.jpg,Animal,skipped,
Species_mp4/Horse/NRGbbm8ep9c.mp4,a horse is walking through a field of grass and weeds,Horse,33,NRGbbm8ep9c,1021,Horse_ID_044,1021,reference_images/Horse/NRGbbm8ep9c.jpg,Animal,skipped,
Species_mp4/Horse/8Wp1gn7pbiE.mp4,a horse standing in a field next to a tree and a fence,Horse,33,8Wp1gn7pbiE,1022,Horse_ID_045,1022,reference_images/Horse/8Wp1gn7pbiE.jpg,Animal,skipped,
Species_mp4/Horse/DjwMtL0zPQI.mp4,a horse is standing in a field of grass and rocks,Horse,33,DjwMtL0zPQI,1023,Horse_ID_046,1023,reference_images/Horse/DjwMtL0zPQI.jpg,Animal,skipped,
Species_mp4/Horse/-U9aUGSh44U.mp4,a horse standing in water with a long horn on its head,Horse,33,-U9aUGSh44U,1024,Horse_ID_047,1024,reference_images/Horse/-U9aUGSh44U.jpg,Animal,skipped,
Species_mp4/Horse/RuhLlLl1IKM.mp4,a horse standing in the middle of a dirt field next to a red car,Horse,33,RuhLlLl1IKM,1025,Horse_ID_048,1025,reference_images/Horse/RuhLlLl1IKM.jpg,Animal,skipped,
Species_mp4/Horse/ypIsy73jfK4.mp4,a horse eating grass in a field next to a tree,Horse,33,ypIsy73jfK4,1026,Horse_ID_049,1026,reference_images/Horse/ypIsy73jfK4.jpg,Animal,skipped,
Species_mp4/Horse/GermDBD6IxA.mp4,a horse is being led by a woman and a man,Horse,33,GermDBD6IxA,1027,Horse_ID_050,1027,reference_images/Horse/GermDBD6IxA.jpg,Animal,skipped,
Species_mp4/Horse/YuydotZ9YgE.mp4,a horse with a long nose standing in a field,Horse,33,YuydotZ9YgE,1028,Horse_ID_051,1028,reference_images/Horse/YuydotZ9YgE.jpg,Animal,skipped,
Species_mp4/Horse/VPQDop_OLVM.mp4,a horse eating grass in a field next to a pile of wood,Horse,33,VPQDop_OLVM,1029,Horse_ID_052,1029,reference_images/Horse/VPQDop_OLVM.jpg,Animal,skipped,
Species_mp4/Horse/EjKoxzEw0U4.mp4,a horse laying on the ground with its tongue out,Horse,33,EjKoxzEw0U4,1030,Horse_ID_053,1030,reference_images/Horse/EjKoxzEw0U4.jpg,Animal,skipped,
Species_mp4/Horse/XxfY2sWcTw4.mp4,a horse laying in the grass with its head on the ground,Horse,33,XxfY2sWcTw4,1030,Horse_ID_053,1030,reference_images/Horse/XxfY2sWcTw4.jpg,Animal,skipped,
Species_mp4/Horse/Rw3el_LHwy8.mp4,a horse laying in a field with a shadow of a person,Horse,33,Rw3el_LHwy8,1031,Horse_ID_054,1031,reference_images/Horse/Rw3el_LHwy8.jpg,Animal,skipped,
Species_mp4/Horse/pTIlLlJye9Y_2.mp4,a horse standing on a rocky beach next to a body of water,Horse,33,pTIlLlJye9Y_2,1032,Horse_ID_055,1032,reference_images/Horse/pTIlLlJye9Y_2.jpg,Animal,skipped,
Species_mp4/Horse/v6AVfXqB0os.mp4,a horse drawn carriage,Horse,33,v6AVfXqB0os,1033,Horse_ID_056,1033,reference_images/Horse/v6AVfXqB0os.jpg,Animal,skipped,
Species_mp4/Horse/mceBcbpbogc_1.mp4,a horse grazing in a field of green grass with a fence in the background,Horse,33,mceBcbpbogc_1,1034,Horse_ID_057,1034,reference_images/Horse/mceBcbpbogc_1.jpg,Animal,skipped,
Species_mp4/Horse/NRQrMB9ZhTs.mp4,a horse eating grass in a fenced in area with a white fence,Horse,33,NRQrMB9ZhTs,1035,Horse_ID_058,1035,reference_images/Horse/NRQrMB9ZhTs.jpg,Animal,skipped,
Species_mp4/Horse/gNt_IuuqtEM.mp4,a horse grazing in a field of yellow flowers on a sunny day,Horse,33,gNt_IuuqtEM,1036,Horse_ID_059,1036,reference_images/Horse/gNt_IuuqtEM.jpg,Animal,skipped,
Species_mp4/Horse/26YbNRJgQ48.mp4,a horse grazing in a field of yellow flowers on a sunny day,Horse,33,26YbNRJgQ48,1036,Horse_ID_059,1036,reference_images/Horse/26YbNRJgQ48.jpg,Animal,skipped,
Species_mp4/Horse/n9kJ5Kiwuck.mp4,a horse is standing in a muddy field with a blue bucket,Horse,33,n9kJ5Kiwuck,1037,Horse_ID_060,1037,reference_images/Horse/n9kJ5Kiwuck.jpg,Animal,skipped,
Species_mp4/Horse/NDDDAvClDpI.mp4,a horse is standing in a fenced in area with a horse,Horse,33,NDDDAvClDpI,1038,Horse_ID_061,1038,reference_images/Horse/NDDDAvClDpI.jpg,Animal,skipped,
Species_mp4/Horse/sTrhBeZ4Yog.mp4,a horse eating grass in a field with a fence in the background,Horse,33,sTrhBeZ4Yog,1039,Horse_ID_062,1039,reference_images/Horse/sTrhBeZ4Yog.jpg,Animal,skipped,
Species_mp4/Horse/r5TTn0pshvI_1.mp4,a horse and rider on a country road in the fall,Horse,33,r5TTn0pshvI_1,1040,Horse_ID_063,1040,reference_images/Horse/r5TTn0pshvI_1.jpg,Animal,skipped,
Species_mp4/Horse/yIoMXs31LA8.mp4,a horse standing in the grass next to a road,Horse,33,yIoMXs31LA8,1041,Horse_ID_064,1041,reference_images/Horse/yIoMXs31LA8.jpg,Animal,skipped,
Species_mp4/Horse/qoNlhsWLu8g.mp4,a horse grazing in a field with a cactus tree in the background,Horse,33,qoNlhsWLu8g,1042,Horse_ID_065,1042,reference_images/Horse/qoNlhsWLu8g.jpg,Animal,skipped,
Species_mp4/Horse/rjyjuW66eCU.mp4,a horse standing in the shade of a tree in a field,Horse,33,rjyjuW66eCU,1043,Horse_ID_066,1043,reference_images/Horse/rjyjuW66eCU.jpg,Animal,skipped,
Species_mp4/Horse/EgkLKgARZ3E.mp4,a horse walking through a field of tall grass near a fence,Horse,33,EgkLKgARZ3E,1044,Horse_ID_067,1044,reference_images/Horse/EgkLKgARZ3E.jpg,Animal,skipped,
Species_mp4/Horse/cFtyGtTAbIM.mp4,a horse standing in the grass next to a road,Horse,33,cFtyGtTAbIM,1045,Horse_ID_068,1045,reference_images/Horse/cFtyGtTAbIM.jpg,Animal,skipped,
Species_mp4/Horse/SLWplWJps1o.mp4,a horse laying on the ground in a field with a person laying on the ground,Horse,33,SLWplWJps1o,1046,Horse_ID_069,1046,reference_images/Horse/SLWplWJps1o.jpg,Animal,skipped,
Species_mp4/Horse/mKA1P5Kb-uQ.mp4,a horse standing in a field with a frisbee in its mouth,Horse,33,mKA1P5Kb-uQ,1047,Horse_ID_070,1047,reference_images/Horse/mKA1P5Kb-uQ.jpg,Animal,skipped,
Species_mp4/Horse/1KBkOcknhYs.mp4,a horse standing in a field of grass next to a fence,Horse,33,1KBkOcknhYs,1048,Horse_ID_071,1048,reference_images/Horse/1KBkOcknhYs.jpg,Animal,skipped,
Species_mp4/Horse/9NWbHENShYE.mp4,a horse grazing in a field of grass with trees in the background,Horse,33,9NWbHENShYE,1049,Horse_ID_072,1049,reference_images/Horse/9NWbHENShYE.jpg,Animal,skipped,
Species_mp4/Horse/EJ5sL1vwvA4.mp4,a horse standing on a dirt road next to trash,Horse,33,EJ5sL1vwvA4,1050,Horse_ID_073,1050,reference_images/Horse/EJ5sL1vwvA4.jpg,Animal,skipped,
Species_mp4/Horse/BmxTpiW21nY.mp4,a horse is eating grass in a fenced in area,Horse,33,BmxTpiW21nY,1051,Horse_ID_074,1051,reference_images/Horse/BmxTpiW21nY.jpg,Animal,skipped,
Species_mp4/Giraffe/_3Z5jX46hsE.mp4,a giraffe standing next to a tree in a fenced in area,Giraffe,26,_3Z5jX46hsE,807,Giraffe_ID_000,807,reference_images/Giraffe/_3Z5jX46hsE.jpg,Animal,skipped,
Species_mp4/Giraffe/AoLvSDcUfwc.mp4,a giraffe standing next to a tree with a mountain in the background,Giraffe,26,AoLvSDcUfwc,808,Giraffe_ID_001,808,reference_images/Giraffe/AoLvSDcUfwc.jpg,Animal,skipped,
Species_mp4/Giraffe/dOX_bCFC4l8.mp4,a giraffe standing in a field with trees and bushes,Giraffe,26,dOX_bCFC4l8,808,Giraffe_ID_001,808,reference_images/Giraffe/dOX_bCFC4l8.jpg,Animal,skipped,
Species_mp4/Giraffe/Bbc3h5Y2FZM.mp4,a giraffe standing in the middle of a forest eating leaves,Giraffe,26,Bbc3h5Y2FZM,808,Giraffe_ID_001,808,reference_images/Giraffe/Bbc3h5Y2FZM.jpg,Animal,skipped,
Species_mp4/Giraffe/Dii1riut5Es.mp4,a giraffe standing next to a tree in a forest,Giraffe,26,Dii1riut5Es,808,Giraffe_ID_001,808,reference_images/Giraffe/Dii1riut5Es.jpg,Animal,skipped,
Species_mp4/Giraffe/lVs7rw9-4t0.mp4,a giraffe standing in a field with trees and bushes,Giraffe,26,lVs7rw9-4t0,808,Giraffe_ID_001,808,reference_images/Giraffe/lVs7rw9-4t0.jpg,Animal,skipped,
Species_mp4/Giraffe/EIgX7bmnhJ0.mp4,a giraffe standing in a field with trees and bushes,Giraffe,26,EIgX7bmnhJ0,808,Giraffe_ID_001,808,reference_images/Giraffe/EIgX7bmnhJ0.jpg,Animal,skipped,
Species_mp4/Giraffe/cGcZAbph_5I.mp4,a giraffe standing in a field with trees and bushes,Giraffe,26,cGcZAbph_5I,808,Giraffe_ID_001,808,reference_images/Giraffe/cGcZAbph_5I.jpg,Animal,skipped,
Species_mp4/Giraffe/96XvIUgxpX8.mp4,a giraffe eating leaves off a tree in the wild,Giraffe,26,96XvIUgxpX8,808,Giraffe_ID_001,808,reference_images/Giraffe/96XvIUgxpX8.jpg,Animal,skipped,
Species_mp4/Giraffe/eltgK5qikLE.mp4,a giraffe standing in the middle of a field with trees in the background,Giraffe,26,eltgK5qikLE,808,Giraffe_ID_001,808,reference_images/Giraffe/eltgK5qikLE.jpg,Animal,skipped,
Species_mp4/Giraffe/i1F5lwHlWhM.mp4,a giraffe standing in a field with trees and bushes,Giraffe,26,i1F5lwHlWhM,808,Giraffe_ID_001,808,reference_images/Giraffe/i1F5lwHlWhM.jpg,Animal,skipped,
Species_mp4/Giraffe/m4YnbVE0tFw.mp4,a giraffe standing in a field with trees and bushes,Giraffe,26,m4YnbVE0tFw,808,Giraffe_ID_001,808,reference_images/Giraffe/m4YnbVE0tFw.jpg,Animal,skipped,
Species_mp4/Giraffe/ac57kQMtqmc.mp4,a giraffe standing in a field with a sign that says thanks for watching,Giraffe,26,ac57kQMtqmc,808,Giraffe_ID_001,808,reference_images/Giraffe/ac57kQMtqmc.jpg,Animal,skipped,
Species_mp4/Giraffe/kaAqV5lFzCM.mp4,a giraffe standing next to a tree with a sky background,Giraffe,26,kaAqV5lFzCM,808,Giraffe_ID_001,808,reference_images/Giraffe/kaAqV5lFzCM.jpg,Animal,skipped,
Species_mp4/Giraffe/77b4WZkGmjQ_1.mp4,a giraffe standing in a field with trees and bushes,Giraffe,26,77b4WZkGmjQ_1,808,Giraffe_ID_001,808,reference_images/Giraffe/77b4WZkGmjQ_1.jpg,Animal,skipped,
Species_mp4/Giraffe/9xE8ZDd_mCc.mp4,a giraffe standing next to a tree in a forest,Giraffe,26,9xE8ZDd_mCc,808,Giraffe_ID_001,808,reference_images/Giraffe/9xE8ZDd_mCc.jpg,Animal,skipped,
Species_mp4/Giraffe/PvplMI_EWDU_1.mp4,a giraffe standing in a field with trees in the background,Giraffe,26,PvplMI_EWDU_1,808,Giraffe_ID_001,808,reference_images/Giraffe/PvplMI_EWDU_1.jpg,Animal,skipped,
Species_mp4/Giraffe/lioQLTpBAFk.mp4,a giraffe standing next to a tree with a sky background,Giraffe,26,lioQLTpBAFk,808,Giraffe_ID_001,808,reference_images/Giraffe/lioQLTpBAFk.jpg,Animal,skipped,
Species_mp4/Giraffe/pykIjaomD6E_3.mp4,a giraffe eating leaves off a tree in a field,Giraffe,26,pykIjaomD6E_3,808,Giraffe_ID_001,808,reference_images/Giraffe/pykIjaomD6E_3.jpg,Animal,skipped,
Species_mp4/Giraffe/fRJccjsckdA.mp4,a giraffe standing in front of a forest with trees,Giraffe,26,fRJccjsckdA,808,Giraffe_ID_001,808,reference_images/Giraffe/fRJccjsckdA.jpg,Animal,skipped,
Species_mp4/Giraffe/Bnn460DPSTE.mp4,a giraffe standing next to a tree in a forest,Giraffe,26,Bnn460DPSTE,808,Giraffe_ID_001,808,reference_images/Giraffe/Bnn460DPSTE.jpg,Animal,skipped,
Species_mp4/Giraffe/pykIjaomD6E_2.mp4,a giraffe eating leaves off a tree with a blue sky in the background,Giraffe,26,pykIjaomD6E_2,808,Giraffe_ID_001,808,reference_images/Giraffe/pykIjaomD6E_2.jpg,Animal,skipped,
Species_mp4/Giraffe/dxjp-Va8TKg.mp4,a giraffe standing in a field with trees and bushes,Giraffe,26,dxjp-Va8TKg,808,Giraffe_ID_001,808,reference_images/Giraffe/dxjp-Va8TKg.jpg,Animal,skipped,
Species_mp4/Giraffe/xrbipZyDvAo_2.mp4,a giraffe eating leaves off a tree in the wild,Giraffe,26,xrbipZyDvAo_2,808,Giraffe_ID_001,808,reference_images/Giraffe/xrbipZyDvAo_2.jpg,Animal,skipped,
Species_mp4/Giraffe/h-dVVDtQOV8.mp4,a giraffe standing in a field with trees and bushes,Giraffe,26,h-dVVDtQOV8,808,Giraffe_ID_001,808,reference_images/Giraffe/h-dVVDtQOV8.jpg,Animal,skipped,
Species_mp4/Giraffe/pQgY9hVOLjk.mp4,a giraffe standing in front of a tree with a sky background,Giraffe,26,pQgY9hVOLjk,808,Giraffe_ID_001,808,reference_images/Giraffe/pQgY9hVOLjk.jpg,Animal,skipped,
Species_mp4/Giraffe/sin2QA7t8C0.mp4,a giraffe standing next to a tree in a forest,Giraffe,26,sin2QA7t8C0,808,Giraffe_ID_001,808,reference_images/Giraffe/sin2QA7t8C0.jpg,Animal,skipped,
Species_mp4/Giraffe/SMUjdfNdDu8.mp4,a giraffe standing next to a tree with no leaves on it,Giraffe,26,SMUjdfNdDu8,808,Giraffe_ID_001,808,reference_images/Giraffe/SMUjdfNdDu8.jpg,Animal,skipped,
Species_mp4/Giraffe/lc-oYjO3TQw.mp4,a giraffe standing in the middle of a forest eating leaves,Giraffe,26,lc-oYjO3TQw,808,Giraffe_ID_001,808,reference_images/Giraffe/lc-oYjO3TQw.jpg,Animal,skipped,
Species_mp4/Giraffe/onbYCuuFZsQ.mp4,a giraffe standing in a field with trees and bushes,Giraffe,26,onbYCuuFZsQ,808,Giraffe_ID_001,808,reference_images/Giraffe/onbYCuuFZsQ.jpg,Animal,skipped,
Species_mp4/Giraffe/gGXhI6q7Osg.mp4,a giraffe standing next to a tree with a mountain in the background,Giraffe,26,gGXhI6q7Osg,808,Giraffe_ID_001,808,reference_images/Giraffe/gGXhI6q7Osg.jpg,Animal,skipped,
Species_mp4/Giraffe/p2O7JzHoGw0_1.mp4,a giraffe eating leaves from a tree in the wild,Giraffe,26,p2O7JzHoGw0_1,808,Giraffe_ID_001,808,reference_images/Giraffe/p2O7JzHoGw0_1.jpg,Animal,skipped,
Species_mp4/Giraffe/7MPGzD2DITA.mp4,a giraffe standing next to a tree in a forest,Giraffe,26,7MPGzD2DITA,808,Giraffe_ID_001,808,reference_images/Giraffe/7MPGzD2DITA.jpg,Animal,skipped,
Species_mp4/Giraffe/xrbipZyDvAo_1.mp4,a giraffe standing in a field with trees and bushes,Giraffe,26,xrbipZyDvAo_1,808,Giraffe_ID_001,808,reference_images/Giraffe/xrbipZyDvAo_1.jpg,Animal,skipped,
Species_mp4/Giraffe/lDyLnsBIk3Q.mp4,a giraffe standing next to a tree in a forest,Giraffe,26,lDyLnsBIk3Q,808,Giraffe_ID_001,808,reference_images/Giraffe/lDyLnsBIk3Q.jpg,Animal,skipped,
Species_mp4/Giraffe/c2dzm9u7KTc.mp4,a giraffe standing in a field with a cloudy sky in the background,Giraffe,26,c2dzm9u7KTc,808,Giraffe_ID_001,808,reference_images/Giraffe/c2dzm9u7KTc.jpg,Animal,skipped,
Species_mp4/Giraffe/JDlT7JvkOF4.mp4,a giraffe standing in a field with trees and bushes,Giraffe,26,JDlT7JvkOF4,808,Giraffe_ID_001,808,reference_images/Giraffe/JDlT7JvkOF4.jpg,Animal,skipped,
Species_mp4/Giraffe/pJz1Ad97VZc.mp4,a giraffe standing next to a tree in a forest,Giraffe,26,pJz1Ad97VZc,808,Giraffe_ID_001,808,reference_images/Giraffe/pJz1Ad97VZc.jpg,Animal,skipped,
Species_mp4/Giraffe/Zcu_stWtQFk.mp4,a giraffe eating leaves from a tree in the wild,Giraffe,26,Zcu_stWtQFk,808,Giraffe_ID_001,808,reference_images/Giraffe/Zcu_stWtQFk.jpg,Animal,skipped,
Species_mp4/Giraffe/tmPhJIEVlfA.mp4,a giraffe standing in the middle of a forest eating leaves,Giraffe,26,tmPhJIEVlfA,808,Giraffe_ID_001,808,reference_images/Giraffe/tmPhJIEVlfA.jpg,Animal,skipped,
Species_mp4/Giraffe/bzBgCZDQdX8.mp4,a giraffe standing in front of a tree with no leaves,Giraffe,26,bzBgCZDQdX8,808,Giraffe_ID_001,808,reference_images/Giraffe/bzBgCZDQdX8.jpg,Animal,skipped,
Species_mp4/Giraffe/9Hrx46hWP_c.mp4,a giraffe standing in a field with trees and bushes,Giraffe,26,9Hrx46hWP_c,808,Giraffe_ID_001,808,reference_images/Giraffe/9Hrx46hWP_c.jpg,Animal,skipped,
Species_mp4/Giraffe/6_4fYRiUjvI.mp4,a giraffe sitting in the shade of a tree in a fenced in area,Giraffe,26,6_4fYRiUjvI,809,Giraffe_ID_002,809,reference_images/Giraffe/6_4fYRiUjvI.jpg,Animal,skipped,
Species_mp4/Giraffe/ANM55U_KbkQ.mp4,a giraffe standing under a tree in a zoo enclosure,Giraffe,26,ANM55U_KbkQ,809,Giraffe_ID_002,809,reference_images/Giraffe/ANM55U_KbkQ.jpg,Animal,skipped,
Species_mp4/Giraffe/77b4WZkGmjQ_2.mp4,a giraffe standing in a field next to a tree,Giraffe,26,77b4WZkGmjQ_2,809,Giraffe_ID_002,809,reference_images/Giraffe/77b4WZkGmjQ_2.jpg,Animal,skipped,
Species_mp4/Giraffe/O8cF3qRwIu0.mp4,a giraffe standing next to a wall eating hay from a basket,Giraffe,26,O8cF3qRwIu0,810,Giraffe_ID_003,810,reference_images/Giraffe/O8cF3qRwIu0.jpg,Animal,skipped,
Species_mp4/Giraffe/RihcoA65uuE.mp4,a giraffe standing next to a wall with a wooden frame,Giraffe,26,RihcoA65uuE,810,Giraffe_ID_003,810,reference_images/Giraffe/RihcoA65uuE.jpg,Animal,skipped,
Species_mp4/Giraffe/Kw0a0FSIPK4.mp4,a giraffe standing in a fenced in area with trees,Giraffe,26,Kw0a0FSIPK4,810,Giraffe_ID_003,810,reference_images/Giraffe/Kw0a0FSIPK4.jpg,Animal,skipped,
Species_mp4/Giraffe/2luNJNoQTUA.mp4,a giraffe eating grass in a fenced in area with a chain link fence,Giraffe,26,2luNJNoQTUA,810,Giraffe_ID_003,810,reference_images/Giraffe/2luNJNoQTUA.jpg,Animal,skipped,
Species_mp4/Giraffe/Qrw1iISON-c.mp4,a giraffe standing next to a metal basket on top of a wooden fence,Giraffe,26,Qrw1iISON-c,811,Giraffe_ID_004,811,reference_images/Giraffe/Qrw1iISON-c.jpg,Animal,skipped,
Species_mp4/Giraffe/jIxFl267SFU.mp4,a giraffe eating leaves from a tree in a zoo enclosure,Giraffe,26,jIxFl267SFU,811,Giraffe_ID_004,811,reference_images/Giraffe/jIxFl267SFU.jpg,Animal,skipped,
Species_mp4/Giraffe/CR0I2UejSf0.mp4,a giraffe standing next to a small waterfall in a grassy field,Giraffe,26,CR0I2UejSf0,812,Giraffe_ID_005,812,reference_images/Giraffe/CR0I2UejSf0.jpg,Animal,skipped,
Species_mp4/Giraffe/K6QJraxQeW0.mp4,a giraffe laying down in a pile of hay in a zoo,Giraffe,26,K6QJraxQeW0,813,Giraffe_ID_006,813,reference_images/Giraffe/K6QJraxQeW0.jpg,Animal,skipped,
Species_mp4/Giraffe/IMOaotLRoy4.mp4,a giraffe with a long neck and a long tongue,Giraffe,26,IMOaotLRoy4,814,Giraffe_ID_007,814,reference_images/Giraffe/IMOaotLRoy4.jpg,Animal,skipped,
Species_mp4/Giraffe/v00thmYWjdU.mp4,a giraffe drinking water from a pond with a forest in the background,Giraffe,26,v00thmYWjdU,815,Giraffe_ID_008,815,reference_images/Giraffe/v00thmYWjdU.jpg,Animal,skipped,
Species_mp4/Giraffe/I75RPigYk_U_1.mp4,a giraffe drinking water from a small pond in the wild,Giraffe,26,I75RPigYk_U_1,816,Giraffe_ID_009,816,reference_images/Giraffe/I75RPigYk_U_1.jpg,Animal,skipped,
Species_mp4/Giraffe/_X0LBWfR8WY.mp4,a giraffe drinking water from a pond in a field,Giraffe,26,_X0LBWfR8WY,816,Giraffe_ID_009,816,reference_images/Giraffe/_X0LBWfR8WY.jpg,Animal,skipped,
Species_mp4/Giraffe/r739Qfc6k8E.mp4,a giraffe standing in the water with its head in the water,Giraffe,26,r739Qfc6k8E,816,Giraffe_ID_009,816,reference_images/Giraffe/r739Qfc6k8E.jpg,Animal,skipped,
Species_mp4/Giraffe/51Yadp_6big_2.mp4,a giraffe drinking water from a pond in a rocky area,Giraffe,26,51Yadp_6big_2,816,Giraffe_ID_009,816,reference_images/Giraffe/51Yadp_6big_2.jpg,Animal,skipped,
Species_mp4/Giraffe/SiY4-mpKKaM_1.mp4,a giraffe drinking water from a small pond in a field,Giraffe,26,SiY4-mpKKaM_1,816,Giraffe_ID_009,816,reference_images/Giraffe/SiY4-mpKKaM_1.jpg,Animal,skipped,
Species_mp4/Giraffe/nbTe1NQUQ2A.mp4,a giraffe drinking water from a pool in the middle of the desert,Giraffe,26,nbTe1NQUQ2A,816,Giraffe_ID_009,816,reference_images/Giraffe/nbTe1NQUQ2A.jpg,Animal,skipped,
Species_mp4/Giraffe/fWdBFGpeg0A_1.mp4,a giraffe drinking water from a pond in a field,Giraffe,26,fWdBFGpeg0A_1,816,Giraffe_ID_009,816,reference_images/Giraffe/fWdBFGpeg0A_1.jpg,Animal,skipped,
Species_mp4/Giraffe/zwjuedhcjC0.mp4,a giraffe bending down to drink water from a pond,Giraffe,26,zwjuedhcjC0,816,Giraffe_ID_009,816,reference_images/Giraffe/zwjuedhcjC0.jpg,Animal,skipped,
Species_mp4/Giraffe/OmJ10-22McI.mp4,a giraffe eating grass in a field with trees in the background,Giraffe,26,OmJ10-22McI,816,Giraffe_ID_009,816,reference_images/Giraffe/OmJ10-22McI.jpg,Animal,skipped,
Species_mp4/Giraffe/51Yadp_6big_1.mp4,a giraffe drinking water from a pond in a rocky area,Giraffe,26,51Yadp_6big_1,816,Giraffe_ID_009,816,reference_images/Giraffe/51Yadp_6big_1.jpg,Animal,skipped,
Species_mp4/Giraffe/SiY4-mpKKaM_2.mp4,a giraffe drinking water from a pond in a dirt area,Giraffe,26,SiY4-mpKKaM_2,816,Giraffe_ID_009,816,reference_images/Giraffe/SiY4-mpKKaM_2.jpg,Animal,skipped,
Species_mp4/Giraffe/CwoWfnqCL6Y.mp4,a giraffe bending down to drink water from a puddle,Giraffe,26,CwoWfnqCL6Y,816,Giraffe_ID_009,816,reference_images/Giraffe/CwoWfnqCL6Y.jpg,Animal,skipped,
Species_mp4/Giraffe/t9XSweEAgoc_2.mp4,a giraffe drinking water from a river in a sandy area,Giraffe,26,t9XSweEAgoc_2,816,Giraffe_ID_009,816,reference_images/Giraffe/t9XSweEAgoc_2.jpg,Animal,skipped,
Species_mp4/Giraffe/cVoYSbfKPj4.mp4,a giraffe drinking water from a river in a dry grass field,Giraffe,26,cVoYSbfKPj4,816,Giraffe_ID_009,816,reference_images/Giraffe/cVoYSbfKPj4.jpg,Animal,skipped,
Species_mp4/Giraffe/VKMEUgeZFpM_1.mp4,a giraffe bending down to eat leaves from a tree,Giraffe,26,VKMEUgeZFpM_1,816,Giraffe_ID_009,816,reference_images/Giraffe/VKMEUgeZFpM_1.jpg,Animal,skipped,
Species_mp4/Giraffe/fWdBFGpeg0A_2.mp4,a giraffe drinking water from a pond in a field,Giraffe,26,fWdBFGpeg0A_2,816,Giraffe_ID_009,816,reference_images/Giraffe/fWdBFGpeg0A_2.jpg,Animal,skipped,
Species_mp4/Giraffe/0Zp91OdtPzE_1.mp4,a giraffe bending down to drink water from a small pond,Giraffe,26,0Zp91OdtPzE_1,816,Giraffe_ID_009,816,reference_images/Giraffe/0Zp91OdtPzE_1.jpg,Animal,skipped,
Species_mp4/Giraffe/ks6nrPdTWjw.mp4,a giraffe drinking water from a small pond in the desert,Giraffe,26,ks6nrPdTWjw,816,Giraffe_ID_009,816,reference_images/Giraffe/ks6nrPdTWjw.jpg,Animal,skipped,
Species_mp4/Giraffe/I75RPigYk_U_2.mp4,a giraffe drinking water from a pond in the wild,Giraffe,26,I75RPigYk_U_2,816,Giraffe_ID_009,816,reference_images/Giraffe/I75RPigYk_U_2.jpg,Animal,skipped,
Species_mp4/Giraffe/6rteeC2JoXc.mp4,a giraffe drinking water from a pond in a field,Giraffe,26,6rteeC2JoXc,816,Giraffe_ID_009,816,reference_images/Giraffe/6rteeC2JoXc.jpg,Animal,skipped,
Species_mp4/Giraffe/VKMEUgeZFpM_2.mp4,a giraffe bending down to drink water from a watering hole,Giraffe,26,VKMEUgeZFpM_2,816,Giraffe_ID_009,816,reference_images/Giraffe/VKMEUgeZFpM_2.jpg,Animal,skipped,
Species_mp4/Giraffe/t9XSweEAgoc_1.mp4,a giraffe drinking water from a small pond in the desert,Giraffe,26,t9XSweEAgoc_1,816,Giraffe_ID_009,816,reference_images/Giraffe/t9XSweEAgoc_1.jpg,Animal,skipped,
Species_mp4/Giraffe/0Zp91OdtPzE_2.mp4,a giraffe bending down to drink water from a small pond,Giraffe,26,0Zp91OdtPzE_2,816,Giraffe_ID_009,816,reference_images/Giraffe/0Zp91OdtPzE_2.jpg,Animal,skipped,
Species_mp4/Giraffe/pngF59v9Cfc.mp4,a giraffe drinking water from a pond in a field,Giraffe,26,pngF59v9Cfc,816,Giraffe_ID_009,816,reference_images/Giraffe/pngF59v9Cfc.jpg,Animal,skipped,
Species_mp4/Giraffe/F5C9Ng2OW9c.mp4,a giraffe standing in the middle of a field with trees in the background,Giraffe,26,F5C9Ng2OW9c,817,Giraffe_ID_010,817,reference_images/Giraffe/F5C9Ng2OW9c.jpg,Animal,skipped,
Species_mp4/Giraffe/rYpQpTm53C0_1.mp4,a giraffe standing in a field with its head down drinking from a hole,Giraffe,26,rYpQpTm53C0_1,817,Giraffe_ID_010,817,reference_images/Giraffe/rYpQpTm53C0_1.jpg,Animal,skipped,
Species_mp4/Giraffe/rYpQpTm53C0_2.mp4,a giraffe standing in a field with a hole in the ground,Giraffe,26,rYpQpTm53C0_2,817,Giraffe_ID_010,817,reference_images/Giraffe/rYpQpTm53C0_2.jpg,Animal,skipped,
Species_mp4/Giraffe/Suf65KuR7g4.mp4,a giraffe standing in a field with a person sitting in a car,Giraffe,26,Suf65KuR7g4,818,Giraffe_ID_011,818,reference_images/Giraffe/Suf65KuR7g4.jpg,Animal,skipped,
Species_mp4/Giraffe/5aFH-OoiqnQ.mp4,a giraffe standing in a field with a person sitting in a chair,Giraffe,26,5aFH-OoiqnQ,818,Giraffe_ID_011,818,reference_images/Giraffe/5aFH-OoiqnQ.jpg,Animal,skipped,
Species_mp4/Giraffe/kK-hYc7wJXY.mp4,a giraffe standing in a field with a person looking at it,Giraffe,26,kK-hYc7wJXY,818,Giraffe_ID_011,818,reference_images/Giraffe/kK-hYc7wJXY.jpg,Animal,skipped,
Species_mp4/Giraffe/e9FhIfOVHMI.mp4,a giraffe standing in a field with a heart in the middle of it,Giraffe,26,e9FhIfOVHMI,818,Giraffe_ID_011,818,reference_images/Giraffe/e9FhIfOVHMI.jpg,Animal,skipped,
Species_mp4/Giraffe/LzMuv1ceOn0.mp4,a giraffe standing in a field with a caption of a person laughing,Giraffe,26,LzMuv1ceOn0,818,Giraffe_ID_011,818,reference_images/Giraffe/LzMuv1ceOn0.jpg,Animal,skipped,
Species_mp4/Giraffe/iJ0apt8z4cI.mp4,a giraffe standing in a field with a person taking a picture,Giraffe,26,iJ0apt8z4cI,818,Giraffe_ID_011,818,reference_images/Giraffe/iJ0apt8z4cI.jpg,Animal,skipped,
Species_mp4/Giraffe/v9UtHQJHb3U.mp4,a giraffe standing in a field with a sky background,Giraffe,26,v9UtHQJHb3U,818,Giraffe_ID_011,818,reference_images/Giraffe/v9UtHQJHb3U.jpg,Animal,skipped,
Species_mp4/Giraffe/WFzssK_e-M8.mp4,a giraffe standing next to a tree in a field,Giraffe,26,WFzssK_e-M8,819,Giraffe_ID_012,819,reference_images/Giraffe/WFzssK_e-M8.jpg,Animal,skipped,
Species_mp4/Giraffe/btXtw9MV1gY.mp4,a giraffe standing in a field with a mountain in the background,Giraffe,26,btXtw9MV1gY,819,Giraffe_ID_012,819,reference_images/Giraffe/btXtw9MV1gY.jpg,Animal,skipped,
Species_mp4/Giraffe/2UAQEOOw5SA.mp4,a giraffe standing in a field next to a tree,Giraffe,26,2UAQEOOw5SA,819,Giraffe_ID_012,819,reference_images/Giraffe/2UAQEOOw5SA.jpg,Animal,skipped,
Species_mp4/Giraffe/T33SMzoylQc.mp4,a giraffe standing in the middle of a field with trees,Giraffe,26,T33SMzoylQc,819,Giraffe_ID_012,819,reference_images/Giraffe/T33SMzoylQc.jpg,Animal,skipped,
Species_mp4/Giraffe/fHUpwaAxe2E.mp4,a giraffe standing in a field next to a tree,Giraffe,26,fHUpwaAxe2E,819,Giraffe_ID_012,819,reference_images/Giraffe/fHUpwaAxe2E.jpg,Animal,skipped,
Species_mp4/Giraffe/AChIrRqQ_hc.mp4,a giraffe standing in a field with trees and bushes in the background,Giraffe,26,AChIrRqQ_hc,819,Giraffe_ID_012,819,reference_images/Giraffe/AChIrRqQ_hc.jpg,Animal,skipped,
Species_mp4/Giraffe/TL9vvZEARRE.mp4,a giraffe eating grass from a wooden fence in a zoo,Giraffe,26,TL9vvZEARRE,820,Giraffe_ID_013,820,reference_images/Giraffe/TL9vvZEARRE.jpg,Animal,skipped,
Species_mp4/Giraffe/QAnJ2PL1XCo.mp4,a giraffe standing in the mud with its legs spread out,Giraffe,26,QAnJ2PL1XCo,821,Giraffe_ID_014,821,reference_images/Giraffe/QAnJ2PL1XCo.jpg,Animal,skipped,
Species_mp4/Giraffe/bnalpMqLn8w.mp4,a giraffe standing on a dirt path next to a wooden fence,Giraffe,26,bnalpMqLn8w,822,Giraffe_ID_015,822,reference_images/Giraffe/bnalpMqLn8w.jpg,Animal,skipped,
Species_mp4/Giraffe/HKLlZ5apZo4.mp4,a giraffe standing in a field behind a fence looking over a fence,Giraffe,26,HKLlZ5apZo4,823,Giraffe_ID_016,823,reference_images/Giraffe/HKLlZ5apZo4.jpg,Animal,skipped,
Species_mp4/Giraffe/Dh11AkByfxg.mp4,a giraffe standing next to a tree in a zoo enclosure,Giraffe,26,Dh11AkByfxg,823,Giraffe_ID_016,823,reference_images/Giraffe/Dh11AkByfxg.jpg,Animal,skipped,
Species_mp4/Giraffe/JU-mZJy79CY.mp4,a giraffe standing next to a baby giraffe in a pen,Giraffe,26,JU-mZJy79CY,823,Giraffe_ID_016,823,reference_images/Giraffe/JU-mZJy79CY.jpg,Animal,skipped,
Species_mp4/Giraffe/pk-vOfQNMuk_2.mp4,a giraffe standing in a field with a fence in the background,Giraffe,26,pk-vOfQNMuk_2,823,Giraffe_ID_016,823,reference_images/Giraffe/pk-vOfQNMuk_2.jpg,Animal,skipped,
Species_mp4/Giraffe/R1GVufcVo70.mp4,a giraffe standing on a dirt road next to a field,Giraffe,26,R1GVufcVo70,823,Giraffe_ID_016,823,reference_images/Giraffe/R1GVufcVo70.jpg,Animal,skipped,
Species_mp4/Giraffe/k1FjcXpXjSo.mp4,a giraffe standing in a fenced in area next to a bench,Giraffe,26,k1FjcXpXjSo,823,Giraffe_ID_016,823,reference_images/Giraffe/k1FjcXpXjSo.jpg,Animal,skipped,
Species_mp4/Giraffe/zLxtjEfoxtk.mp4,a giraffe standing under a tree in a dirt field,Giraffe,26,zLxtjEfoxtk,823,Giraffe_ID_016,823,reference_images/Giraffe/zLxtjEfoxtk.jpg,Animal,skipped,
Species_mp4/Giraffe/JP12Hc7Cats.mp4,a giraffe standing in a field next to a building,Giraffe,26,JP12Hc7Cats,823,Giraffe_ID_016,823,reference_images/Giraffe/JP12Hc7Cats.jpg,Animal,skipped,
Species_mp4/Giraffe/SMBJuaXy9_s.mp4,a giraffe drinking water from a pond in a grassy area,Giraffe,26,SMBJuaXy9_s,823,Giraffe_ID_016,823,reference_images/Giraffe/SMBJuaXy9_s.jpg,Animal,skipped,
Species_mp4/Giraffe/Gg-4G-kSyX0.mp4,a giraffe drinking water from a puddle in the middle of a field,Giraffe,26,Gg-4G-kSyX0,824,Giraffe_ID_017,824,reference_images/Giraffe/Gg-4G-kSyX0.jpg,Animal,skipped,
Species_mp4/Giraffe/bjK2uXDzb4U.mp4,a giraffe drinking water from a pond in a wooded area,Giraffe,26,bjK2uXDzb4U,824,Giraffe_ID_017,824,reference_images/Giraffe/bjK2uXDzb4U.jpg,Animal,skipped,
Species_mp4/Giraffe/p2O7JzHoGw0_2.mp4,a giraffe standing in tall grass next to a tree,Giraffe,26,p2O7JzHoGw0_2,825,Giraffe_ID_018,825,reference_images/Giraffe/p2O7JzHoGw0_2.jpg,Animal,skipped,
Species_mp4/Giraffe/IgU-CkYBKjY.mp4,a giraffe standing in a fenced in area next to a building,Giraffe,26,IgU-CkYBKjY,826,Giraffe_ID_019,826,reference_images/Giraffe/IgU-CkYBKjY.jpg,Animal,skipped,
Species_mp4/Giraffe/rjyQ7Y5Igo8.mp4,a giraffe standing in a field with a green grass area,Giraffe,26,rjyQ7Y5Igo8,827,Giraffe_ID_020,827,reference_images/Giraffe/rjyQ7Y5Igo8.jpg,Animal,skipped,
Species_mp4/Giraffe/l7f0RspA_AE.mp4,a giraffe bending down to eat grass next to a body of water,Giraffe,26,l7f0RspA_AE,828,Giraffe_ID_021,828,reference_images/Giraffe/l7f0RspA_AE.jpg,Animal,skipped,
Species_mp4/Giraffe/zTh8fu_hfV0_1.mp4,a giraffe walking through a forest through a doorway in a building,Giraffe,26,zTh8fu_hfV0_1,829,Giraffe_ID_022,829,reference_images/Giraffe/zTh8fu_hfV0_1.jpg,Animal,skipped,
Species_mp4/Giraffe/pk-vOfQNMuk_1.mp4,a giraffe eating leaves from a tree in a zoo enclosure,Giraffe,26,pk-vOfQNMuk_1,830,Giraffe_ID_023,830,reference_images/Giraffe/pk-vOfQNMuk_1.jpg,Animal,skipped,
Species_mp4/Giraffe/1g-Mn0t9XnQ.mp4,a giraffe standing in dirt area next to a wall,Giraffe,26,1g-Mn0t9XnQ,831,Giraffe_ID_024,831,reference_images/Giraffe/1g-Mn0t9XnQ.jpg,Animal,skipped,
Species_mp4/Giraffe/K27tYyabo7Y_1.mp4,a giraffe drinking water from a small pond in a field,Giraffe,26,K27tYyabo7Y_1,832,Giraffe_ID_025,832,reference_images/Giraffe/K27tYyabo7Y_1.jpg,Animal,skipped,
Species_mp4/Giraffe/K27tYyabo7Y_2.mp4,a giraffe drinking water from a small pond in a field,Giraffe,26,K27tYyabo7Y_2,832,Giraffe_ID_025,832,reference_images/Giraffe/K27tYyabo7Y_2.jpg,Animal,skipped,
Species_mp4/Giraffe/JMk9dPzEvxA_2.mp4,a giraffe standing next to a watering hole in the middle of a dirt field,Giraffe,26,JMk9dPzEvxA_2,833,Giraffe_ID_026,833,reference_images/Giraffe/JMk9dPzEvxA_2.jpg,Animal,skipped,
Species_mp4/Giraffe/-k-B4s7idPo.mp4,a giraffe and ostrich in a zoo enclosure with trees,Giraffe,26,-k-B4s7idPo,834,Giraffe_ID_027,834,reference_images/Giraffe/-k-B4s7idPo.jpg,Animal,skipped,
Species_mp4/Giraffe/gzVJkGkjDH4.mp4,a giraffe standing on a tree trunk reaching up to reach a bird,Giraffe,26,gzVJkGkjDH4,835,Giraffe_ID_028,835,reference_images/Giraffe/gzVJkGkjDH4.jpg,Animal,skipped,
Species_mp4/Giraffe/M6KXBmn5Fk0.mp4,a giraffe standing on a hill with a mountain in the background,Giraffe,26,M6KXBmn5Fk0,836,Giraffe_ID_029,836,reference_images/Giraffe/M6KXBmn5Fk0.jpg,Animal,skipped,
Species_mp4/Giraffe/p2O7JzHoGw0_3.mp4,a giraffe standing in a field with a mountain in the background,Giraffe,26,p2O7JzHoGw0_3,836,Giraffe_ID_029,836,reference_images/Giraffe/p2O7JzHoGw0_3.jpg,Animal,skipped,
Species_mp4/Giraffe/zTh8fu_hfV0_2.mp4,a giraffe standing in the shade of a yellow building in a forest,Giraffe,26,zTh8fu_hfV0_2,837,Giraffe_ID_030,837,reference_images/Giraffe/zTh8fu_hfV0_2.jpg,Animal,skipped,
Species_mp4/Giraffe/VuO1MawQTb0_2.mp4,a giraffe drinking water from a puddle in the middle of a field,Giraffe,26,VuO1MawQTb0_2,838,Giraffe_ID_031,838,reference_images/Giraffe/VuO1MawQTb0_2.jpg,Animal,skipped,
Species_mp4/Giraffe/VuO1MawQTb0_1.mp4,a giraffe drinking water from a pool of water in the wild,Giraffe,26,VuO1MawQTb0_1,838,Giraffe_ID_031,838,reference_images/Giraffe/VuO1MawQTb0_1.jpg,Animal,skipped,
Species_mp4/Giraffe/iIvy1om3EDU.mp4,a giraffe drinking water from a pond in a field,Giraffe,26,iIvy1om3EDU,839,Giraffe_ID_032,839,reference_images/Giraffe/iIvy1om3EDU.jpg,Animal,skipped,
Species_mp4/Giraffe/S92r4rMiF0c.mp4,a giraffe drinking water from a small pond in a desert,Giraffe,26,S92r4rMiF0c,840,Giraffe_ID_033,840,reference_images/Giraffe/S92r4rMiF0c.jpg,Animal,skipped,
Species_mp4/Giraffe/PvplMI_EWDU_2.mp4,a giraffe standing in a field with trees in the background,Giraffe,26,PvplMI_EWDU_2,841,Giraffe_ID_034,841,reference_images/Giraffe/PvplMI_EWDU_2.jpg,Animal,skipped,
Species_mp4/Giraffe/cndfNLwbV-s.mp4,a giraffe standing in a dirt area next to a building,Giraffe,26,cndfNLwbV-s,842,Giraffe_ID_035,842,reference_images/Giraffe/cndfNLwbV-s.jpg,Animal,skipped,
Species_mp4/Giraffe/R_7N9o5FAD8.mp4,a giraffe drinking water from a pond in a grassy field,Giraffe,26,R_7N9o5FAD8,843,Giraffe_ID_036,843,reference_images/Giraffe/R_7N9o5FAD8.jpg,Animal,skipped,
Species_mp4/Giraffe/SZCXK3TCHP0.mp4,a giraffe drinking water from a pool of water behind a fence,Giraffe,26,SZCXK3TCHP0,844,Giraffe_ID_037,844,reference_images/Giraffe/SZCXK3TCHP0.jpg,Animal,skipped,
Species_mp4/Giraffe/iub5oubd7PA.mp4,a giraffe with a long neck and a long neck,Giraffe,26,iub5oubd7PA,845,Giraffe_ID_038,845,reference_images/Giraffe/iub5oubd7PA.jpg,Animal,skipped,
Species_mp4/Giraffe/gJh0eCg4tow.mp4,a giraffe standing in a field next to a small pond,Giraffe,26,gJh0eCg4tow,846,Giraffe_ID_039,846,reference_images/Giraffe/gJh0eCg4tow.jpg,Animal,skipped,
Species_mp4/Giraffe/LXT9s-Nu7dU.mp4,a giraffe standing in a field with a sky background,Giraffe,26,LXT9s-Nu7dU,847,Giraffe_ID_040,847,reference_images/Giraffe/LXT9s-Nu7dU.jpg,Animal,skipped,
Species_mp4/Giraffe/xwHA9LOlaHs.mp4,a giraffe drinking water from a pond in a zoo enclosure,Giraffe,26,xwHA9LOlaHs,848,Giraffe_ID_041,848,reference_images/Giraffe/xwHA9LOlaHs.jpg,Animal,skipped,
Species_mp4/Giraffe/aoNaHukWIPI.mp4,a giraffe standing in front of a building with a man standing next to it,Giraffe,26,aoNaHukWIPI,849,Giraffe_ID_042,849,reference_images/Giraffe/aoNaHukWIPI.jpg,Animal,skipped,
Species_mp4/Giraffe/q2z4M8uXKm4.mp4,a giraffe standing in a room with a window and a chair,Giraffe,26,q2z4M8uXKm4,850,Giraffe_ID_043,850,reference_images/Giraffe/q2z4M8uXKm4.jpg,Animal,skipped,
Species_mp4/Goat/0hhbzq81HI4.mp4,a goat laying in the grass in a forest with lots of green plants,Goat,27,0hhbzq81HI4,851,Goat_ID_000,851,reference_images/Goat/0hhbzq81HI4.jpg,Animal,skipped,
Species_mp4/Goat/T-n4tKHwkIs.mp4,a goat standing in a field with a leash on its neck,Goat,27,T-n4tKHwkIs,852,Goat_ID_001,852,reference_images/Goat/T-n4tKHwkIs.jpg,Animal,skipped,
Species_mp4/Goat/S-RkQLtkS7M_2.mp4,a goat standing on the side of a road next to a fence,Goat,27,S-RkQLtkS7M_2,853,Goat_ID_002,853,reference_images/Goat/S-RkQLtkS7M_2.jpg,Animal,skipped,
Species_mp4/Goat/SiQQ-LVZdmk_2.mp4,a goat standing next to a tree near a body of water,Goat,27,SiQQ-LVZdmk_2,854,Goat_ID_003,854,reference_images/Goat/SiQQ-LVZdmk_2.jpg,Animal,skipped,
Species_mp4/Goat/7Qdo6Ll7cks.mp4,a goat eating grass in a field with a blue harness,Goat,27,7Qdo6Ll7cks,854,Goat_ID_003,854,reference_images/Goat/7Qdo6Ll7cks.jpg,Animal,skipped,
Species_mp4/Goat/W82o6w0mDEc.mp4,a goat with a long horn standing in a field of grass,Goat,27,W82o6w0mDEc,854,Goat_ID_003,854,reference_images/Goat/W82o6w0mDEc.jpg,Animal,skipped,
Species_mp4/Goat/JsTMAd6SzFM.mp4,a goat standing next to a wall eating grass in a dirt area,Goat,27,JsTMAd6SzFM,855,Goat_ID_004,855,reference_images/Goat/JsTMAd6SzFM.jpg,Animal,skipped,
Species_mp4/Goat/m261TEpIVmg.mp4,a goat grazing in a field of tall grass and weeds,Goat,27,m261TEpIVmg,856,Goat_ID_005,856,reference_images/Goat/m261TEpIVmg.jpg,Animal,skipped,
Species_mp4/Goat/QnZao6Enq20.mp4,a goat standing in a field next to a red barn,Goat,27,QnZao6Enq20,857,Goat_ID_006,857,reference_images/Goat/QnZao6Enq20.jpg,Animal,skipped,
Species_mp4/Goat/DMaN6C4mCjc.mp4,a goat eating from a bowl in a dirty area,Goat,27,DMaN6C4mCjc,857,Goat_ID_006,857,reference_images/Goat/DMaN6C4mCjc.jpg,Animal,skipped,
Species_mp4/Goat/fFqk6awst8U.mp4,a goat,Goat,27,fFqk6awst8U,857,Goat_ID_006,857,reference_images/Goat/fFqk6awst8U.jpg,Animal,skipped,
Species_mp4/Goat/1pb9fi3lyBI.mp4,a goat laying down on the ground eating from a bowl,Goat,27,1pb9fi3lyBI,857,Goat_ID_006,857,reference_images/Goat/1pb9fi3lyBI.jpg,Animal,skipped,
Species_mp4/Goat/gM9OpbPaMvc.mp4,a goat with white and brown hair grazing in a field,Goat,27,gM9OpbPaMvc,857,Goat_ID_006,857,reference_images/Goat/gM9OpbPaMvc.jpg,Animal,skipped,
Species_mp4/Goat/Kuh6dJDq7CQ.mp4,a goat drinking water from a trough in a dirt area,Goat,27,Kuh6dJDq7CQ,858,Goat_ID_007,858,reference_images/Goat/Kuh6dJDq7CQ.jpg,Animal,skipped,
Species_mp4/Goat/wmhoiImJZ_I.mp4,a goat standing on a rocky hill with a blue sky in the background,Goat,27,wmhoiImJZ_I,859,Goat_ID_008,859,reference_images/Goat/wmhoiImJZ_I.jpg,Animal,skipped,
Species_mp4/Goat/nRUYGSXwQ4Y.mp4,a goat drinking water from a metal bowl in a dirt area,Goat,27,nRUYGSXwQ4Y,860,Goat_ID_009,860,reference_images/Goat/nRUYGSXwQ4Y.jpg,Animal,skipped,
Species_mp4/Goat/i_rGK_kXjkE.mp4,a goat laying on the ground with its head on the ground,Goat,27,i_rGK_kXjkE,861,Goat_ID_010,861,reference_images/Goat/i_rGK_kXjkE.jpg,Animal,skipped,
Species_mp4/Goat/DnqCmMMAbiY.mp4,a goat eating grass in a field with a man standing behind it,Goat,27,DnqCmMMAbiY,862,Goat_ID_011,862,reference_images/Goat/DnqCmMMAbiY.jpg,Animal,skipped,
Species_mp4/Goat/tn_hA74OSBU.mp4,a goat drinking water from a faucet in a rocky area,Goat,27,tn_hA74OSBU,863,Goat_ID_012,863,reference_images/Goat/tn_hA74OSBU.jpg,Animal,skipped,
Species_mp4/Goat/StMwsep520k.mp4,a goat in a grassy field,Goat,27,StMwsep520k,864,Goat_ID_013,864,reference_images/Goat/StMwsep520k.jpg,Animal,skipped,
Species_mp4/Goat/4MJu_HT5MeU_1.mp4,a goat standing on a white pedestal drinking water from a green bowl,Goat,27,4MJu_HT5MeU_1,865,Goat_ID_014,865,reference_images/Goat/4MJu_HT5MeU_1.jpg,Animal,skipped,
Species_mp4/Goat/VBDDBVzk_lg.mp4,a goat standing on a wall next to a tree and a building,Goat,27,VBDDBVzk_lg,866,Goat_ID_015,866,reference_images/Goat/VBDDBVzk_lg.jpg,Animal,skipped,
Species_mp4/Goat/MAgoPW8qK3A.mp4,a goat drinking water from a faucet attached to a wall,Goat,27,MAgoPW8qK3A,867,Goat_ID_016,867,reference_images/Goat/MAgoPW8qK3A.jpg,Animal,skipped,
Species_mp4/Goat/qKn52cEPhVk.mp4,a goat is laying down by the water with its head in the water,Goat,27,qKn52cEPhVk,868,Goat_ID_017,868,reference_images/Goat/qKn52cEPhVk.jpg,Animal,skipped,
Species_mp4/Goat/xI2xCPo1c0k.mp4,a goat eating hay in a red basket in a pen,Goat,27,xI2xCPo1c0k,869,Goat_ID_018,869,reference_images/Goat/xI2xCPo1c0k.jpg,Animal,skipped,
Species_mp4/Goat/e7XD_T116oA.mp4,a goat eating grass from a blue bowl in a yard,Goat,27,e7XD_T116oA,870,Goat_ID_019,870,reference_images/Goat/e7XD_T116oA.jpg,Animal,skipped,
Species_mp4/Goat/_Q37KFxCJJk.mp4,a goat drinking water from a bucket outside of a building,Goat,27,_Q37KFxCJJk,871,Goat_ID_020,871,reference_images/Goat/_Q37KFxCJJk.jpg,Animal,skipped,
Species_mp4/Goat/1iCDGPZzTr4.mp4,a goat standing in a field of grass next to a rock,Goat,27,1iCDGPZzTr4,872,Goat_ID_021,872,reference_images/Goat/1iCDGPZzTr4.jpg,Animal,skipped,
Species_mp4/Goat/NMkIrrMXQq0.mp4,a goat is drinking water from a puddle in a parking lot,Goat,27,NMkIrrMXQq0,873,Goat_ID_022,873,reference_images/Goat/NMkIrrMXQq0.jpg,Animal,skipped,
Species_mp4/Goat/WoQLDhLGHSQ.mp4,a goat laying down on the floor with its head on a table,Goat,27,WoQLDhLGHSQ,874,Goat_ID_023,874,reference_images/Goat/WoQLDhLGHSQ.jpg,Animal,skipped,
Species_mp4/Goat/qRmYy9SgiiQ.mp4,a goat standing under a train on a track with a hose,Goat,27,qRmYy9SgiiQ,875,Goat_ID_024,875,reference_images/Goat/qRmYy9SgiiQ.jpg,Animal,skipped,
Species_mp4/Goat/49IMC64N4-k.mp4,a goat is sniffing a bunch of green leaves on the sidewalk,Goat,27,49IMC64N4-k,876,Goat_ID_025,876,reference_images/Goat/49IMC64N4-k.jpg,Animal,skipped,
Species_mp4/Goat/aIDzQLKq9Ys_2.mp4,a goat is walking up a steep hill with a house in the background,Goat,27,aIDzQLKq9Ys_2,877,Goat_ID_026,877,reference_images/Goat/aIDzQLKq9Ys_2.jpg,Animal,skipped,
Species_mp4/Goat/qnCz6-PywNw.mp4,a goat standing in a field of grass and weeds,Goat,27,qnCz6-PywNw,878,Goat_ID_027,878,reference_images/Goat/qnCz6-PywNw.jpg,Animal,skipped,
Species_mp4/Goat/p-ahN5gWtmY.mp4,a goat eating a banana from a bowl in a field,Goat,27,p-ahN5gWtmY,879,Goat_ID_028,879,reference_images/Goat/p-ahN5gWtmY.jpg,Animal,skipped,
Species_mp4/Goat/wHD83sE4sq0_2.mp4,a goat standing next to a tree in a forest looking up,Goat,27,wHD83sE4sq0_2,880,Goat_ID_029,880,reference_images/Goat/wHD83sE4sq0_2.jpg,Animal,skipped,
Species_mp4/Goat/_yDZNLczPGc.mp4,a goat is drinking from a bucket outside on the sidewalk,Goat,27,_yDZNLczPGc,881,Goat_ID_030,881,reference_images/Goat/_yDZNLczPGc.jpg,Animal,skipped,
Species_mp4/Goat/vwpUFc3_eX0.mp4,a goat standing on a hill in the woods near a tree,Goat,27,vwpUFc3_eX0,882,Goat_ID_031,882,reference_images/Goat/vwpUFc3_eX0.jpg,Animal,skipped,
Species_mp4/Goat/Jf_Zg7p2oDU.mp4,a goat standing in a dirt field next to a building,Goat,27,Jf_Zg7p2oDU,883,Goat_ID_032,883,reference_images/Goat/Jf_Zg7p2oDU.jpg,Animal,skipped,
Species_mp4/Goat/cKyI_TAP_Uk.mp4,a goat is eating grass in a field with its tongue out,Goat,27,cKyI_TAP_Uk,884,Goat_ID_033,884,reference_images/Goat/cKyI_TAP_Uk.jpg,Animal,skipped,
Species_mp4/Goat/1BjNxdmHQcw.mp4,a goat is drinking water from a water fountain in a zoo,Goat,27,1BjNxdmHQcw,885,Goat_ID_034,885,reference_images/Goat/1BjNxdmHQcw.jpg,Animal,skipped,
Species_mp4/Goat/1aplPypnXDk_2.mp4,a goat laying on a wooden floor with its head on a table,Goat,27,1aplPypnXDk_2,886,Goat_ID_035,886,reference_images/Goat/1aplPypnXDk_2.jpg,Animal,skipped,
Species_mp4/Goat/CFxTReZ-V2s.mp4,a goat standing on a pile of garbage next to a tree,Goat,27,CFxTReZ-V2s,887,Goat_ID_036,887,reference_images/Goat/CFxTReZ-V2s.jpg,Animal,skipped,
Species_mp4/Goat/rNlDHbUyvA4.mp4,a goat eating a piece of food from a wooden table,Goat,27,rNlDHbUyvA4,888,Goat_ID_037,888,reference_images/Goat/rNlDHbUyvA4.jpg,Animal,skipped,
Species_mp4/Goat/_JJv8ztOByA.mp4,a goat standing in front of a bus with its head on the door,Goat,27,_JJv8ztOByA,889,Goat_ID_038,889,reference_images/Goat/_JJv8ztOByA.jpg,Animal,skipped,
Species_mp4/Goat/XhgpFhFKrWw.mp4,a goat standing on a rocky cliff eating grass on a mountain,Goat,27,XhgpFhFKrWw,890,Goat_ID_039,890,reference_images/Goat/XhgpFhFKrWw.jpg,Animal,skipped,
Species_mp4/Sheep/KKZw3NmKTiY.mp4,a sheep drinking water from a pond with its head in the water,Sheep,69,KKZw3NmKTiY,1530,Sheep_ID_000,1530,reference_images/Sheep/KKZw3NmKTiY.jpg,Animal,skipped,
Species_mp4/Sheep/zvXSYhXKEI0.mp4,a sheep standing in a dirt field next to a bush,Sheep,69,zvXSYhXKEI0,1531,Sheep_ID_001,1531,reference_images/Sheep/zvXSYhXKEI0.jpg,Animal,skipped,
Species_mp4/Sheep/NV9-y0UBoKw.mp4,a sheep grazing in a field behind a fenced in area,Sheep,69,NV9-y0UBoKw,1532,Sheep_ID_002,1532,reference_images/Sheep/NV9-y0UBoKw.jpg,Animal,skipped,
Species_mp4/Sheep/IfmPmHEAxc4.mp4,a sheep with a black and white face laying down on the ground,Sheep,69,IfmPmHEAxc4,1533,Sheep_ID_003,1533,reference_images/Sheep/IfmPmHEAxc4.jpg,Animal,skipped,
Species_mp4/Sheep/I_pkmqVUNPE.mp4,a sheep standing in a field of grass next to a fence,Sheep,69,I_pkmqVUNPE,1534,Sheep_ID_004,1534,reference_images/Sheep/I_pkmqVUNPE.jpg,Animal,skipped,
Species_mp4/Sheep/5Y9VGHuzxQs.mp4,a sheep is eating grass in a field with a caption,Sheep,69,5Y9VGHuzxQs,1535,Sheep_ID_005,1535,reference_images/Sheep/5Y9VGHuzxQs.jpg,Animal,skipped,
Species_mp4/Sheep/KFbsK5Fi7Eo.mp4,a sheep with large horns standing on a rocky hillside,Sheep,69,KFbsK5Fi7Eo,1536,Sheep_ID_006,1536,reference_images/Sheep/KFbsK5Fi7Eo.jpg,Animal,skipped,
Species_mp4/Sheep/0KG855dWMXU.mp4,a sheep grazing in a field with a person in the background,Sheep,69,0KG855dWMXU,1537,Sheep_ID_007,1537,reference_images/Sheep/0KG855dWMXU.jpg,Animal,skipped,
Species_mp4/Sheep/1T6Nph_ZsG8.mp4,a sheep laying in a field of grass next to a fence,Sheep,69,1T6Nph_ZsG8,1538,Sheep_ID_008,1538,reference_images/Sheep/1T6Nph_ZsG8.jpg,Animal,skipped,
Species_mp4/Sheep/PCCgxH-ExRk.mp4,a sheep standing in the grass with its head down,Sheep,69,PCCgxH-ExRk,1539,Sheep_ID_009,1539,reference_images/Sheep/PCCgxH-ExRk.jpg,Animal,skipped,
Species_mp4/Sheep/30P1bFyemrk.mp4,a sheep standing in the shade of a tree in a forest,Sheep,69,30P1bFyemrk,1540,Sheep_ID_010,1540,reference_images/Sheep/30P1bFyemrk.jpg,Animal,skipped,
Species_mp4/Sheep/NMvNKyNdd8I.mp4,a sheep with a blanket on its head standing in a pen,Sheep,69,NMvNKyNdd8I,1541,Sheep_ID_011,1541,reference_images/Sheep/NMvNKyNdd8I.jpg,Animal,skipped,
Species_mp4/Sheep/N_Ic0_DqWt0.mp4,a sheep standing in a field next to a wooden structure,Sheep,69,N_Ic0_DqWt0,1542,Sheep_ID_012,1542,reference_images/Sheep/N_Ic0_DqWt0.jpg,Animal,skipped,
Species_mp4/Sheep/TNkA7IDiQJk.mp4,a sheep grazing in a field with a stone wall in the background,Sheep,69,TNkA7IDiQJk,1543,Sheep_ID_013,1543,reference_images/Sheep/TNkA7IDiQJk.jpg,Animal,skipped,
Species_mp4/Sheep/KXD2DssMVVY.mp4,a sheep with a long wool coat grazing in a field,Sheep,69,KXD2DssMVVY,1544,Sheep_ID_014,1544,reference_images/Sheep/KXD2DssMVVY.jpg,Animal,skipped,
Species_mp4/Sheep/X6z8Fyy5V40.mp4,a sheep with a long wool coat grazing in a field,Sheep,69,X6z8Fyy5V40,1545,Sheep_ID_015,1545,reference_images/Sheep/X6z8Fyy5V40.jpg,Animal,skipped,
Species_mp4/Sheep/MK96bVQlFaM.mp4,a sheep grazing in a grassy field with trees in the background,Sheep,69,MK96bVQlFaM,1546,Sheep_ID_016,1546,reference_images/Sheep/MK96bVQlFaM.jpg,Animal,skipped,
Species_mp4/Sheep/UIl3jDBLpuY.mp4,a sheep standing in a pool of water next to a fence,Sheep,69,UIl3jDBLpuY,1547,Sheep_ID_017,1547,reference_images/Sheep/UIl3jDBLpuY.jpg,Animal,skipped,
Species_mp4/Sheep/Z06CF6sFvYw.mp4,a sheep grazing in a field next to a tree on a sunny day,Sheep,69,Z06CF6sFvYw,1548,Sheep_ID_018,1548,reference_images/Sheep/Z06CF6sFvYw.jpg,Animal,skipped,
Species_mp4/Armadillo/PMQ-nZj1mOU.mp4,an armadillop in a hay pile with a face on it,Armadillo,3,PMQ-nZj1mOU,19,Armadillo_ID_000,19,reference_images/Armadillo/PMQ-nZj1mOU.jpg,Animal,skipped,
Species_mp4/Armadillo/1Jb-ZMWpFA4.mp4,an armadillo in the middle of a forest with lots of trees,Armadillo,3,1Jb-ZMWpFA4,20,Armadillo_ID_001,20,reference_images/Armadillo/1Jb-ZMWpFA4.jpg,Animal,skipped,
Species_mp4/Armadillo/0yeKFIj5R5E.mp4,an armadillo walking through a field of tall grass,Armadillo,3,0yeKFIj5R5E,21,Armadillo_ID_002,21,reference_images/Armadillo/0yeKFIj5R5E.jpg,Animal,skipped,
Species_mp4/Armadillo/P2A5RjQaPPw.mp4,an armadillo is standing in the grass and looking at the camera,Armadillo,3,P2A5RjQaPPw,21,Armadillo_ID_002,21,reference_images/Armadillo/P2A5RjQaPPw.jpg,Animal,skipped,
Species_mp4/Armadillo/1NcnNFRZmgw.mp4,an armadillop in the woods at night with a camera,Armadillo,3,1NcnNFRZmgw,22,Armadillo_ID_003,22,reference_images/Armadillo/1NcnNFRZmgw.jpg,Animal,skipped,
Species_mp4/Armadillo/Vd-xeK5C2UU.mp4,an armadillops in the sand at the zoo with a large beak,Armadillo,3,Vd-xeK5C2UU,23,Armadillo_ID_004,23,reference_images/Armadillo/Vd-xeK5C2UU.jpg,Animal,skipped,
Species_mp4/Alpaca/nVGGa21Wpcc_1.mp4,an alpaca grazing in a fenced in area with a quote,Alpaca,1,nVGGa21Wpcc_1,1,Alpaca_ID_000,1,reference_images/Alpaca/nVGGa21Wpcc_1.jpg,Animal,skipped,
Species_mp4/Alpaca/1bUw9i-Tuyk.mp4,an alpaca standing in the snow with a yellow sign over it,Alpaca,1,1bUw9i-Tuyk,2,Alpaca_ID_001,2,reference_images/Alpaca/1bUw9i-Tuyk.jpg,Animal,skipped,
Species_mp4/Alpaca/U00ddDKfIoc.mp4,an alpaca standing in the snow in a fenced in area,Alpaca,1,U00ddDKfIoc,2,Alpaca_ID_001,2,reference_images/Alpaca/U00ddDKfIoc.jpg,Animal,skipped,
Species_mp4/Alpaca/BOYygY95TwE.mp4,an alpaca standing in the snow in a fenced in area,Alpaca,1,BOYygY95TwE,2,Alpaca_ID_001,2,reference_images/Alpaca/BOYygY95TwE.jpg,Animal,skipped,
Species_mp4/Alpaca/uQTd61WqsE0.mp4,an alpaca grazing in a snowy field with a fence in the background,Alpaca,1,uQTd61WqsE0,2,Alpaca_ID_001,2,reference_images/Alpaca/uQTd61WqsE0.jpg,Animal,skipped,
Species_mp4/Alpaca/jc4K_S8VVlE.mp4,an alpaca standing in the snow in a fenced in area,Alpaca,1,jc4K_S8VVlE,2,Alpaca_ID_001,2,reference_images/Alpaca/jc4K_S8VVlE.jpg,Animal,skipped,
Species_mp4/Alpaca/Ne-ScuyScNU.mp4,an alpaca standing in the snow in a fenced in area,Alpaca,1,Ne-ScuyScNU,2,Alpaca_ID_001,2,reference_images/Alpaca/Ne-ScuyScNU.jpg,Animal,skipped,
Species_mp4/Alpaca/kdBfnUEz5LU.mp4,an alpaca standing in the snow in a fenced in area,Alpaca,1,kdBfnUEz5LU,2,Alpaca_ID_001,2,reference_images/Alpaca/kdBfnUEz5LU.jpg,Animal,skipped,
Species_mp4/Alpaca/9ZYQu2ZPBEI.mp4,an alpaca grazing in a snowy field with a fence in the background,Alpaca,1,9ZYQu2ZPBEI,2,Alpaca_ID_001,2,reference_images/Alpaca/9ZYQu2ZPBEI.jpg,Animal,skipped,
Species_mp4/Alpaca/0GRCUndAaQM.mp4,an alpaca grazing in a snowy field with trees in the background,Alpaca,1,0GRCUndAaQM,2,Alpaca_ID_001,2,reference_images/Alpaca/0GRCUndAaQM.jpg,Animal,skipped,
Species_mp4/Alpaca/gW9-wDD0ds0.mp4,an alpaca standing in the snow in a fenced in area,Alpaca,1,gW9-wDD0ds0,2,Alpaca_ID_001,2,reference_images/Alpaca/gW9-wDD0ds0.jpg,Animal,skipped,
Species_mp4/Alpaca/zkcZ3ivCqLo.mp4,an alpaca eating grass in a snowy field with a fence,Alpaca,1,zkcZ3ivCqLo,2,Alpaca_ID_001,2,reference_images/Alpaca/zkcZ3ivCqLo.jpg,Animal,skipped,
Species_mp4/Alpaca/85O3kywPD-M.mp4,an alpaca standing in a snowy field with trees in the background,Alpaca,1,85O3kywPD-M,2,Alpaca_ID_001,2,reference_images/Alpaca/85O3kywPD-M.jpg,Animal,skipped,
Species_mp4/Alpaca/5Q3AMYwrN7A.mp4,an alpaca grazing in a snowy pasture with a barn in the background,Alpaca,1,5Q3AMYwrN7A,2,Alpaca_ID_001,2,reference_images/Alpaca/5Q3AMYwrN7A.jpg,Animal,skipped,
Species_mp4/Alpaca/aT8jmWoH4I8.mp4,an alpaca grazing in a snowy field with a fence in the background,Alpaca,1,aT8jmWoH4I8,2,Alpaca_ID_001,2,reference_images/Alpaca/aT8jmWoH4I8.jpg,Animal,skipped,
Species_mp4/Alpaca/bKu9AIWGNPg.mp4,an alpaca eating grass in a snowy field with a barn in the background,Alpaca,1,bKu9AIWGNPg,2,Alpaca_ID_001,2,reference_images/Alpaca/bKu9AIWGNPg.jpg,Animal,skipped,
Species_mp4/Alpaca/m7MT5pkhxAw.mp4,an alpaca standing in the snow with a text over it,Alpaca,1,m7MT5pkhxAw,2,Alpaca_ID_001,2,reference_images/Alpaca/m7MT5pkhxAw.jpg,Animal,skipped,
Species_mp4/Alpaca/qT7a1rPejZA.mp4,an alpaca standing in the snow in a fenced in area,Alpaca,1,qT7a1rPejZA,2,Alpaca_ID_001,2,reference_images/Alpaca/qT7a1rPejZA.jpg,Animal,skipped,
Species_mp4/Alpaca/ZIQRJcq5GKo.mp4,an alpaca grazing in a snowy field with purple trees,Alpaca,1,ZIQRJcq5GKo,2,Alpaca_ID_001,2,reference_images/Alpaca/ZIQRJcq5GKo.jpg,Animal,skipped,
Species_mp4/Alpaca/ys1svvv352k.mp4,an alpaca standing in the snow in a fenced in area,Alpaca,1,ys1svvv352k,2,Alpaca_ID_001,2,reference_images/Alpaca/ys1svvv352k.jpg,Animal,skipped,
Species_mp4/Alpaca/pK3HYi9yqRk.mp4,an alpaca standing in a snowy field with a fence,Alpaca,1,pK3HYi9yqRk,2,Alpaca_ID_001,2,reference_images/Alpaca/pK3HYi9yqRk.jpg,Animal,skipped,
Species_mp4/Alpaca/0dp5JJGbcyQ.mp4,an alpaca eating grass in a snowy field next to a fence,Alpaca,1,0dp5JJGbcyQ,2,Alpaca_ID_001,2,reference_images/Alpaca/0dp5JJGbcyQ.jpg,Animal,skipped,
Species_mp4/Alpaca/TTvnwr75lT8.mp4,an alpaca grazing in a snowy field with a fence,Alpaca,1,TTvnwr75lT8,2,Alpaca_ID_001,2,reference_images/Alpaca/TTvnwr75lT8.jpg,Animal,skipped,
Species_mp4/Alpaca/A9Dxx5UOhas.mp4,an alpaca standing in the snow in a fenced in area,Alpaca,1,A9Dxx5UOhas,2,Alpaca_ID_001,2,reference_images/Alpaca/A9Dxx5UOhas.jpg,Animal,skipped,
Species_mp4/Llama/AdMp6BRdAZc.mp4,a llama in a pen with a wooden fence and a mountain in the background,Llama,43,AdMp6BRdAZc,1200,Llama_ID_000,1200,reference_images/Llama/AdMp6BRdAZc.jpg,Animal,skipped,
Species_mp4/Alpaca/lPSQH34m5Bs.mp4,an alpaca standing in a field of grass next to a forest,Alpaca,1,lPSQH34m5Bs,3,Alpaca_ID_002,3,reference_images/Alpaca/lPSQH34m5Bs.jpg,Animal,skipped,
Species_mp4/Llama/bVpnaDL9zfo.mp4,a llama standing in dirt area next to a red barn,Llama,43,bVpnaDL9zfo,1201,Llama_ID_001,1201,reference_images/Llama/bVpnaDL9zfo.jpg,Animal,skipped,
Species_mp4/Alpaca/X4KXqy-Xn3k_2.mp4,an alpaca walking in a pen with a blue fence,Alpaca,1,X4KXqy-Xn3k_2,4,Alpaca_ID_003,4,reference_images/Alpaca/X4KXqy-Xn3k_2.jpg,Animal,skipped,
Species_mp4/Alpaca/bZIyQ20W8BU.mp4,an alpaca standing in a field with trees in the background,Alpaca,1,bZIyQ20W8BU,5,Alpaca_ID_004,5,reference_images/Alpaca/bZIyQ20W8BU.jpg,Animal,skipped,
Species_mp4/Alpaca/eOaFXIDCRMY.mp4,an alpaca laying on the ground in a pen,Alpaca,1,eOaFXIDCRMY,5,Alpaca_ID_004,5,reference_images/Alpaca/eOaFXIDCRMY.jpg,Animal,skipped,
Species_mp4/Alpaca/cI95kdCYB5A.mp4,an alpaca laying in the grass with its head on a sheep,Alpaca,1,cI95kdCYB5A,5,Alpaca_ID_004,5,reference_images/Alpaca/cI95kdCYB5A.jpg,Animal,skipped,
Species_mp4/Alpaca/kBYqTaVte0o.mp4,an alpaca grazing in a field with a sprinkler in the background,Alpaca,1,kBYqTaVte0o,5,Alpaca_ID_004,5,reference_images/Alpaca/kBYqTaVte0o.jpg,Animal,skipped,
Species_mp4/Llama/rG57bxcJf5M.mp4,a llama standing in a field of grass with a fence in the background,Llama,43,rG57bxcJf5M,1202,Llama_ID_002,1202,reference_images/Llama/rG57bxcJf5M.jpg,Animal,skipped,
Species_mp4/Llama/MlAwKP0j0Lk.mp4,a llama walking in a fenced in area next to a metal fence,Llama,43,MlAwKP0j0Lk,1203,Llama_ID_003,1203,reference_images/Llama/MlAwKP0j0Lk.jpg,Animal,skipped,
Species_mp4/Alpaca/iRJ7vOdK0m8.mp4,an alpaca standing in a field next to a fence,Alpaca,1,iRJ7vOdK0m8,6,Alpaca_ID_005,6,reference_images/Alpaca/iRJ7vOdK0m8.jpg,Animal,skipped,
Species_mp4/Alpaca/pkblDkZlYBY.mp4,an alpaca walking in the grass with a leash,Alpaca,1,pkblDkZlYBY,7,Alpaca_ID_006,7,reference_images/Alpaca/pkblDkZlYBY.jpg,Animal,skipped,
Species_mp4/Alpaca/la3A12hi7m0.mp4,an alpaca laying in hay next to a wooden wall,Alpaca,1,la3A12hi7m0,8,Alpaca_ID_007,8,reference_images/Alpaca/la3A12hi7m0.jpg,Animal,skipped,
Species_mp4/Llama/OkJOiW2x2x0.mp4,a llama standing on a brick walkway next to a rock wall,Llama,43,OkJOiW2x2x0,1204,Llama_ID_004,1204,reference_images/Llama/OkJOiW2x2x0.jpg,Animal,skipped,
Species_mp4/Alpaca/oFuwQQoDfcQ.mp4,an alpaca laying on the ground with a baby lamb in the grass,Alpaca,1,oFuwQQoDfcQ,9,Alpaca_ID_008,9,reference_images/Alpaca/oFuwQQoDfcQ.jpg,Animal,skipped,
Species_mp4/Alpaca/No6bBmiLbg8.mp4,an alpaca laying in a pile of hay in a zoo,Alpaca,1,No6bBmiLbg8,10,Alpaca_ID_009,10,reference_images/Alpaca/No6bBmiLbg8.jpg,Animal,skipped,
Species_mp4/Alpaca/AggwXC27bTo_1.mp4,an alpaca sitting in the grass with its head up,Alpaca,1,AggwXC27bTo_1,11,Alpaca_ID_010,11,reference_images/Alpaca/AggwXC27bTo_1.jpg,Animal,skipped,
Species_mp4/Alpaca/-RJ9-XKigJ4.mp4,an alpaca with a shaggy haircut standing in a field,Alpaca,1,-RJ9-XKigJ4,12,Alpaca_ID_011,12,reference_images/Alpaca/-RJ9-XKigJ4.jpg,Animal,skipped,
Species_mp4/Llama/YaAANX2pSW4.mp4,a llama reaching for a piece of food on a rock,Llama,43,YaAANX2pSW4,1205,Llama_ID_005,1205,reference_images/Llama/YaAANX2pSW4.jpg,Animal,skipped,
Species_mp4/Llama/iLWTZQ_bXwY.mp4,a llama eating grass in front of a mountain with a valley in the background,Llama,43,iLWTZQ_bXwY,1206,Llama_ID_006,1206,reference_images/Llama/iLWTZQ_bXwY.jpg,Animal,skipped,
Species_mp4/Llama/6t0WvWR9KbQ.mp4,a llama standing in a field next to a small house,Llama,43,6t0WvWR9KbQ,1207,Llama_ID_007,1207,reference_images/Llama/6t0WvWR9KbQ.jpg,Animal,skipped,
Species_mp4/Alpaca/9XojOuBBpjs.mp4,an alpaca cat eating grass in a field with a dog,Alpaca,1,9XojOuBBpjs,13,Alpaca_ID_012,13,reference_images/Alpaca/9XojOuBBpjs.jpg,Animal,skipped,
Species_mp4/Alpaca/r-6H90Om7GQ.mp4,an alpaca laying on its back in the grass with its head down,Alpaca,1,r-6H90Om7GQ,14,Alpaca_ID_013,14,reference_images/Alpaca/r-6H90Om7GQ.jpg,Animal,skipped,
Species_mp4/Alpaca/8I_Unw37Bww.mp4,an alpaca grazing in a field with a fence in the background,Alpaca,1,8I_Unw37Bww,15,Alpaca_ID_014,15,reference_images/Alpaca/8I_Unw37Bww.jpg,Animal,skipped,
Species_mp4/Llama/hoSS09gXQNA.mp4,a llama eating grass in a field with a fence in the background,Llama,43,hoSS09gXQNA,1208,Llama_ID_008,1208,reference_images/Llama/hoSS09gXQNA.jpg,Animal,skipped,
Species_mp4/Camel/s8ydPZEhP58.mp4,a camel laying in the sand with its head up in the air,Camel,10,s8ydPZEhP58,160,Camel_ID_000,160,reference_images/Camel/s8ydPZEhP58.jpg,Animal,skipped,
Species_mp4/Camel/weo7heHUCM4.mp4,a camel standing in front of a boat on a beach,Camel,10,weo7heHUCM4,161,Camel_ID_001,161,reference_images/Camel/weo7heHUCM4.jpg,Animal,skipped,
Species_mp4/Camel/Ad-CrZ5Z6gU.mp4,a camel standing in a fenced in area with a tree,Camel,10,Ad-CrZ5Z6gU,162,Camel_ID_002,162,reference_images/Camel/Ad-CrZ5Z6gU.jpg,Animal,skipped,
Species_mp4/Camel/qjZHF-b0upg.mp4,a camel with a long horn grazing on grass in a fenced area,Camel,10,qjZHF-b0upg,163,Camel_ID_003,163,reference_images/Camel/qjZHF-b0upg.jpg,Animal,skipped,
Species_mp4/Camel/aAefbwUWku4.mp4,a camel laying on the sand in the shade of the sun,Camel,10,aAefbwUWku4,164,Camel_ID_004,164,reference_images/Camel/aAefbwUWku4.jpg,Animal,skipped,
Species_mp4/Camel/2FmJBuK05pk.mp4,a camel is standing in a courtyard with a bag on its back,Camel,10,2FmJBuK05pk,165,Camel_ID_005,165,reference_images/Camel/2FmJBuK05pk.jpg,Animal,skipped,
Species_mp4/Camel/haV-mUQcnIw.mp4,a camel standing in a field with a cactus plant in the foreground,Camel,10,haV-mUQcnIw,166,Camel_ID_006,166,reference_images/Camel/haV-mUQcnIw.jpg,Animal,skipped,
Species_mp4/Camel/pOyR4hOvQTY.mp4,a camel standing next to a truck with a load of grass on it ' s back,Camel,10,pOyR4hOvQTY,167,Camel_ID_007,167,reference_images/Camel/pOyR4hOvQTY.jpg,Animal,skipped,
Species_mp4/Camel/Jbc2rbE5ko4_2.mp4,a camel standing on a hill with a tree in the background,Camel,10,Jbc2rbE5ko4_2,168,Camel_ID_008,168,reference_images/Camel/Jbc2rbE5ko4_2.jpg,Animal,skipped,
Species_mp4/Camel/Jbc2rbE5ko4_1.mp4,a camel standing on a hill with trees and bushes in the background,Camel,10,Jbc2rbE5ko4_1,168,Camel_ID_008,168,reference_images/Camel/Jbc2rbE5ko4_1.jpg,Animal,skipped,
Species_mp4/Camel/caeLGDLyXHk.mp4,a camel standing on a dirt road next to a bush,Camel,10,caeLGDLyXHk,168,Camel_ID_008,168,reference_images/Camel/caeLGDLyXHk.jpg,Animal,skipped,
Species_mp4/Camel/oMvs37sBzg4.mp4,a camel eating a cactus plant in a desert area,Camel,10,oMvs37sBzg4,169,Camel_ID_009,169,reference_images/Camel/oMvs37sBzg4.jpg,Animal,skipped,
Species_mp4/Camel/TmSyAs2Kp5Y.mp4,a camel standing in the dirt near a tree and a hill,Camel,10,TmSyAs2Kp5Y,170,Camel_ID_010,170,reference_images/Camel/TmSyAs2Kp5Y.jpg,Animal,skipped,
Species_mp4/Camel/tGMLzlOAHHg.mp4,a camel standing in the middle of a field with trees,Camel,10,tGMLzlOAHHg,171,Camel_ID_011,171,reference_images/Camel/tGMLzlOAHHg.jpg,Animal,skipped,
Species_mp4/Camel/fMgyF9gLgfw.mp4,a camel with a red harness is laying down in the sand,Camel,10,fMgyF9gLgfw,172,Camel_ID_012,172,reference_images/Camel/fMgyF9gLgfw.jpg,Animal,skipped,
Species_mp4/Camel/MEp45qVRRwg.mp4,a camel standing in the middle of a desert with a sky background,Camel,10,MEp45qVRRwg,173,Camel_ID_013,173,reference_images/Camel/MEp45qVRRwg.jpg,Animal,skipped,
Species_mp4/Camel/C2LpXq7Mwzk.mp4,a camel eating grass in a zoo enclosure with a bucket of water,Camel,10,C2LpXq7Mwzk,174,Camel_ID_014,174,reference_images/Camel/C2LpXq7Mwzk.jpg,Animal,skipped,
Species_mp4/Camel/QIlonTnzOj0.mp4,a camel laying down on the ground eating grass in the dirt,Camel,10,QIlonTnzOj0,175,Camel_ID_015,175,reference_images/Camel/QIlonTnzOj0.jpg,Animal,skipped,
Species_mp4/Camel/w80ZlG1QC_Q.mp4,a camel standing in a kitchen with a red bowl in front of it,Camel,10,w80ZlG1QC_Q,176,Camel_ID_016,176,reference_images/Camel/w80ZlG1QC_Q.jpg,Animal,skipped,
Species_mp4/Camel/z6xkYlOQWq0.mp4,a camel statue in a park with palm trees and a fountain,Camel,10,z6xkYlOQWq0,177,Camel_ID_017,177,reference_images/Camel/z6xkYlOQWq0.jpg,Animal,skipped,
Species_mp4/Camel/iZgfcH9pzFQ.mp4,a camel eating grass in a fenced in area next to a building,Camel,10,iZgfcH9pzFQ,178,Camel_ID_018,178,reference_images/Camel/iZgfcH9pzFQ.jpg,Animal,skipped,
Species_mp4/Camel/ObMPZ0E6Nxc_3.mp4,a camel drinking water from a trough in the desert,Camel,10,ObMPZ0E6Nxc_3,179,Camel_ID_019,179,reference_images/Camel/ObMPZ0E6Nxc_3.jpg,Animal,skipped,
Species_mp4/Camel/LuMV9VOehXw_1.mp4,a camel with a saddle and a saddle on it ' s back,Camel,10,LuMV9VOehXw_1,180,Camel_ID_020,180,reference_images/Camel/LuMV9VOehXw_1.jpg,Animal,skipped,
Species_mp4/Camel/-R9gzx7Y6KM.mp4,a camel eating grass in a dirty area with a building in the background,Camel,10,-R9gzx7Y6KM,181,Camel_ID_021,181,reference_images/Camel/-R9gzx7Y6KM.jpg,Animal,skipped,
Species_mp4/Camel/8igHiDCXkXg.mp4,a camel walking in a field with a person standing nearby,Camel,10,8igHiDCXkXg,182,Camel_ID_022,182,reference_images/Camel/8igHiDCXkXg.jpg,Animal,skipped,
Species_mp4/Camel/jrY32TXEWxo.mp4,a camel laying on the ground eating grass in a zoo,Camel,10,jrY32TXEWxo,183,Camel_ID_023,183,reference_images/Camel/jrY32TXEWxo.jpg,Animal,skipped,
Species_mp4/Camel/9UfOuubDV3Q_2.mp4,a camel drinking water from a trough in a zoo enclosure,Camel,10,9UfOuubDV3Q_2,184,Camel_ID_024,184,reference_images/Camel/9UfOuubDV3Q_2.jpg,Animal,skipped,
Species_mp4/Camel/DRRk-KgZ8eE.mp4,a camel standing in a dirt area next to a fence,Camel,10,DRRk-KgZ8eE,185,Camel_ID_025,185,reference_images/Camel/DRRk-KgZ8eE.jpg,Animal,skipped,
Species_mp4/Camel/jn0HA0FmDGE.mp4,a camel standing in a desert with a tree in the background,Camel,10,jn0HA0FmDGE,186,Camel_ID_026,186,reference_images/Camel/jn0HA0FmDGE.jpg,Animal,skipped,
Species_mp4/Camel/mRMZ94fuvfU_2.mp4,a camel standing in the middle of a field with trees in the background,Camel,10,mRMZ94fuvfU_2,187,Camel_ID_027,187,reference_images/Camel/mRMZ94fuvfU_2.jpg,Animal,skipped,
Species_mp4/Camel/tmhk6YaDh1s.mp4,a camel standing in a field with tall grass and trees,Camel,10,tmhk6YaDh1s,188,Camel_ID_028,188,reference_images/Camel/tmhk6YaDh1s.jpg,Animal,skipped,
Species_mp4/Camel/vr3FmkF6QJU.mp4,a camel drinking water from a small pond in the desert,Camel,10,vr3FmkF6QJU,189,Camel_ID_029,189,reference_images/Camel/vr3FmkF6QJU.jpg,Animal,skipped,
Species_mp4/Camel/UyTA3TMiIIg.mp4,a camel standing next to a baby camel in a dirt field,Camel,10,UyTA3TMiIIg,190,Camel_ID_030,190,reference_images/Camel/UyTA3TMiIIg.jpg,Animal,skipped,
Species_mp4/Camel/SDWFLMjfCL8.mp4,a camel drinking water from a trough in a desert area,Camel,10,SDWFLMjfCL8,191,Camel_ID_031,191,reference_images/Camel/SDWFLMjfCL8.jpg,Animal,skipped,
Species_mp4/Camel/zXiR-QP0ju8.mp4,a camel with a very large nose and a very long nose,Camel,10,zXiR-QP0ju8,192,Camel_ID_032,192,reference_images/Camel/zXiR-QP0ju8.jpg,Animal,skipped,
Species_mp4/Camel/-E_WqVh3C1o.mp4,a camel with a saddle standing in a field next to a tree,Camel,10,-E_WqVh3C1o,193,Camel_ID_033,193,reference_images/Camel/-E_WqVh3C1o.jpg,Animal,skipped,
Species_mp4/Camel/pfC4RWBjqPE.mp4,a camel standing in a field with trees and bushes in the background,Camel,10,pfC4RWBjqPE,194,Camel_ID_034,194,reference_images/Camel/pfC4RWBjqPE.jpg,Animal,skipped,
Species_mp4/Sloth/ZI6yUPpqbeo_2.mp4,a sloth - faced monkey sitting in a tree with its mouth open,Sloth,70,ZI6yUPpqbeo_2,1549,Sloth_ID_000,1549,reference_images/Sloth/ZI6yUPpqbeo_2.jpg,Animal,skipped,
Species_mp4/Sloth/Z7r8C3k95fU.mp4,a sloth - faced sloth hanging from a tree in a forest,Sloth,70,Z7r8C3k95fU,1549,Sloth_ID_000,1549,reference_images/Sloth/Z7r8C3k95fU.jpg,Animal,skipped,
Species_mp4/Sloth/sqzbjQ68e0Y.mp4,a sloth - necked sloth is chewing on a stick,Sloth,70,sqzbjQ68e0Y,1549,Sloth_ID_000,1549,reference_images/Sloth/sqzbjQ68e0Y.jpg,Animal,skipped,
Species_mp4/Sloth/Fq5wyrZdDPY.mp4,a sloth - eyed dog chewing on a brush with a blurry background,Sloth,70,Fq5wyrZdDPY,1549,Sloth_ID_000,1549,reference_images/Sloth/Fq5wyrZdDPY.jpg,Animal,skipped,
Species_mp4/Sloth/A-Vbk8tpa7k.mp4,a sloth hanging upside down from a tree branch in a zoo,Sloth,70,A-Vbk8tpa7k,1549,Sloth_ID_000,1549,reference_images/Sloth/A-Vbk8tpa7k.jpg,Animal,skipped,
Species_mp4/Sloth/_IUeMQ5rkYg.mp4,a sloth - faced monkey laying on its back in a zoo enclosure,Sloth,70,_IUeMQ5rkYg,1549,Sloth_ID_000,1549,reference_images/Sloth/_IUeMQ5rkYg.jpg,Animal,skipped,
Species_mp4/Sloth/knfV9scYUIs.mp4,a sloth - faced monkey hanging from a tree branch in the jungle,Sloth,70,knfV9scYUIs,1549,Sloth_ID_000,1549,reference_images/Sloth/knfV9scYUIs.jpg,Animal,skipped,
Species_mp4/Sloth/Pl5_l0omWHw.mp4,a sloth - faced sloth is sitting in a tree with leaves,Sloth,70,Pl5_l0omWHw,1549,Sloth_ID_000,1549,reference_images/Sloth/Pl5_l0omWHw.jpg,Animal,skipped,
Species_mp4/Sloth/UvmsFfAko7U.mp4,a sloth bear is curled up and sleeping on a tree branch,Sloth,70,UvmsFfAko7U,1549,Sloth_ID_000,1549,reference_images/Sloth/UvmsFfAko7U.jpg,Animal,skipped,
Species_mp4/Sloth/VfeNMDzc8p8_1.mp4,a sloth is chewing on a red ball in its mouth,Sloth,70,VfeNMDzc8p8_1,1549,Sloth_ID_000,1549,reference_images/Sloth/VfeNMDzc8p8_1.jpg,Animal,skipped,
Species_mp4/Sloth/ZI6yUPpqbeo_1.mp4,a sloth - faced monkey hanging from a tree branch in the jungle,Sloth,70,ZI6yUPpqbeo_1,1549,Sloth_ID_000,1549,reference_images/Sloth/ZI6yUPpqbeo_1.jpg,Animal,skipped,
Species_mp4/Sloth/ALQC4VT6OTk.mp4,a sloth eating a banana while laying on a bed,Sloth,70,ALQC4VT6OTk,1550,Sloth_ID_001,1550,reference_images/Sloth/ALQC4VT6OTk.jpg,Animal,skipped,
Species_mp4/Sloth/UTAwA1FkJAU.mp4,a sloth monkey laying on a bed with a cake in its mouth,Sloth,70,UTAwA1FkJAU,1551,Sloth_ID_002,1551,reference_images/Sloth/UTAwA1FkJAU.jpg,Animal,skipped,
Species_mp4/Sloth/vz0vA2ZC_Q0.mp4,a sloth eyed man with a toothbrush in his mouth,Sloth,70,vz0vA2ZC_Q0,1552,Sloth_ID_003,1552,reference_images/Sloth/vz0vA2ZC_Q0.jpg,Animal,skipped,
Species_mp4/Sloth/YfggxAtRnTw.mp4,a sloth bear eating broccoli while laying on a blanket,Sloth,70,YfggxAtRnTw,1553,Sloth_ID_004,1553,reference_images/Sloth/YfggxAtRnTw.jpg,Animal,skipped,
Species_mp4/Civet/pUEE5Li4n9o_1.mp4,a civeted cat walking on a rock in the water,Civet,16,pUEE5Li4n9o_1,241,Civet_ID_000,241,reference_images/Civet/pUEE5Li4n9o_1.jpg,Animal,skipped,
Species_mp4/Civet/Tzq38DUQLco.mp4,a civeted animal in a cave with a black background,Civet,16,Tzq38DUQLco,241,Civet_ID_000,241,reference_images/Civet/Tzq38DUQLco.jpg,Animal,skipped,
Species_mp4/Civet/pUEE5Li4n9o_2.mp4,a civeted giraffe walking in water next to a rock wall,Civet,16,pUEE5Li4n9o_2,241,Civet_ID_000,241,reference_images/Civet/pUEE5Li4n9o_2.jpg,Animal,skipped,
Species_mp4/Civet/ANx9nvK-pRE_2.mp4,a civether eating grass in the dark on the ground,Civet,16,ANx9nvK-pRE_2,242,Civet_ID_001,242,reference_images/Civet/ANx9nvK-pRE_2.jpg,Animal,skipped,
Species_mp4/Civet/vLTw8AV2Nu8.mp4,a civeted hyenna walking through a grassy field,Civet,16,vLTw8AV2Nu8,243,Civet_ID_002,243,reference_images/Civet/vLTw8AV2Nu8.jpg,Animal,skipped,
Species_mp4/Civet/3GKslak0XEQ.mp4,a civeted animal in a cage eating something out of a bowl,Civet,16,3GKslak0XEQ,244,Civet_ID_003,244,reference_images/Civet/3GKslak0XEQ.jpg,Animal,skipped,
Species_mp4/Civet/a1BxdPh0zRQ.mp4,a civeted bear in a cage with a pink umbrella,Civet,16,a1BxdPh0zRQ,245,Civet_ID_004,245,reference_images/Civet/a1BxdPh0zRQ.jpg,Animal,skipped,
Species_mp4/Civet/ANx9nvK-pRE_1.mp4,a civeted lizard in the dirt near a bush of grass,Civet,16,ANx9nvK-pRE_1,246,Civet_ID_005,246,reference_images/Civet/ANx9nvK-pRE_1.jpg,Animal,skipped,
Species_mp4/Civet/baaGcQ4GC5w_2.mp4,a civeted animal standing in a patch of grass next to a bird,Civet,16,baaGcQ4GC5w_2,247,Civet_ID_006,247,reference_images/Civet/baaGcQ4GC5w_2.jpg,Animal,skipped,
Species_mp4/Civet/2XPfO6UoiTM.mp4,a civeted black cat sitting in the grass looking at something,Civet,16,2XPfO6UoiTM,248,Civet_ID_007,248,reference_images/Civet/2XPfO6UoiTM.jpg,Animal,skipped,
Species_mp4/Civet/pyx8FaQYTQk.mp4,a civether looking up at a tree in a fenced in area,Civet,16,pyx8FaQYTQk,249,Civet_ID_008,249,reference_images/Civet/pyx8FaQYTQk.jpg,Animal,skipped,
Species_mp4/Civet/rfFpZysgPzA.mp4,a civether eating a dead animal in a plastic container,Civet,16,rfFpZysgPzA,250,Civet_ID_009,250,reference_images/Civet/rfFpZysgPzA.jpg,Animal,skipped,
Species_mp4/Civet/baaGcQ4GC5w_1.mp4,a civeted cat walking through a lush green field with a stick in its mouth,Civet,16,baaGcQ4GC5w_1,251,Civet_ID_010,251,reference_images/Civet/baaGcQ4GC5w_1.jpg,Animal,skipped,
Species_mp4/Civet/sSDXBpeHSDs.mp4,a civeted animal climbing up a tree in a tree,Civet,16,sSDXBpeHSDs,252,Civet_ID_011,252,reference_images/Civet/sSDXBpeHSDs.jpg,Animal,skipped,
Species_mp4/Gorilla/M1K9JQVwB7E_1.mp4,a gorilla is sitting on a box in a zoo enclosure,Gorilla,28,M1K9JQVwB7E_1,891,Gorilla_ID_000,891,reference_images/Gorilla/M1K9JQVwB7E_1.jpg,Animal,skipped,
Species_mp4/Gibbon/r6tweeYSpO4.mp4,a gibbon sitting on the ground with its paws on a persons hand,Gibbon,25,r6tweeYSpO4,794,Gibbon_ID_000,794,reference_images/Gibbon/r6tweeYSpO4.jpg,Animal,skipped,
Species_mp4/Gibbon/-Llz8_IrLfU.mp4,a gibbon sitting in a cage with its mouth open,Gibbon,25,-Llz8_IrLfU,794,Gibbon_ID_000,794,reference_images/Gibbon/-Llz8_IrLfU.jpg,Animal,skipped,
Species_mp4/Gibbon/-tpOC2WBEg8.mp4,a gibbon holding a piece of food in its mouth,Gibbon,25,-tpOC2WBEg8,794,Gibbon_ID_000,794,reference_images/Gibbon/-tpOC2WBEg8.jpg,Animal,skipped,
Species_mp4/Gibbon/-pxWLHOCmA4.mp4,a gibbon sitting on a table with its hands in its mouth,Gibbon,25,-pxWLHOCmA4,794,Gibbon_ID_000,794,reference_images/Gibbon/-pxWLHOCmA4.jpg,Animal,skipped,
Species_mp4/Gibbon/-zXOZA3tm54.mp4,a gibbon standing on a fence in a zoo enclosure,Gibbon,25,-zXOZA3tm54,794,Gibbon_ID_000,794,reference_images/Gibbon/-zXOZA3tm54.jpg,Animal,skipped,
Species_mp4/Gibbon/ijkCe7mbAKA.mp4,a gibbon sitting in the grass with its head on its paws,Gibbon,25,ijkCe7mbAKA,795,Gibbon_ID_001,795,reference_images/Gibbon/ijkCe7mbAKA.jpg,Animal,skipped,
Species_mp4/Gibbon/Yxm7GQrG9iY.mp4,a gibbon sitting on a tree branch with a branch in the background,Gibbon,25,Yxm7GQrG9iY,796,Gibbon_ID_002,796,reference_images/Gibbon/Yxm7GQrG9iY.jpg,Animal,skipped,
Species_mp4/Gorilla/CW_KPBFKGkE.mp4,a gorilla sitting on the ground in a zoo enclosure,Gorilla,28,CW_KPBFKGkE,892,Gorilla_ID_001,892,reference_images/Gorilla/CW_KPBFKGkE.jpg,Animal,skipped,
Species_mp4/Orangutan/nA9dmNiK2Yw.mp4,an orangutan sitting on a wooden platform in a zoo,Orangutan,56,nA9dmNiK2Yw,1322,Orangutan_ID_000,1322,reference_images/Orangutan/nA9dmNiK2Yw.jpg,Animal,skipped,
Species_mp4/Orangutan/HOowSsFO9Vg.mp4,an orangutan sitting in the grass in front of a brick building,Orangutan,56,HOowSsFO9Vg,1322,Orangutan_ID_000,1322,reference_images/Orangutan/HOowSsFO9Vg.jpg,Animal,skipped,
Species_mp4/Chimpanzee/CQaXAJRsZug.mp4,a chimpanzee eating a piece of food in the grass,Chimpanzee,14,CQaXAJRsZug,230,Chimpanzee_ID_000,230,reference_images/Chimpanzee/CQaXAJRsZug.jpg,Animal,skipped,
Species_mp4/Gorilla/4nf76z2b3ZI.mp4,a gorilla walking on a dirt path through a lush green field,Gorilla,28,4nf76z2b3ZI,893,Gorilla_ID_002,893,reference_images/Gorilla/4nf76z2b3ZI.jpg,Animal,skipped,
Species_mp4/Gorilla/tsvnxbTVKFM.mp4,a gorilla is walking on a grassy hill near a tree,Gorilla,28,tsvnxbTVKFM,894,Gorilla_ID_003,894,reference_images/Gorilla/tsvnxbTVKFM.jpg,Animal,skipped,
Species_mp4/Gorilla/dd_FuSTC_F4.mp4,a gorilla sitting in the grass next to a small pond,Gorilla,28,dd_FuSTC_F4,895,Gorilla_ID_004,895,reference_images/Gorilla/dd_FuSTC_F4.jpg,Animal,skipped,
Species_mp4/Gibbon/eoQmgmaSmZ0.mp4,a gibbon sitting on a tree branch in a zoo enclosure,Gibbon,25,eoQmgmaSmZ0,797,Gibbon_ID_003,797,reference_images/Gibbon/eoQmgmaSmZ0.jpg,Animal,skipped,
Species_mp4/Gorilla/5HFVWCY01OU.mp4,a gorilla eating a banana in a zoo enclosure with hay,Gorilla,28,5HFVWCY01OU,896,Gorilla_ID_005,896,reference_images/Gorilla/5HFVWCY01OU.jpg,Animal,skipped,
Species_mp4/Gibbon/P4-S_7ujn9k.mp4,a gibbon sitting on a wooden post reaching for something,Gibbon,25,P4-S_7ujn9k,798,Gibbon_ID_004,798,reference_images/Gibbon/P4-S_7ujn9k.jpg,Animal,skipped,
Species_mp4/Orangutan/jgmI2Zg7t2E.mp4,an orangutan with a long hair sitting on a window sill,Orangutan,56,jgmI2Zg7t2E,1323,Orangutan_ID_001,1323,reference_images/Orangutan/jgmI2Zg7t2E.jpg,Animal,skipped,
Species_mp4/Gorilla/oUh6suyEmdg.mp4,a gorilla walking on a sidewalk next to a glass door,Gorilla,28,oUh6suyEmdg,897,Gorilla_ID_006,897,reference_images/Gorilla/oUh6suyEmdg.jpg,Animal,skipped,
Species_mp4/Gorilla/ugyOTzJXYsU.mp4,a gorilla sitting on the ground next to a woman in a hat,Gorilla,28,ugyOTzJXYsU,898,Gorilla_ID_007,898,reference_images/Gorilla/ugyOTzJXYsU.jpg,Animal,skipped,
Species_mp4/Gorilla/F_wwq48Asvw.mp4,a gorilla standing on its hind legs in a grassy area,Gorilla,28,F_wwq48Asvw,898,Gorilla_ID_007,898,reference_images/Gorilla/F_wwq48Asvw.jpg,Animal,skipped,
Species_mp4/Gorilla/u9EgGSdDK_s.mp4,a gorilla rolling around in the grass in the jungle,Gorilla,28,u9EgGSdDK_s,898,Gorilla_ID_007,898,reference_images/Gorilla/u9EgGSdDK_s.jpg,Animal,skipped,
Species_mp4/Gorilla/8f7vR_5xTWk.mp4,a gorilla sitting on a rock in a zoo enclosure,Gorilla,28,8f7vR_5xTWk,898,Gorilla_ID_007,898,reference_images/Gorilla/8f7vR_5xTWk.jpg,Animal,skipped,
Species_mp4/Gorilla/6OnOrp4gcwQ.mp4,a gorilla sitting in the grass with its head turned to the side,Gorilla,28,6OnOrp4gcwQ,898,Gorilla_ID_007,898,reference_images/Gorilla/6OnOrp4gcwQ.jpg,Animal,skipped,
Species_mp4/Gorilla/yLG066rJuOU.mp4,a gorilla sitting on the ground with its head on a piece of grass,Gorilla,28,yLG066rJuOU,898,Gorilla_ID_007,898,reference_images/Gorilla/yLG066rJuOU.jpg,Animal,skipped,
Species_mp4/Gorilla/G1Zj5pB3xk8.mp4,a gorilla sitting on a rock in a zoo enclosure,Gorilla,28,G1Zj5pB3xk8,898,Gorilla_ID_007,898,reference_images/Gorilla/G1Zj5pB3xk8.jpg,Animal,skipped,
Species_mp4/Gorilla/d5GYbYg4sGI_2.mp4,a gorilla sitting on a rock in a forest eating grass,Gorilla,28,d5GYbYg4sGI_2,898,Gorilla_ID_007,898,reference_images/Gorilla/d5GYbYg4sGI_2.jpg,Animal,skipped,
Species_mp4/Gorilla/WP-qEz2xrnM.mp4,a gorilla sitting on the ground with its head on its back,Gorilla,28,WP-qEz2xrnM,898,Gorilla_ID_007,898,reference_images/Gorilla/WP-qEz2xrnM.jpg,Animal,skipped,
Species_mp4/Gorilla/LRdV9xFUoEc.mp4,a gorilla standing on a dirt ground with a piece of food in its mouth,Gorilla,28,LRdV9xFUoEc,898,Gorilla_ID_007,898,reference_images/Gorilla/LRdV9xFUoEc.jpg,Animal,skipped,
Species_mp4/Gorilla/Ht_kf2bzXz4.mp4,a gorilla with a very large head and a very long neck,Gorilla,28,Ht_kf2bzXz4,898,Gorilla_ID_007,898,reference_images/Gorilla/Ht_kf2bzXz4.jpg,Animal,skipped,
Species_mp4/Gorilla/x4gjt9cTjJY.mp4,a gorilla sitting on a rock eating a piece of fruit,Gorilla,28,x4gjt9cTjJY,898,Gorilla_ID_007,898,reference_images/Gorilla/x4gjt9cTjJY.jpg,Animal,skipped,
Species_mp4/Gorilla/U8IQY0QBIWc.mp4,a gorilla laying on the ground eating a piece of grass,Gorilla,28,U8IQY0QBIWc,898,Gorilla_ID_007,898,reference_images/Gorilla/U8IQY0QBIWc.jpg,Animal,skipped,
Species_mp4/Gorilla/-HzrIGG6Y2M_1.mp4,a gorilla holding a branch in its hand and eating it,Gorilla,28,-HzrIGG6Y2M_1,898,Gorilla_ID_007,898,reference_images/Gorilla/-HzrIGG6Y2M_1.jpg,Animal,skipped,
Species_mp4/Gorilla/ADh7w0U4cWg.mp4,a gorilla sitting in the grass eating bamboo sticks,Gorilla,28,ADh7w0U4cWg,898,Gorilla_ID_007,898,reference_images/Gorilla/ADh7w0U4cWg.jpg,Animal,skipped,
Species_mp4/Gorilla/CvqipS2k1I4.mp4,a gorilla standing on its hind legs in a zoo enclosure,Gorilla,28,CvqipS2k1I4,898,Gorilla_ID_007,898,reference_images/Gorilla/CvqipS2k1I4.jpg,Animal,skipped,
Species_mp4/Gorilla/5vhSwpgUtYw.mp4,a gorilla with a red eye and a black tail,Gorilla,28,5vhSwpgUtYw,898,Gorilla_ID_007,898,reference_images/Gorilla/5vhSwpgUtYw.jpg,Animal,skipped,
Species_mp4/Gorilla/uVz8wm_UFgs_1.mp4,a gorilla standing in a field with a yellow sign in front of it,Gorilla,28,uVz8wm_UFgs_1,898,Gorilla_ID_007,898,reference_images/Gorilla/uVz8wm_UFgs_1.jpg,Animal,skipped,
Species_mp4/Gorilla/6Rt9broHzlU.mp4,a gorilla laying down in a pile of hay next to a wall,Gorilla,28,6Rt9broHzlU,898,Gorilla_ID_007,898,reference_images/Gorilla/6Rt9broHzlU.jpg,Animal,skipped,
Species_mp4/Gorilla/EeZ_fowUz1I.mp4,a gorilla sitting on a rock in a zoo enclosure,Gorilla,28,EeZ_fowUz1I,898,Gorilla_ID_007,898,reference_images/Gorilla/EeZ_fowUz1I.jpg,Animal,skipped,
Species_mp4/Gorilla/Erg6e5FJnDk.mp4,a gorilla in the jungle looking at something in the distance,Gorilla,28,Erg6e5FJnDk,898,Gorilla_ID_007,898,reference_images/Gorilla/Erg6e5FJnDk.jpg,Animal,skipped,
Species_mp4/Chimpanzee/Fi5CRCphFIE.mp4,a chimpanzee sitting on a rock in a zoo enclosure,Chimpanzee,14,Fi5CRCphFIE,231,Chimpanzee_ID_001,231,reference_images/Chimpanzee/Fi5CRCphFIE.jpg,Animal,skipped,
Species_mp4/Gorilla/M1K9JQVwB7E_4.mp4,a gorilla is eating a piece of food on a cardboard,Gorilla,28,M1K9JQVwB7E_4,899,Gorilla_ID_008,899,reference_images/Gorilla/M1K9JQVwB7E_4.jpg,Animal,skipped,
Species_mp4/Orangutan/0PZh8A50HEA.mp4,an orangutan hanging from a tree branch with a waterfall coming out of it,Orangutan,56,0PZh8A50HEA,1324,Orangutan_ID_002,1324,reference_images/Orangutan/0PZh8A50HEA.jpg,Animal,skipped,
Species_mp4/Orangutan/m4WyLYCnAgw.mp4,an orangutan hanging from a tree in the jungle,Orangutan,56,m4WyLYCnAgw,1324,Orangutan_ID_002,1324,reference_images/Orangutan/m4WyLYCnAgw.jpg,Animal,skipped,
Species_mp4/Gorilla/CEt8G-SAn0o_1.mp4,a gorilla sitting on a rock eating a piece of fruit,Gorilla,28,CEt8G-SAn0o_1,900,Gorilla_ID_009,900,reference_images/Gorilla/CEt8G-SAn0o_1.jpg,Animal,skipped,
Species_mp4/Gorilla/c8U_fzTUiBk.mp4,a gorilla eating broccoli in a zoo enclosure with a wooden fence,Gorilla,28,c8U_fzTUiBk,901,Gorilla_ID_010,901,reference_images/Gorilla/c8U_fzTUiBk.jpg,Animal,skipped,
Species_mp4/Orangutan/g7nhtvMTIMw.mp4,an orangutan sitting on a bench eating a bunch of bananas,Orangutan,56,g7nhtvMTIMw,1325,Orangutan_ID_003,1325,reference_images/Orangutan/g7nhtvMTIMw.jpg,Animal,skipped,
Species_mp4/Orangutan/xlRuLhFV6Bk.mp4,an orangutan drinking water from a stream in a grassy area,Orangutan,56,xlRuLhFV6Bk,1325,Orangutan_ID_003,1325,reference_images/Orangutan/xlRuLhFV6Bk.jpg,Animal,skipped,
Species_mp4/Orangutan/ilNQM8HODWU.mp4,an orangutan sitting in the mud eating a stick,Orangutan,56,ilNQM8HODWU,1325,Orangutan_ID_003,1325,reference_images/Orangutan/ilNQM8HODWU.jpg,Animal,skipped,
Species_mp4/Chimpanzee/UAc3mHehA2U_2.mp4,a chimpanzee cat walking up a set of stairs in a zoo,Chimpanzee,14,UAc3mHehA2U_2,232,Chimpanzee_ID_002,232,reference_images/Chimpanzee/UAc3mHehA2U_2.jpg,Animal,skipped,
Species_mp4/Gorilla/F98a7KhESLg.mp4,a gorilla is playing with a ball in a zoo enclosure,Gorilla,28,F98a7KhESLg,902,Gorilla_ID_011,902,reference_images/Gorilla/F98a7KhESLg.jpg,Animal,skipped,
Species_mp4/Gorilla/xvEe9qEJJdk.mp4,a gorilla sitting on a rock in a zoo enclosure,Gorilla,28,xvEe9qEJJdk,903,Gorilla_ID_012,903,reference_images/Gorilla/xvEe9qEJJdk.jpg,Animal,skipped,
Species_mp4/Gorilla/RI1EWx-nGVc.mp4,a gorilla standing on a rock in the grass with its arms out,Gorilla,28,RI1EWx-nGVc,904,Gorilla_ID_013,904,reference_images/Gorilla/RI1EWx-nGVc.jpg,Animal,skipped,
Species_mp4/Gorilla/xgXRo9O9weA_3.mp4,a gorilla in a zoo enclosure with a rock and a green door,Gorilla,28,xgXRo9O9weA_3,905,Gorilla_ID_014,905,reference_images/Gorilla/xgXRo9O9weA_3.jpg,Animal,skipped,
Species_mp4/Gorilla/xgXRo9O9weA_2.mp4,a gorilla sitting on a rock with a stick in its mouth,Gorilla,28,xgXRo9O9weA_2,905,Gorilla_ID_014,905,reference_images/Gorilla/xgXRo9O9weA_2.jpg,Animal,skipped,
Species_mp4/Gorilla/iv2WoLX4YjY.mp4,a gorilla sitting on a tree branch in a zoo enclosure,Gorilla,28,iv2WoLX4YjY,906,Gorilla_ID_015,906,reference_images/Gorilla/iv2WoLX4YjY.jpg,Animal,skipped,
Species_mp4/Gibbon/PwYJo3jTlBw.mp4,a gibbon sitting in the grass with its paws on its chest,Gibbon,25,PwYJo3jTlBw,799,Gibbon_ID_005,799,reference_images/Gibbon/PwYJo3jTlBw.jpg,Animal,skipped,
Species_mp4/Gorilla/cGME0iaCqUs.mp4,a gorilla sitting on a rock in a zoo enclosure,Gorilla,28,cGME0iaCqUs,907,Gorilla_ID_016,907,reference_images/Gorilla/cGME0iaCqUs.jpg,Animal,skipped,
Species_mp4/Gorilla/Nt5LfXeTxw4.mp4,a gorilla sitting on a rock in a zoo enclosure,Gorilla,28,Nt5LfXeTxw4,908,Gorilla_ID_017,908,reference_images/Gorilla/Nt5LfXeTxw4.jpg,Animal,skipped,
Species_mp4/Chimpanzee/kQdVisdgcDA.mp4,a chimpanzee bear eating hay in a cage at a zoo,Chimpanzee,14,kQdVisdgcDA,233,Chimpanzee_ID_003,233,reference_images/Chimpanzee/kQdVisdgcDA.jpg,Animal,skipped,
Species_mp4/Gibbon/_BChttiSPmA.mp4,a gibbon hanging from a chain link fence eating a piece of fruit,Gibbon,25,_BChttiSPmA,800,Gibbon_ID_006,800,reference_images/Gibbon/_BChttiSPmA.jpg,Animal,skipped,
Species_mp4/Orangutan/uBAUdqmq2RY_2.mp4,an orangutan in a zoo enclosure with rocks and plants,Orangutan,56,uBAUdqmq2RY_2,1326,Orangutan_ID_004,1326,reference_images/Orangutan/uBAUdqmq2RY_2.jpg,Animal,skipped,
Species_mp4/Gorilla/oD97Jp3OUzk.mp4,a gorilla sitting on a tree branch in a forest,Gorilla,28,oD97Jp3OUzk,909,Gorilla_ID_018,909,reference_images/Gorilla/oD97Jp3OUzk.jpg,Animal,skipped,
Species_mp4/Gorilla/K8iHGORwbHs.mp4,a gorilla sitting on the ground with a text bubble above it,Gorilla,28,K8iHGORwbHs,910,Gorilla_ID_019,910,reference_images/Gorilla/K8iHGORwbHs.jpg,Animal,skipped,
Species_mp4/Orangutan/anKqYUT05kU.mp4,an orangutan sitting on a rock in a zoo enclosure,Orangutan,56,anKqYUT05kU,1327,Orangutan_ID_005,1327,reference_images/Orangutan/anKqYUT05kU.jpg,Animal,skipped,
Species_mp4/Chimpanzee/d2fjyCKiTrQ.mp4,a chimpanzee sitting in the jungle eating a banana,Chimpanzee,14,d2fjyCKiTrQ,234,Chimpanzee_ID_004,234,reference_images/Chimpanzee/d2fjyCKiTrQ.jpg,Animal,skipped,
Species_mp4/Chimpanzee/8uBGcckJDkA.mp4,a chimpanzee sitting on a tree branch in a grassy area,Chimpanzee,14,8uBGcckJDkA,235,Chimpanzee_ID_005,235,reference_images/Chimpanzee/8uBGcckJDkA.jpg,Animal,skipped,
Species_mp4/Chimpanzee/76C4V0aEGA8_1.mp4,a chimpanzee sitting on a rock in a grassy area,Chimpanzee,14,76C4V0aEGA8_1,235,Chimpanzee_ID_005,235,reference_images/Chimpanzee/76C4V0aEGA8_1.jpg,Animal,skipped,
Species_mp4/Gibbon/gYlcxfsgi6o_3.mp4,a gibbon hanging from a tree branch with a banana in its mouth,Gibbon,25,gYlcxfsgi6o_3,801,Gibbon_ID_007,801,reference_images/Gibbon/gYlcxfsgi6o_3.jpg,Animal,skipped,
Species_mp4/Gibbon/tMjQfmv7hhk.mp4,a gibbon sitting in a tree eating a piece of fruit,Gibbon,25,tMjQfmv7hhk,802,Gibbon_ID_008,802,reference_images/Gibbon/tMjQfmv7hhk.jpg,Animal,skipped,
Species_mp4/Gorilla/xgXRo9O9weA_1.mp4,a gorilla in a zoo enclosure with a rock wall and a fence,Gorilla,28,xgXRo9O9weA_1,911,Gorilla_ID_020,911,reference_images/Gorilla/xgXRo9O9weA_1.jpg,Animal,skipped,
Species_mp4/Gibbon/lbQbKf0V5D4.mp4,a gibbon sitting on a log in the woods with a bear nearby,Gibbon,25,lbQbKf0V5D4,803,Gibbon_ID_009,803,reference_images/Gibbon/lbQbKf0V5D4.jpg,Animal,skipped,
Species_mp4/Gibbon/gYlcxfsgi6o_1.mp4,a gibbon sitting in a tree with a bird on its back,Gibbon,25,gYlcxfsgi6o_1,804,Gibbon_ID_010,804,reference_images/Gibbon/gYlcxfsgi6o_1.jpg,Animal,skipped,
Species_mp4/Gibbon/gOxMJur7HgE.mp4,a gibbon sitting in a tree with a bird on its back,Gibbon,25,gOxMJur7HgE,804,Gibbon_ID_010,804,reference_images/Gibbon/gOxMJur7HgE.jpg,Animal,skipped,
Species_mp4/Gibbon/UHP6yzjgmJY_1.mp4,a gibbon hanging upside down from a tree branch in a zoo,Gibbon,25,UHP6yzjgmJY_1,805,Gibbon_ID_011,805,reference_images/Gibbon/UHP6yzjgmJY_1.jpg,Animal,skipped,
Species_mp4/Gorilla/su-mPhe3Pec.mp4,a gorilla standing on a wooden platform with its paw on a tree stump,Gorilla,28,su-mPhe3Pec,912,Gorilla_ID_021,912,reference_images/Gorilla/su-mPhe3Pec.jpg,Animal,skipped,
Species_mp4/Gorilla/ZlJBIdhVtg0.mp4,a gorilla laying on its back in a zoo enclosure,Gorilla,28,ZlJBIdhVtg0,913,Gorilla_ID_022,913,reference_images/Gorilla/ZlJBIdhVtg0.jpg,Animal,skipped,
Species_mp4/Chimpanzee/05VXH0acNwA.mp4,a chimpanzee cat laying on the ground in the grass,Chimpanzee,14,05VXH0acNwA,236,Chimpanzee_ID_006,236,reference_images/Chimpanzee/05VXH0acNwA.jpg,Animal,skipped,
Species_mp4/Gibbon/gYlcxfsgi6o_2.mp4,a gibbon hanging from a tree branch in a forest,Gibbon,25,gYlcxfsgi6o_2,806,Gibbon_ID_012,806,reference_images/Gibbon/gYlcxfsgi6o_2.jpg,Animal,skipped,
Species_mp4/Gorilla/6KNjgYwoyvE_2.mp4,a gorilla sitting on a wooden bench in a zoo enclosure,Gorilla,28,6KNjgYwoyvE_2,914,Gorilla_ID_023,914,reference_images/Gorilla/6KNjgYwoyvE_2.jpg,Animal,skipped,
Species_mp4/Gorilla/CEt8G-SAn0o_2.mp4,a gorilla eating a piece of fruit in a tree trunk,Gorilla,28,CEt8G-SAn0o_2,915,Gorilla_ID_024,915,reference_images/Gorilla/CEt8G-SAn0o_2.jpg,Animal,skipped,
Species_mp4/Gorilla/MAXIP1IiODU.mp4,a gorilla sitting on the ground eating grass in a zoo enclosure,Gorilla,28,MAXIP1IiODU,916,Gorilla_ID_025,916,reference_images/Gorilla/MAXIP1IiODU.jpg,Animal,skipped,
Species_mp4/Gorilla/PsPAgZxXBmU_2.mp4,a gorilla sitting on a rock in a grassy area,Gorilla,28,PsPAgZxXBmU_2,917,Gorilla_ID_026,917,reference_images/Gorilla/PsPAgZxXBmU_2.jpg,Animal,skipped,
Species_mp4/Orangutan/ZUI1EjDWeUk.mp4,an orangutan eating a banana on a wooden bench,Orangutan,56,ZUI1EjDWeUk,1328,Orangutan_ID_006,1328,reference_images/Orangutan/ZUI1EjDWeUk.jpg,Animal,skipped,
Species_mp4/Gorilla/0oivuGpEqME.mp4,a gorilla sitting on a tree branch in a forest,Gorilla,28,0oivuGpEqME,918,Gorilla_ID_027,918,reference_images/Gorilla/0oivuGpEqME.jpg,Animal,skipped,
Species_mp4/Orangutan/b695f-Zntss.mp4,an orangutan laying in the grass in a park,Orangutan,56,b695f-Zntss,1329,Orangutan_ID_007,1329,reference_images/Orangutan/b695f-Zntss.jpg,Animal,skipped,
Species_mp4/Hyena/OKfDAGGRAQA.mp4,a hyena drinking water at night in a field,Hyena,34,OKfDAGGRAQA,1052,Hyena_ID_000,1052,reference_images/Hyena/OKfDAGGRAQA.jpg,Animal,skipped,
Species_mp4/Hyena/XipB513hke4.mp4,a hyena laying on a rock in a field,Hyena,34,XipB513hke4,1053,Hyena_ID_001,1053,reference_images/Hyena/XipB513hke4.jpg,Animal,skipped,
Species_mp4/Hyena/qO5_qeeaVAw.mp4,a hyena laying in the woods with trees and bushes,Hyena,34,qO5_qeeaVAw,1054,Hyena_ID_002,1054,reference_images/Hyena/qO5_qeeaVAw.jpg,Animal,skipped,
Species_mp4/Hyena/M4OfdOdi71Y.mp4,a hyena dog laying on a rug with its paw on a toy,Hyena,34,M4OfdOdi71Y,1055,Hyena_ID_003,1055,reference_images/Hyena/M4OfdOdi71Y.jpg,Animal,skipped,
Species_mp4/Hyena/knzzN1ooa8g.mp4,a hyena rolling around in the dirt with its head on its back,Hyena,34,knzzN1ooa8g,1056,Hyena_ID_004,1056,reference_images/Hyena/knzzN1ooa8g.jpg,Animal,skipped,
Species_mp4/Hyena/yuTRO0d_vZ0.mp4,a hyena in a cage with its mouth open and its tongue out,Hyena,34,yuTRO0d_vZ0,1057,Hyena_ID_005,1057,reference_images/Hyena/yuTRO0d_vZ0.jpg,Animal,skipped,
Species_mp4/Hyena/t1t1j9GqSFE.mp4,a hyena laying down in a hole with its head on the ground,Hyena,34,t1t1j9GqSFE,1057,Hyena_ID_005,1057,reference_images/Hyena/t1t1j9GqSFE.jpg,Animal,skipped,
Species_mp4/Hyena/02nrHlGpqvQ_2.mp4,a hyena walking in the grass near a body of water,Hyena,34,02nrHlGpqvQ_2,1057,Hyena_ID_005,1057,reference_images/Hyena/02nrHlGpqvQ_2.jpg,Animal,skipped,
Species_mp4/Hyena/Ym1znCv9kkg.mp4,a hyena walking in the woods near a fallen tree,Hyena,34,Ym1znCv9kkg,1057,Hyena_ID_005,1057,reference_images/Hyena/Ym1znCv9kkg.jpg,Animal,skipped,
Species_mp4/Hyena/rQQqSNcQeX0.mp4,a hyena drinking water in a muddy puddle in a field,Hyena,34,rQQqSNcQeX0,1058,Hyena_ID_006,1058,reference_images/Hyena/rQQqSNcQeX0.jpg,Animal,skipped,
Species_mp4/Hyena/JK43EGZmpT4.mp4,a hyena drinking water from a river in a grassy area,Hyena,34,JK43EGZmpT4,1058,Hyena_ID_006,1058,reference_images/Hyena/JK43EGZmpT4.jpg,Animal,skipped,
Species_mp4/Hyena/zYEjqq09R9s.mp4,a hyena drinking water from a small pond in the wild,Hyena,34,zYEjqq09R9s,1058,Hyena_ID_006,1058,reference_images/Hyena/zYEjqq09R9s.jpg,Animal,skipped,
Species_mp4/Hyena/C5tCiaTb2vc.mp4,a hyena drinking water from a muddy puddle in a field,Hyena,34,C5tCiaTb2vc,1058,Hyena_ID_006,1058,reference_images/Hyena/C5tCiaTb2vc.jpg,Animal,skipped,
Species_mp4/Hyena/kPfnVJkFZ20.mp4,a hyena drinking water from a puddle on a road,Hyena,34,kPfnVJkFZ20,1059,Hyena_ID_007,1059,reference_images/Hyena/kPfnVJkFZ20.jpg,Animal,skipped,
Species_mp4/Hyena/j0ln2TpQI6I_1.mp4,a hyena walking through a fenced in area with grass,Hyena,34,j0ln2TpQI6I_1,1059,Hyena_ID_007,1059,reference_images/Hyena/j0ln2TpQI6I_1.jpg,Animal,skipped,
Species_mp4/Hyena/96uE7Vs4ywE.mp4,a hyena laying on its back in a corner by a wall,Hyena,34,96uE7Vs4ywE,1059,Hyena_ID_007,1059,reference_images/Hyena/96uE7Vs4ywE.jpg,Animal,skipped,
Species_mp4/Hyena/sNMzQWNwAFM.mp4,a hyena laying in the grass next to a rock and grass,Hyena,34,sNMzQWNwAFM,1059,Hyena_ID_007,1059,reference_images/Hyena/sNMzQWNwAFM.jpg,Animal,skipped,
Species_mp4/Hyena/HN_8un_8N_o.mp4,a hyena laying on the ground with a quote on it,Hyena,34,HN_8un_8N_o,1059,Hyena_ID_007,1059,reference_images/Hyena/HN_8un_8N_o.jpg,Animal,skipped,
Species_mp4/Hyena/j0ln2TpQI6I_2.mp4,a hyena eating a dead animal in a fenced in area,Hyena,34,j0ln2TpQI6I_2,1059,Hyena_ID_007,1059,reference_images/Hyena/j0ln2TpQI6I_2.jpg,Animal,skipped,
Species_mp4/Hyena/02nrHlGpqvQ_1.mp4,a hyena drinking water from a pond in a field,Hyena,34,02nrHlGpqvQ_1,1060,Hyena_ID_008,1060,reference_images/Hyena/02nrHlGpqvQ_1.jpg,Animal,skipped,
Species_mp4/Hyena/02nrHlGpqvQ_3.mp4,a hyena drinking water from a pond in a dry grass field,Hyena,34,02nrHlGpqvQ_3,1061,Hyena_ID_009,1061,reference_images/Hyena/02nrHlGpqvQ_3.jpg,Animal,skipped,
Species_mp4/Hyena/XMH0aTaW1O8.mp4,a hyena laying in the mud in a grassy field,Hyena,34,XMH0aTaW1O8,1062,Hyena_ID_010,1062,reference_images/Hyena/XMH0aTaW1O8.jpg,Animal,skipped,
Species_mp4/Hyena/JoZYEg5NGrY.mp4,a hyena walking on a hill at night with a camera,Hyena,34,JoZYEg5NGrY,1063,Hyena_ID_011,1063,reference_images/Hyena/JoZYEg5NGrY.jpg,Animal,skipped,
Species_mp4/Hyena/3i79njB_kHc.mp4,a hyena cat laying on the ground in the dark,Hyena,34,3i79njB_kHc,1064,Hyena_ID_012,1064,reference_images/Hyena/3i79njB_kHc.jpg,Animal,skipped,
Species_mp4/Hyena/zXmFid7ffGM.mp4,a hyena standing in the mud near a puddle of water,Hyena,34,zXmFid7ffGM,1065,Hyena_ID_013,1065,reference_images/Hyena/zXmFid7ffGM.jpg,Animal,skipped,
Species_mp4/Hyena/kKcNHy6Fl-U.mp4,a hyena walking along a stream in the dark,Hyena,34,kKcNHy6Fl-U,1066,Hyena_ID_014,1066,reference_images/Hyena/kKcNHy6Fl-U.jpg,Animal,skipped,
Species_mp4/Hyena/1l-_bSihOig.mp4,a hyena drinking water from a pond in a dry field,Hyena,34,1l-_bSihOig,1067,Hyena_ID_015,1067,reference_images/Hyena/1l-_bSihOig.jpg,Animal,skipped,
Species_mp4/Hyena/2IsCV3qa87I.mp4,a hyena eating a watermelon on a dirt ground,Hyena,34,2IsCV3qa87I,1068,Hyena_ID_016,1068,reference_images/Hyena/2IsCV3qa87I.jpg,Animal,skipped,
Species_mp4/Hyena/cvlTqbttQfM.mp4,a hyena walking in the dark with its head down,Hyena,34,cvlTqbttQfM,1069,Hyena_ID_017,1069,reference_images/Hyena/cvlTqbttQfM.jpg,Animal,skipped,
Species_mp4/Hyena/8x1GKuHLk38.mp4,a hyena bear walking across a rocky field next to a rock,Hyena,34,8x1GKuHLk38,1070,Hyena_ID_018,1070,reference_images/Hyena/8x1GKuHLk38.jpg,Animal,skipped,
Species_mp4/Hyena/Vo_kD6UuGvI_2.mp4,a hyena in the tall grass eating leaves off of a tree,Hyena,34,Vo_kD6UuGvI_2,1071,Hyena_ID_019,1071,reference_images/Hyena/Vo_kD6UuGvI_2.jpg,Animal,skipped,
Species_mp4/Hyena/Hh1yOJWJmpk.mp4,a hyena standing in a grassy field with a fence in the background,Hyena,34,Hh1yOJWJmpk,1072,Hyena_ID_020,1072,reference_images/Hyena/Hh1yOJWJmpk.jpg,Animal,skipped,
Species_mp4/Hyena/nSr-_HCaJe8_1.mp4,a hyena with a dead bird in its mouth in a field,Hyena,34,nSr-_HCaJe8_1,1073,Hyena_ID_021,1073,reference_images/Hyena/nSr-_HCaJe8_1.jpg,Animal,skipped,
Species_mp4/Hyena/0jarExqTgq8.mp4,a hyena standing in a pool of water in a zoo enclosure,Hyena,34,0jarExqTgq8,1074,Hyena_ID_022,1074,reference_images/Hyena/0jarExqTgq8.jpg,Animal,skipped,
Species_mp4/Hyena/pM1Od8PuPW8.mp4,a hyena walking through a field at night with its head in the grass,Hyena,34,pM1Od8PuPW8,1075,Hyena_ID_023,1075,reference_images/Hyena/pM1Od8PuPW8.jpg,Animal,skipped,
Species_mp4/Hyena/DKuYIrdPW18.mp4,a hyena walking through tall grass in a field,Hyena,34,DKuYIrdPW18,1076,Hyena_ID_024,1076,reference_images/Hyena/DKuYIrdPW18.jpg,Animal,skipped,
Species_mp4/TasmanianDevil/lhuiVzk4VPE.mp4,a tasmanian devil cat sitting on the ground in a fenced area,TasmanianDevil,75,lhuiVzk4VPE,1638,TasmanianDevil_ID_000,1638,reference_images/TasmanianDevil/lhuiVzk4VPE.jpg,Animal,skipped,
Species_mp4/TasmanianDevil/fEdX3_utuuU.mp4,a tasmanian devil dog laying in the grass next to a tree,TasmanianDevil,75,fEdX3_utuuU,1638,TasmanianDevil_ID_000,1638,reference_images/TasmanianDevil/fEdX3_utuuU.jpg,Animal,skipped,
Species_mp4/TasmanianDevil/mRY-RSAxpxw.mp4,a tasmanian devil dog curled up in the sun on the ground,TasmanianDevil,75,mRY-RSAxpxw,1638,TasmanianDevil_ID_000,1638,reference_images/TasmanianDevil/mRY-RSAxpxw.jpg,Animal,skipped,
Species_mp4/TasmanianDevil/UJh6JFi7XHU.mp4,a tasmanian devil bear sitting in the grass eating a dead animal,TasmanianDevil,75,UJh6JFi7XHU,1639,TasmanianDevil_ID_001,1639,reference_images/TasmanianDevil/UJh6JFi7XHU.jpg,Animal,skipped,
Species_mp4/Bat/RQhLPu4sU0E.mp4,a bat in a plastic bag on a counter top,Bat,6,RQhLPu4sU0E,28,Bat_ID_000,28,reference_images/Bat/RQhLPu4sU0E.jpg,Animal,skipped,
Species_mp4/Bat/kYjNXoImuwA.mp4,a bat on a plastic plate on a towel on a bed,Bat,6,kYjNXoImuwA,28,Bat_ID_000,28,reference_images/Bat/kYjNXoImuwA.jpg,Animal,skipped,
Species_mp4/Bat/OY-RA78o0ls.mp4,a bat laying on the ground with its head on a piece of luggage,Bat,6,OY-RA78o0ls,28,Bat_ID_000,28,reference_images/Bat/OY-RA78o0ls.jpg,Animal,skipped,
Species_mp4/Bat/WSKw5DBXjGk.mp4,a bat hanging upside down from a tree in a tropical setting,Bat,6,WSKw5DBXjGk,29,Bat_ID_001,29,reference_images/Bat/WSKw5DBXjGk.jpg,Animal,skipped,
Species_mp4/Bat/P4NJI0UJP_0.mp4,a bat hanging upside down from a tree branch in a zoo,Bat,6,P4NJI0UJP_0,29,Bat_ID_001,29,reference_images/Bat/P4NJI0UJP_0.jpg,Animal,skipped,
Species_mp4/Bat/XxjV6A2m8TA.mp4,a bat laying in the grass with its head on the ground,Bat,6,XxjV6A2m8TA,30,Bat_ID_002,30,reference_images/Bat/XxjV6A2m8TA.jpg,Animal,skipped,
Species_mp4/Bat/KNnf5ENxmRE.mp4,a bat sitting on a table with a knife in it ' s mouth,Bat,6,KNnf5ENxmRE,31,Bat_ID_003,31,reference_images/Bat/KNnf5ENxmRE.jpg,Animal,skipped,
Species_mp4/Bat/Kz8IdKUGPbE.mp4,a bat is laying on a wooden table with a metal object,Bat,6,Kz8IdKUGPbE,31,Bat_ID_003,31,reference_images/Bat/Kz8IdKUGPbE.jpg,Animal,skipped,
Species_mp4/Anteater/GwziRrQKXyY.mp4,an anteater walking in the grass in a field,Anteater,2,GwziRrQKXyY,16,Anteater_ID_000,16,reference_images/Anteater/GwziRrQKXyY.jpg,Animal,skipped,
Species_mp4/Anteater/3bO7gej2NwQ.mp4,an anteater standing next to a blue barrel in the dirt,Anteater,2,3bO7gej2NwQ,16,Anteater_ID_000,16,reference_images/Anteater/3bO7gej2NwQ.jpg,Animal,skipped,
Species_mp4/Anteater/brkvj-gi_9M.mp4,an anteater carrying a baby on its back in a zoo enclosure,Anteater,2,brkvj-gi_9M,16,Anteater_ID_000,16,reference_images/Anteater/brkvj-gi_9M.jpg,Animal,skipped,
Species_mp4/Anteater/S9H2syqcBnE.mp4,an anteater laying on the ground next to a tree stump,Anteater,2,S9H2syqcBnE,17,Anteater_ID_001,17,reference_images/Anteater/S9H2syqcBnE.jpg,Animal,skipped,
Species_mp4/Anteater/OwWS676AfDM.mp4,an anteater in a cage eating food,Anteater,2,OwWS676AfDM,18,Anteater_ID_002,18,reference_images/Anteater/OwWS676AfDM.jpg,Animal,skipped,
Species_mp4/Beaver/hBbCy4gyWns.mp4,a beaver swimming in the water with a leaf in its mouth,Beaver,8,hBbCy4gyWns,134,Beaver_ID_000,134,reference_images/Beaver/hBbCy4gyWns.jpg,Animal,skipped,
Species_mp4/Beaver/9xvPE0DGmFg.mp4,a beaver walking through a field of grass and weeds,Beaver,8,9xvPE0DGmFg,134,Beaver_ID_000,134,reference_images/Beaver/9xvPE0DGmFg.jpg,Animal,skipped,
Species_mp4/Beaver/gscJthqttZM.mp4,a beaver is eating grass in a field next to a body of water,Beaver,8,gscJthqttZM,134,Beaver_ID_000,134,reference_images/Beaver/gscJthqttZM.jpg,Animal,skipped,
Species_mp4/Beaver/lLf7r53P4rM.mp4,a beaver is eating a leaf in the water near a log,Beaver,8,lLf7r53P4rM,134,Beaver_ID_000,134,reference_images/Beaver/lLf7r53P4rM.jpg,Animal,skipped,
Species_mp4/Beaver/6_KmUCiqPUQ.mp4,a beaver is swimming in a pond with its mouth open,Beaver,8,6_KmUCiqPUQ,134,Beaver_ID_000,134,reference_images/Beaver/6_KmUCiqPUQ.jpg,Animal,skipped,
Species_mp4/Beaver/sKxUQeHTdSU.mp4,a beaver is eating a leaf in the water near a tree,Beaver,8,sKxUQeHTdSU,134,Beaver_ID_000,134,reference_images/Beaver/sKxUQeHTdSU.jpg,Animal,skipped,
Species_mp4/Beaver/4mCSEzFhEW0.mp4,a beaver is standing in the water and eating leaves,Beaver,8,4mCSEzFhEW0,134,Beaver_ID_000,134,reference_images/Beaver/4mCSEzFhEW0.jpg,Animal,skipped,
Species_mp4/Beaver/aucoUiW0tyE.mp4,a beaver is chewing on a stick in the water,Beaver,8,aucoUiW0tyE,134,Beaver_ID_000,134,reference_images/Beaver/aucoUiW0tyE.jpg,Animal,skipped,
Species_mp4/Beaver/awQVGywUzC0_1.mp4,a beaver eating a fish in a body of water,Beaver,8,awQVGywUzC0_1,134,Beaver_ID_000,134,reference_images/Beaver/awQVGywUzC0_1.jpg,Animal,skipped,
Species_mp4/Beaver/DRu5Lddteo4.mp4,a beaver is eating a leaf in the grass by the water,Beaver,8,DRu5Lddteo4,134,Beaver_ID_000,134,reference_images/Beaver/DRu5Lddteo4.jpg,Animal,skipped,
Species_mp4/Beaver/I3sjz4ENssE.mp4,a beaver swimming in a pond with algae on the water,Beaver,8,I3sjz4ENssE,134,Beaver_ID_000,134,reference_images/Beaver/I3sjz4ENssE.jpg,Animal,skipped,
Species_mp4/Beaver/RAle6Bw3CYs.mp4,a beaver in the woods eating some leaves off of a tree,Beaver,8,RAle6Bw3CYs,134,Beaver_ID_000,134,reference_images/Beaver/RAle6Bw3CYs.jpg,Animal,skipped,
Species_mp4/Beaver/asKmaH0zR3w_2.mp4,a beaver eating a piece of food in the water,Beaver,8,asKmaH0zR3w_2,134,Beaver_ID_000,134,reference_images/Beaver/asKmaH0zR3w_2.jpg,Animal,skipped,
Species_mp4/Beaver/ses34-AuSCw.mp4,a beaver is eating grass in the middle of a field,Beaver,8,ses34-AuSCw,134,Beaver_ID_000,134,reference_images/Beaver/ses34-AuSCw.jpg,Animal,skipped,
Species_mp4/Beaver/481dXCIjOQQ.mp4,a beaver in a pond of water with algae on it,Beaver,8,481dXCIjOQQ,134,Beaver_ID_000,134,reference_images/Beaver/481dXCIjOQQ.jpg,Animal,skipped,
Species_mp4/Beaver/kn4PClaII-I.mp4,a beaver eating a piece of bread in the woods,Beaver,8,kn4PClaII-I,134,Beaver_ID_000,134,reference_images/Beaver/kn4PClaII-I.jpg,Animal,skipped,
Species_mp4/Beaver/Tel4I8E-Kzk.mp4,a beaver in the grass eating on some leaves,Beaver,8,Tel4I8E-Kzk,134,Beaver_ID_000,134,reference_images/Beaver/Tel4I8E-Kzk.jpg,Animal,skipped,
Species_mp4/Beaver/q1007C2CEXw.mp4,a beaver is eating grass in a field with tall grass,Beaver,8,q1007C2CEXw,134,Beaver_ID_000,134,reference_images/Beaver/q1007C2CEXw.jpg,Animal,skipped,
Species_mp4/Beaver/_1vk6-HfolA.mp4,a beaver in a pond of water with moss on its back,Beaver,8,_1vk6-HfolA,134,Beaver_ID_000,134,reference_images/Beaver/_1vk6-HfolA.jpg,Animal,skipped,
Species_mp4/Beaver/AZO6ch_ocWg_1.mp4,a beaver eating food out of a bowl in a room,Beaver,8,AZO6ch_ocWg_1,134,Beaver_ID_000,134,reference_images/Beaver/AZO6ch_ocWg_1.jpg,Animal,skipped,
Species_mp4/Beaver/awQVGywUzC0_2.mp4,a beaver in the water with a bird on its back,Beaver,8,awQVGywUzC0_2,134,Beaver_ID_000,134,reference_images/Beaver/awQVGywUzC0_2.jpg,Animal,skipped,
Species_mp4/Beaver/k0OoRG-rqrE.mp4,a beaver is eating leaves in the woods by himself,Beaver,8,k0OoRG-rqrE,134,Beaver_ID_000,134,reference_images/Beaver/k0OoRG-rqrE.jpg,Animal,skipped,
Species_mp4/Beaver/-XKnRmcxVuc.mp4,a beaver eating a leaf in the woods with a stone wall in the background,Beaver,8,-XKnRmcxVuc,134,Beaver_ID_000,134,reference_images/Beaver/-XKnRmcxVuc.jpg,Animal,skipped,
Species_mp4/Beaver/NLFUwJB-LNM.mp4,a beaver is standing in the tall grass and looking at something,Beaver,8,NLFUwJB-LNM,134,Beaver_ID_000,134,reference_images/Beaver/NLFUwJB-LNM.jpg,Animal,skipped,
Species_mp4/Beaver/AZO6ch_ocWg_2.mp4,a beaver cub playing with a baseball bat on the floor,Beaver,8,AZO6ch_ocWg_2,134,Beaver_ID_000,134,reference_images/Beaver/AZO6ch_ocWg_2.jpg,Animal,skipped,
Species_mp4/Beaver/4-6obtP2JrQ_2.mp4,a beaver in the woods eating a piece of wood,Beaver,8,4-6obtP2JrQ_2,134,Beaver_ID_000,134,reference_images/Beaver/4-6obtP2JrQ_2.jpg,Animal,skipped,
Species_mp4/Beaver/2VAWF625gb0.mp4,a beaver is standing on a log in the water,Beaver,8,2VAWF625gb0,135,Beaver_ID_001,135,reference_images/Beaver/2VAWF625gb0.jpg,Animal,skipped,
Species_mp4/Beaver/4-6obtP2JrQ_1.mp4,a beaver cub sitting in the woods next to a tree,Beaver,8,4-6obtP2JrQ_1,136,Beaver_ID_002,136,reference_images/Beaver/4-6obtP2JrQ_1.jpg,Animal,skipped,
Species_mp4/Beaver/0NAc-J2kyb8.mp4,a beaver standing on its hind legs next to a fence,Beaver,8,0NAc-J2kyb8,137,Beaver_ID_003,137,reference_images/Beaver/0NAc-J2kyb8.jpg,Animal,skipped,
Species_mp4/Beaver/avNWIUnyF6U.mp4,a beaver is eating a piece of wood in the water,Beaver,8,avNWIUnyF6U,138,Beaver_ID_004,138,reference_images/Beaver/avNWIUnyF6U.jpg,Animal,skipped,
Species_mp4/Beaver/owKSRFGMZGQ.mp4,a beaver is laying in the grass and looking for food,Beaver,8,owKSRFGMZGQ,139,Beaver_ID_005,139,reference_images/Beaver/owKSRFGMZGQ.jpg,Animal,skipped,
Species_mp4/Beaver/DBTsBa5M84U.mp4,a beaver cub in a fenced in area with grass and weeds,Beaver,8,DBTsBa5M84U,140,Beaver_ID_006,140,reference_images/Beaver/DBTsBa5M84U.jpg,Animal,skipped,
Species_mp4/Beaver/yKBxBPn8A2Y.mp4,a beaver swimming in a lake with a fish in its mouth,Beaver,8,yKBxBPn8A2Y,141,Beaver_ID_007,141,reference_images/Beaver/yKBxBPn8A2Y.jpg,Animal,skipped,
Species_mp4/Beaver/UIM7aKrq2Ug.mp4,a beaver on its back,Beaver,8,UIM7aKrq2Ug,142,Beaver_ID_008,142,reference_images/Beaver/UIM7aKrq2Ug.jpg,Animal,skipped,
Species_mp4/Bandicoot/YXhKzVS0VcU.mp4,a bandicoot eating a banana on a rock in a zoo,Bandicoot,5,YXhKzVS0VcU,25,Bandicoot_ID_000,25,reference_images/Bandicoot/YXhKzVS0VcU.jpg,Animal,skipped,
Species_mp4/Bandicoot/8TjtuoR5guE_2.mp4,a bandicoot in a pen with a fence and dirt,Bandicoot,5,8TjtuoR5guE_2,26,Bandicoot_ID_001,26,reference_images/Bandicoot/8TjtuoR5guE_2.jpg,Animal,skipped,
Species_mp4/Bandicoot/1XwWQ9bzDps.mp4,a bandicoot eating a banana on a deck by the water,Bandicoot,5,1XwWQ9bzDps,27,Bandicoot_ID_002,27,reference_images/Bandicoot/1XwWQ9bzDps.jpg,Animal,skipped,
Species_mp4/Whale/oaBsnp7AICc.mp4,a whale jumping out of the water with its mouth open,Whale,79,oaBsnp7AICc,1704,Whale_ID_000,1704,reference_images/Whale/oaBsnp7AICc.jpg,Animal,skipped,
Species_mp4/Cow/y5vKgFdIgl4.mp4,a cow eating from a bowl in the snow on a sunny day,Cow,17,y5vKgFdIgl4,253,Cow_ID_000,253,reference_images/Cow/y5vKgFdIgl4.jpg,Animal,skipped,
Species_mp4/Cow/lbZIA8OQOvc.mp4,a cow grazing in a field with trees in the background,Cow,17,lbZIA8OQOvc,254,Cow_ID_001,254,reference_images/Cow/lbZIA8OQOvc.jpg,Animal,skipped,
Species_mp4/Cow/zPFa2yZD8OA.mp4,a cow laying down in the dirt in a field,Cow,17,zPFa2yZD8OA,254,Cow_ID_001,254,reference_images/Cow/zPFa2yZD8OA.jpg,Animal,skipped,
Species_mp4/Cow/84oQi7BZ6cc.mp4,a cow eating grass from a white bowl in a brick building,Cow,17,84oQi7BZ6cc,255,Cow_ID_002,255,reference_images/Cow/84oQi7BZ6cc.jpg,Animal,skipped,
Species_mp4/Cow/b_8EvzgLSu8.mp4,a cow with large horns standing in a muddy area next to a fence,Cow,17,b_8EvzgLSu8,255,Cow_ID_002,255,reference_images/Cow/b_8EvzgLSu8.jpg,Animal,skipped,
Species_mp4/Cow/HqaeH1UDgAE.mp4,a cow standing in a field of grass next to a brick wall,Cow,17,HqaeH1UDgAE,255,Cow_ID_002,255,reference_images/Cow/HqaeH1UDgAE.jpg,Animal,skipped,
Species_mp4/Cow/oB8Z8TbP0T4.mp4,a cow eating from a bucket in a dirt area,Cow,17,oB8Z8TbP0T4,255,Cow_ID_002,255,reference_images/Cow/oB8Z8TbP0T4.jpg,Animal,skipped,
Species_mp4/Cow/zj2nfbPHwzE.mp4,a cow with horns grazing in a field of grass in the wild,Cow,17,zj2nfbPHwzE,256,Cow_ID_003,256,reference_images/Cow/zj2nfbPHwzE.jpg,Animal,skipped,
Species_mp4/Cow/te2tiaA-vjk.mp4,a cow standing in the mud near a body of water,Cow,17,te2tiaA-vjk,256,Cow_ID_003,256,reference_images/Cow/te2tiaA-vjk.jpg,Animal,skipped,
Species_mp4/Cow/gGrP2G3pwH0.mp4,a cow standing in a field with a barn in the background,Cow,17,gGrP2G3pwH0,257,Cow_ID_004,257,reference_images/Cow/gGrP2G3pwH0.jpg,Animal,skipped,
Species_mp4/Cow/hHYMrj7zaGs.mp4,a cow laying down in the dirt with a rope around its neck,Cow,17,hHYMrj7zaGs,258,Cow_ID_005,258,reference_images/Cow/hHYMrj7zaGs.jpg,Animal,skipped,
Species_mp4/Cow/zrL4LmMYon0_1.mp4,a cow standing in a field of tall grass next to trees,Cow,17,zrL4LmMYon0_1,259,Cow_ID_006,259,reference_images/Cow/zrL4LmMYon0_1.jpg,Animal,skipped,
Species_mp4/Cow/3aE73RqOZLs.mp4,a cow standing on a platform in a barn with a wooden platform,Cow,17,3aE73RqOZLs,260,Cow_ID_007,260,reference_images/Cow/3aE73RqOZLs.jpg,Animal,skipped,
Species_mp4/Cow/8o-uqaMerDc.mp4,a cow standing in a field with a man standing next to it,Cow,17,8o-uqaMerDc,261,Cow_ID_008,261,reference_images/Cow/8o-uqaMerDc.jpg,Animal,skipped,
Species_mp4/Cow/40g25S4sYCo.mp4,a cow is standing in a shallow body of water,Cow,17,40g25S4sYCo,262,Cow_ID_009,262,reference_images/Cow/40g25S4sYCo.jpg,Animal,skipped,
Species_mp4/Cow/_Q4EN-xLxqs.mp4,a cow eating hay from a trough in a zoo enclosure,Cow,17,_Q4EN-xLxqs,263,Cow_ID_010,263,reference_images/Cow/_Q4EN-xLxqs.jpg,Animal,skipped,
Species_mp4/Cow/UgCD1nCa50Q.mp4,a cow is walking through a grassy field with a bird in its mouth,Cow,17,UgCD1nCa50Q,264,Cow_ID_011,264,reference_images/Cow/UgCD1nCa50Q.jpg,Animal,skipped,
Species_mp4/Cow/Y5xujHuBGlA.mp4,a cow with a large horn standing in a field of grass,Cow,17,Y5xujHuBGlA,265,Cow_ID_012,265,reference_images/Cow/Y5xujHuBGlA.jpg,Animal,skipped,
Species_mp4/Cow/IboAktkZQNk.mp4,a cow standing in a field with a water hose in its mouth,Cow,17,IboAktkZQNk,265,Cow_ID_012,265,reference_images/Cow/IboAktkZQNk.jpg,Animal,skipped,
Species_mp4/Cow/VoVl5nXhlVc.mp4,a cow standing in a field with a fence in the background,Cow,17,VoVl5nXhlVc,266,Cow_ID_013,266,reference_images/Cow/VoVl5nXhlVc.jpg,Animal,skipped,
Species_mp4/Cow/3LLwc2UvOlQ.mp4,a cow standing in the middle of a forest with trees,Cow,17,3LLwc2UvOlQ,267,Cow_ID_014,267,reference_images/Cow/3LLwc2UvOlQ.jpg,Animal,skipped,
Species_mp4/Cow/H3n2xEMBNlk.mp4,a cow laying in the grass with a stick in its mouth,Cow,17,H3n2xEMBNlk,268,Cow_ID_015,268,reference_images/Cow/H3n2xEMBNlk.jpg,Animal,skipped,
Species_mp4/Cow/rX_ITpZXZ5g.mp4,a cow standing in a field with a large plume of smoke in the background,Cow,17,rX_ITpZXZ5g,269,Cow_ID_016,269,reference_images/Cow/rX_ITpZXZ5g.jpg,Animal,skipped,
Species_mp4/Cow/ZHmCmrf9IQA.mp4,a cow standing in the grass next to a fence and a building,Cow,17,ZHmCmrf9IQA,270,Cow_ID_017,270,reference_images/Cow/ZHmCmrf9IQA.jpg,Animal,skipped,
Species_mp4/Cow/4to6c_djj7o.mp4,a cow walking through a forest with tall trees in the background,Cow,17,4to6c_djj7o,271,Cow_ID_018,271,reference_images/Cow/4to6c_djj7o.jpg,Animal,skipped,
Species_mp4/Cow/UnwpJr7451M.mp4,a cow and calf grazing in a grassy area next to a lake,Cow,17,UnwpJr7451M,271,Cow_ID_018,271,reference_images/Cow/UnwpJr7451M.jpg,Animal,skipped,
Species_mp4/Cow/B7tv6zeLisU.mp4,a cow grazing in a field,Cow,17,B7tv6zeLisU,272,Cow_ID_019,272,reference_images/Cow/B7tv6zeLisU.jpg,Animal,skipped,
Species_mp4/Cow/8HcLqwIlx_c.mp4,a cow standing in a forest with trees and dirt,Cow,17,8HcLqwIlx_c,273,Cow_ID_020,273,reference_images/Cow/8HcLqwIlx_c.jpg,Animal,skipped,
Species_mp4/Cow/EuzRjVFZ2tA.mp4,a cow with horns grazing in a field of grass near a tree,Cow,17,EuzRjVFZ2tA,274,Cow_ID_021,274,reference_images/Cow/EuzRjVFZ2tA.jpg,Animal,skipped,
Species_mp4/Cow/GByy4QoxJqs.mp4,a cow grazing in a field of grass in front of a brick wall,Cow,17,GByy4QoxJqs,274,Cow_ID_021,274,reference_images/Cow/GByy4QoxJqs.jpg,Animal,skipped,
Species_mp4/Cow/SYNxBj2fDFg.mp4,a cow is eating grass in a field with flowers,Cow,17,SYNxBj2fDFg,275,Cow_ID_022,275,reference_images/Cow/SYNxBj2fDFg.jpg,Animal,skipped,
Species_mp4/Cow/p3R92B2dNLk.mp4,a cow standing in the snow eating some food from the ground,Cow,17,p3R92B2dNLk,276,Cow_ID_023,276,reference_images/Cow/p3R92B2dNLk.jpg,Animal,skipped,
Species_mp4/Cow/6Lt7oH-BY90.mp4,a cow standing in the snow with its back turned to the camera,Cow,17,6Lt7oH-BY90,276,Cow_ID_023,276,reference_images/Cow/6Lt7oH-BY90.jpg,Animal,skipped,
Species_mp4/Cow/6PAaKuuZ4pE.mp4,a cow grazing in a field with a fence in the background,Cow,17,6PAaKuuZ4pE,277,Cow_ID_024,277,reference_images/Cow/6PAaKuuZ4pE.jpg,Animal,skipped,
Species_mp4/Cow/Ev-3WiTC_34.mp4,a cow standing on a grass covered field next to a road,Cow,17,Ev-3WiTC_34,278,Cow_ID_025,278,reference_images/Cow/Ev-3WiTC_34.jpg,Animal,skipped,
Species_mp4/Cow/2NTMFaqpgWE.mp4,a cow with a large horn grazing on grass in front of a rock wall,Cow,17,2NTMFaqpgWE,279,Cow_ID_026,279,reference_images/Cow/2NTMFaqpgWE.jpg,Animal,skipped,
Species_mp4/Cow/N6v0IcOTwKc.mp4,a cow standing in a field of tall grass near a forest,Cow,17,N6v0IcOTwKc,280,Cow_ID_027,280,reference_images/Cow/N6v0IcOTwKc.jpg,Animal,skipped,
Species_mp4/Cow/UUoSgOS2jw0.mp4,a cow standing in a field of grass with trees in the background,Cow,17,UUoSgOS2jw0,281,Cow_ID_028,281,reference_images/Cow/UUoSgOS2jw0.jpg,Animal,skipped,
Species_mp4/Cow/K4GXtd2jTjo.mp4,a cow laying in a field of grass with a bird flying overhead,Cow,17,K4GXtd2jTjo,282,Cow_ID_029,282,reference_images/Cow/K4GXtd2jTjo.jpg,Animal,skipped,
Species_mp4/Cow/fC1KhhfQLjk.mp4,a cow grazing in a grassy field with a trail in the background,Cow,17,fC1KhhfQLjk,282,Cow_ID_029,282,reference_images/Cow/fC1KhhfQLjk.jpg,Animal,skipped,
Species_mp4/Cow/DkJoMc4vOAQ.mp4,a cow standing in a field of grass,Cow,17,DkJoMc4vOAQ,283,Cow_ID_030,283,reference_images/Cow/DkJoMc4vOAQ.jpg,Animal,skipped,
Species_mp4/Cow/do1LHd_2w7A.mp4,a cow standing in a dirt field next to a fence,Cow,17,do1LHd_2w7A,284,Cow_ID_031,284,reference_images/Cow/do1LHd_2w7A.jpg,Animal,skipped,
Species_mp4/Cow/WafyrINfM8Y.mp4,a cow drinking water from a bucket in a dirt field,Cow,17,WafyrINfM8Y,285,Cow_ID_032,285,reference_images/Cow/WafyrINfM8Y.jpg,Animal,skipped,
Species_mp4/Cow/tXJJd8xv2JA_1.mp4,a cow standing in a field of grass next to a fence,Cow,17,tXJJd8xv2JA_1,286,Cow_ID_033,286,reference_images/Cow/tXJJd8xv2JA_1.jpg,Animal,skipped,
Species_mp4/Cow/tXJJd8xv2JA_2.mp4,a cow grazing in a field behind a fence in a wooded area,Cow,17,tXJJd8xv2JA_2,286,Cow_ID_033,286,reference_images/Cow/tXJJd8xv2JA_2.jpg,Animal,skipped,
Species_mp4/Cow/OTcX_35sgsY.mp4,a cow laying in a field of grass with a stream in the background,Cow,17,OTcX_35sgsY,287,Cow_ID_034,287,reference_images/Cow/OTcX_35sgsY.jpg,Animal,skipped,
Species_mp4/Cow/zrL4LmMYon0_2.mp4,a cow is walking through a field with trees and grass,Cow,17,zrL4LmMYon0_2,288,Cow_ID_035,288,reference_images/Cow/zrL4LmMYon0_2.jpg,Animal,skipped,
Species_mp4/Cow/KgiAAkPxCEs.mp4,a cow is eating grass in a field with a chain around it,Cow,17,KgiAAkPxCEs,289,Cow_ID_036,289,reference_images/Cow/KgiAAkPxCEs.jpg,Animal,skipped,
Species_mp4/Cow/cEHvynmAWuE.mp4,a cow in the wild,Cow,17,cEHvynmAWuE,290,Cow_ID_037,290,reference_images/Cow/cEHvynmAWuE.jpg,Animal,skipped,
Species_mp4/Cow/kRPwIsJ00_I.mp4,a cow with long horns grazing in a grassy field near a forest,Cow,17,kRPwIsJ00_I,291,Cow_ID_038,291,reference_images/Cow/kRPwIsJ00_I.jpg,Animal,skipped,
Species_mp4/Cow/ToktOl4ZHBs.mp4,a cow is walking through the tall grass in the field,Cow,17,ToktOl4ZHBs,292,Cow_ID_039,292,reference_images/Cow/ToktOl4ZHBs.jpg,Animal,skipped,
Species_mp4/Cow/NRiejnbBc-o.mp4,a cow is drinking water from a hose in a barn,Cow,17,NRiejnbBc-o,293,Cow_ID_040,293,reference_images/Cow/NRiejnbBc-o.jpg,Animal,skipped,
Species_mp4/Cow/Xz2YIinoSF0.mp4,a cow standing on a dirt road next to a grass covered field,Cow,17,Xz2YIinoSF0,294,Cow_ID_041,294,reference_images/Cow/Xz2YIinoSF0.jpg,Animal,skipped,
Species_mp4/Cow/R-J6EVEBG6I.mp4,a cow standing next to a wooden fence in a grassy field,Cow,17,R-J6EVEBG6I,295,Cow_ID_042,295,reference_images/Cow/R-J6EVEBG6I.jpg,Animal,skipped,
Species_mp4/Cow/giClGoG868g.mp4,a cow eating leaves from a green plant in a fenced area,Cow,17,giClGoG868g,296,Cow_ID_043,296,reference_images/Cow/giClGoG868g.jpg,Animal,skipped,
Species_mp4/Cow/AUwOGHfXIpo.mp4,a cow standing on a dirt road next to a field,Cow,17,AUwOGHfXIpo,297,Cow_ID_044,297,reference_images/Cow/AUwOGHfXIpo.jpg,Animal,skipped,
Species_mp4/Cow/FOa38UskQx8.mp4,a cow standing in the middle of a road next to a forest,Cow,17,FOa38UskQx8,298,Cow_ID_045,298,reference_images/Cow/FOa38UskQx8.jpg,Animal,skipped,
Species_mp4/Cow/Tv6PyHkLk4M.mp4,a cow standing in a field next to a forest filled with trees,Cow,17,Tv6PyHkLk4M,299,Cow_ID_046,299,reference_images/Cow/Tv6PyHkLk4M.jpg,Animal,skipped,
Species_mp4/Wombat/Gdd4yuMdJoE.mp4,a wombat is eating grass in a field next to a small pond,Wombat,82,Gdd4yuMdJoE,1718,Wombat_ID_000,1718,reference_images/Wombat/Gdd4yuMdJoE.jpg,Animal,skipped,
Species_mp4/Wombat/36n_0VpR_k0.mp4,a wombat bear in a grassy area with a stream in the background,Wombat,82,36n_0VpR_k0,1718,Wombat_ID_000,1718,reference_images/Wombat/36n_0VpR_k0.jpg,Animal,skipped,
Species_mp4/Wombat/u2mBpj_4RBI.mp4,a wombaty pig in a cage looking at another pig in the dirt,Wombat,82,u2mBpj_4RBI,1718,Wombat_ID_000,1718,reference_images/Wombat/u2mBpj_4RBI.jpg,Animal,skipped,
Species_mp4/Wombat/RyeSAd3MDPM.mp4,a wombat is walking through the grass in front of a bush,Wombat,82,RyeSAd3MDPM,1718,Wombat_ID_000,1718,reference_images/Wombat/RyeSAd3MDPM.jpg,Animal,skipped,
Species_mp4/Wombat/Sovd-_UZREQ.mp4,a wombat sitting in the grass next to a building,Wombat,82,Sovd-_UZREQ,1718,Wombat_ID_000,1718,reference_images/Wombat/Sovd-_UZREQ.jpg,Animal,skipped,
Species_mp4/Wombat/Uty_mUqH0dI.mp4,a wombat sitting on the grass in front of a brick building,Wombat,82,Uty_mUqH0dI,1718,Wombat_ID_000,1718,reference_images/Wombat/Uty_mUqH0dI.jpg,Animal,skipped,
Species_mp4/Wombat/Wnm2-wOE4xI.mp4,a wombat is laying in the grass in a cemetery,Wombat,82,Wnm2-wOE4xI,1718,Wombat_ID_000,1718,reference_images/Wombat/Wnm2-wOE4xI.jpg,Animal,skipped,
Species_mp4/Wombat/Kuqjm8V2NkY.mp4,a wombat bear walking in the grass in a field,Wombat,82,Kuqjm8V2NkY,1718,Wombat_ID_000,1718,reference_images/Wombat/Kuqjm8V2NkY.jpg,Animal,skipped,
Species_mp4/Wombat/y6YxwRHHS1o.mp4,a wombat sitting in the grass behind a chain link fence,Wombat,82,y6YxwRHHS1o,1718,Wombat_ID_000,1718,reference_images/Wombat/y6YxwRHHS1o.jpg,Animal,skipped,
Species_mp4/Wombat/9MCI3BLOufE.mp4,a wombat bear eating grass in a field next to a stream,Wombat,82,9MCI3BLOufE,1718,Wombat_ID_000,1718,reference_images/Wombat/9MCI3BLOufE.jpg,Animal,skipped,
Species_mp4/Wombat/9YGANe519qs.mp4,a wombat in the grass eating on some grass,Wombat,82,9YGANe519qs,1718,Wombat_ID_000,1718,reference_images/Wombat/9YGANe519qs.jpg,Animal,skipped,
Species_mp4/Wombat/Rr-2l2Q5kWk.mp4,a wombat bear standing in the grass next to a pole,Wombat,82,Rr-2l2Q5kWk,1718,Wombat_ID_000,1718,reference_images/Wombat/Rr-2l2Q5kWk.jpg,Animal,skipped,
Species_mp4/Wombat/lt122YykuQM.mp4,a wombat standing in the grass near a rock wall,Wombat,82,lt122YykuQM,1718,Wombat_ID_000,1718,reference_images/Wombat/lt122YykuQM.jpg,Animal,skipped,
Species_mp4/Wombat/HJJK7XENfIg.mp4,a wombat eating grass in a grassy area with trees in the background,Wombat,82,HJJK7XENfIg,1718,Wombat_ID_000,1718,reference_images/Wombat/HJJK7XENfIg.jpg,Animal,skipped,
Species_mp4/Wombat/i3h4GsNVTqs.mp4,a wombat standing in the grass with its head down,Wombat,82,i3h4GsNVTqs,1718,Wombat_ID_000,1718,reference_images/Wombat/i3h4GsNVTqs.jpg,Animal,skipped,
Species_mp4/Wombat/aqK43Ng43Iw.mp4,a wombat standing in the grass with its head down,Wombat,82,aqK43Ng43Iw,1718,Wombat_ID_000,1718,reference_images/Wombat/aqK43Ng43Iw.jpg,Animal,skipped,
Species_mp4/Wombat/ZzlhyIxLwIE.mp4,a wombat sitting in the grass in front of a tree,Wombat,82,ZzlhyIxLwIE,1718,Wombat_ID_000,1718,reference_images/Wombat/ZzlhyIxLwIE.jpg,Animal,skipped,
Species_mp4/Wombat/IIN5we5uhB0.mp4,a wombaty bear in a grassy field with a bird nearby,Wombat,82,IIN5we5uhB0,1718,Wombat_ID_000,1718,reference_images/Wombat/IIN5we5uhB0.jpg,Animal,skipped,
Species_mp4/Wombat/qOx08xfO5GU.mp4,a wombat sitting on the ground eating a carrot,Wombat,82,qOx08xfO5GU,1718,Wombat_ID_000,1718,reference_images/Wombat/qOx08xfO5GU.jpg,Animal,skipped,
Species_mp4/Wombat/DSSFQYLcWC8.mp4,a wombat bear in a field of grass and weeds,Wombat,82,DSSFQYLcWC8,1718,Wombat_ID_000,1718,reference_images/Wombat/DSSFQYLcWC8.jpg,Animal,skipped,
Species_mp4/Wombat/ZoqVsdCNaW8.mp4,a wombat eating grass in a zoo enclosure with a wooden fence,Wombat,82,ZoqVsdCNaW8,1718,Wombat_ID_000,1718,reference_images/Wombat/ZoqVsdCNaW8.jpg,Animal,skipped,
Species_mp4/Wombat/Mq7xxEvfXfM.mp4,a wombat woman in blue shirt holding a bird in her hands,Wombat,82,Mq7xxEvfXfM,1719,Wombat_ID_001,1719,reference_images/Wombat/Mq7xxEvfXfM.jpg,Animal,skipped,
Species_mp4/Wombat/dR_TwAphwTw.mp4,a wombat is eating hay in a bowl in a zoo,Wombat,82,dR_TwAphwTw,1720,Wombat_ID_002,1720,reference_images/Wombat/dR_TwAphwTw.jpg,Animal,skipped,
Species_mp4/Wombat/hL-swPeLEzc.mp4,a wombat is laying on the ground in the hay,Wombat,82,hL-swPeLEzc,1720,Wombat_ID_002,1720,reference_images/Wombat/hL-swPeLEzc.jpg,Animal,skipped,
Species_mp4/Wombat/2oBqT-H6aXQ.mp4,a wombat cat eating from a bowl in the dark,Wombat,82,2oBqT-H6aXQ,1721,Wombat_ID_003,1721,reference_images/Wombat/2oBqT-H6aXQ.jpg,Animal,skipped,
Species_mp4/Wombat/sNYGxXveixE.mp4,a wombat in the grass with a tree branch in the background,Wombat,82,sNYGxXveixE,1722,Wombat_ID_004,1722,reference_images/Wombat/sNYGxXveixE.jpg,Animal,skipped,
Species_mp4/Wombat/aSx8P-zCFrk.mp4,a wombatched bear in a grassy field with tall grass,Wombat,82,aSx8P-zCFrk,1723,Wombat_ID_005,1723,reference_images/Wombat/aSx8P-zCFrk.jpg,Animal,skipped,
Species_mp4/Wombat/5L3v_3LV1ao.mp4,a wombat eating carrots in a container with a metal spoon,Wombat,82,5L3v_3LV1ao,1724,Wombat_ID_006,1724,reference_images/Wombat/5L3v_3LV1ao.jpg,Animal,skipped,
Species_mp4/Wombat/cme1UmqQc7w.mp4,a wombatched sheep grazing in a field of grass,Wombat,82,cme1UmqQc7w,1725,Wombat_ID_007,1725,reference_images/Wombat/cme1UmqQc7w.jpg,Animal,skipped,
Species_mp4/Wombat/Zmu7OhkgdLg.mp4,a wombatched elephant walking through a grassy field with trees in the background,Wombat,82,Zmu7OhkgdLg,1726,Wombat_ID_008,1726,reference_images/Wombat/Zmu7OhkgdLg.jpg,Animal,skipped,
Species_mp4/Wombat/NNGBr2KL4O0.mp4,a wombat is standing in the grass near a brick wall,Wombat,82,NNGBr2KL4O0,1727,Wombat_ID_009,1727,reference_images/Wombat/NNGBr2KL4O0.jpg,Animal,skipped,
Species_mp4/Wombat/DJRcBHrjXC8.mp4,a wombatched bear walking through a grassy field with mountains in the background,Wombat,82,DJRcBHrjXC8,1728,Wombat_ID_010,1728,reference_images/Wombat/DJRcBHrjXC8.jpg,Animal,skipped,
Species_mp4/Deer/XHoi_uxIpoM.mp4,a deer with antlers standing in a wooded area next to trees,Deer,18,XHoi_uxIpoM,300,Deer_ID_000,300,reference_images/Deer/XHoi_uxIpoM.jpg,Animal,skipped,
Species_mp4/Deer/Nqn0jJz0Wdw.mp4,a deer with antlers standing in a wooded area next to trees,Deer,18,Nqn0jJz0Wdw,300,Deer_ID_000,300,reference_images/Deer/Nqn0jJz0Wdw.jpg,Animal,skipped,
Species_mp4/Deer/Z4LIjBs9juA.mp4,a deer eating a plant in a forest with trees in the background,Deer,18,Z4LIjBs9juA,300,Deer_ID_000,300,reference_images/Deer/Z4LIjBs9juA.jpg,Animal,skipped,
Species_mp4/Deer/aXiiZ9Jv7fE.mp4,a deer with antlers standing in the woods with trees,Deer,18,aXiiZ9Jv7fE,300,Deer_ID_000,300,reference_images/Deer/aXiiZ9Jv7fE.jpg,Animal,skipped,
Species_mp4/Deer/acpQAw0YXAc.mp4,a deer with antlers standing in a wooded area next to a tree,Deer,18,acpQAw0YXAc,300,Deer_ID_000,300,reference_images/Deer/acpQAw0YXAc.jpg,Animal,skipped,
Species_mp4/Deer/dfGvZSyM47k.mp4,a deer with antlers standing in the woods looking up,Deer,18,dfGvZSyM47k,300,Deer_ID_000,300,reference_images/Deer/dfGvZSyM47k.jpg,Animal,skipped,
Species_mp4/Deer/5UcY9BMEsUw.mp4,a deer with antlers standing in a wooded area with trees,Deer,18,5UcY9BMEsUw,300,Deer_ID_000,300,reference_images/Deer/5UcY9BMEsUw.jpg,Animal,skipped,
Species_mp4/Deer/bAJspKZjSfk.mp4,a deer eating grass in a field next to a fence,Deer,18,bAJspKZjSfk,301,Deer_ID_001,301,reference_images/Deer/bAJspKZjSfk.jpg,Animal,skipped,
Species_mp4/Deer/75v4v1fB0B4.mp4,a deer standing in the snow eating grass in a forest,Deer,18,75v4v1fB0B4,301,Deer_ID_001,301,reference_images/Deer/75v4v1fB0B4.jpg,Animal,skipped,
Species_mp4/Deer/MfpQVluA29w_1.mp4,a deer is eating from a bowl in the woods,Deer,18,MfpQVluA29w_1,301,Deer_ID_001,301,reference_images/Deer/MfpQVluA29w_1.jpg,Animal,skipped,
Species_mp4/Deer/IdqTOh3J-0A.mp4,a deer standing in a river next to a lush green hillside,Deer,18,IdqTOh3J-0A,301,Deer_ID_001,301,reference_images/Deer/IdqTOh3J-0A.jpg,Animal,skipped,
Species_mp4/Deer/f1SqhPelhB4.mp4,a deer with large horns grazing in a wooded area,Deer,18,f1SqhPelhB4,301,Deer_ID_001,301,reference_images/Deer/f1SqhPelhB4.jpg,Animal,skipped,
Species_mp4/Deer/MiXaAtyQ9yo_1.mp4,a deer grazing in a field with trees in the background,Deer,18,MiXaAtyQ9yo_1,301,Deer_ID_001,301,reference_images/Deer/MiXaAtyQ9yo_1.jpg,Animal,skipped,
Species_mp4/Deer/MiXaAtyQ9yo_2.mp4,a deer grazing in a grassy field next to a tree,Deer,18,MiXaAtyQ9yo_2,301,Deer_ID_001,301,reference_images/Deer/MiXaAtyQ9yo_2.jpg,Animal,skipped,
Species_mp4/Deer/6pXpRr_6IVM.mp4,a deer standing in a field with trees and bushes in the background,Deer,18,6pXpRr_6IVM,301,Deer_ID_001,301,reference_images/Deer/6pXpRr_6IVM.jpg,Animal,skipped,
Species_mp4/Deer/gH2H8GOxy8I.mp4,a deer in the woods with a ball in its mouth,Deer,18,gH2H8GOxy8I,301,Deer_ID_001,301,reference_images/Deer/gH2H8GOxy8I.jpg,Animal,skipped,
Species_mp4/Deer/MfpQVluA29w_2.mp4,a deer with horns and antlers standing next to a tree,Deer,18,MfpQVluA29w_2,301,Deer_ID_001,301,reference_images/Deer/MfpQVluA29w_2.jpg,Animal,skipped,
Species_mp4/Deer/fpbQubqEvxA.mp4,a deer grazing in a field of grass near a fence,Deer,18,fpbQubqEvxA,301,Deer_ID_001,301,reference_images/Deer/fpbQubqEvxA.jpg,Animal,skipped,
Species_mp4/Deer/QazjAojCdLY.mp4,a deer standing in a stream of water near a forest,Deer,18,QazjAojCdLY,301,Deer_ID_001,301,reference_images/Deer/QazjAojCdLY.jpg,Animal,skipped,
Species_mp4/Deer/GJurVI4yMDA.mp4,a deer standing in a field of grass next to a tree,Deer,18,GJurVI4yMDA,302,Deer_ID_002,302,reference_images/Deer/GJurVI4yMDA.jpg,Animal,skipped,
Species_mp4/Moose/aKTcmsmfuPM.mp4,a moose grazing in a grassy field,Moose,52,aKTcmsmfuPM,1297,Moose_ID_000,1297,reference_images/Moose/aKTcmsmfuPM.jpg,Animal,skipped,
Species_mp4/Deer/KEYEmyDA6kE.mp4,a deer standing in the woods with a tree branch in the foreground,Deer,18,KEYEmyDA6kE,303,Deer_ID_003,303,reference_images/Deer/KEYEmyDA6kE.jpg,Animal,skipped,
Species_mp4/Deer/nLKCsv8QpvE_1.mp4,a deer standing in a field of grass next to a forest,Deer,18,nLKCsv8QpvE_1,303,Deer_ID_003,303,reference_images/Deer/nLKCsv8QpvE_1.jpg,Animal,skipped,
Species_mp4/Deer/kvMmhwW_q8Y.mp4,a deer standing in the grass with a quote on it,Deer,18,kvMmhwW_q8Y,303,Deer_ID_003,303,reference_images/Deer/kvMmhwW_q8Y.jpg,Animal,skipped,
Species_mp4/Deer/cjXjoz03fP0.mp4,a deer is eating grass in the woods by itself,Deer,18,cjXjoz03fP0,303,Deer_ID_003,303,reference_images/Deer/cjXjoz03fP0.jpg,Animal,skipped,
Species_mp4/Deer/10sb4mCTJ5Y.mp4,a deer eating grass in a yard next to a white fence,Deer,18,10sb4mCTJ5Y,303,Deer_ID_003,303,reference_images/Deer/10sb4mCTJ5Y.jpg,Animal,skipped,
Species_mp4/Deer/I4LVokewVwM.mp4,a deer with large horns grazing in a grassy area with trees,Deer,18,I4LVokewVwM,304,Deer_ID_004,304,reference_images/Deer/I4LVokewVwM.jpg,Animal,skipped,
Species_mp4/Deer/hNhetPOtKNw.mp4,a deer standing in a field of tall grass and yellow flowers,Deer,18,hNhetPOtKNw,305,Deer_ID_005,305,reference_images/Deer/hNhetPOtKNw.jpg,Animal,skipped,
Species_mp4/Deer/51or1r_g3RU.mp4,a deer grazing on grass next to a car on a dirt road,Deer,18,51or1r_g3RU,306,Deer_ID_006,306,reference_images/Deer/51or1r_g3RU.jpg,Animal,skipped,
Species_mp4/Deer/TC96ANbvrKA.mp4,a deer drinking water from a river in a rocky area,Deer,18,TC96ANbvrKA,307,Deer_ID_007,307,reference_images/Deer/TC96ANbvrKA.jpg,Animal,skipped,
Species_mp4/Deer/HG2kCmxTXPs_3.mp4,a deer in a field of green grass with trees in the background,Deer,18,HG2kCmxTXPs_3,308,Deer_ID_008,308,reference_images/Deer/HG2kCmxTXPs_3.jpg,Animal,skipped,
Species_mp4/Deer/NhiwdXDrWGQ.mp4,a deer is walking through the woods in the daytime,Deer,18,NhiwdXDrWGQ,309,Deer_ID_009,309,reference_images/Deer/NhiwdXDrWGQ.jpg,Animal,skipped,
Species_mp4/Deer/dGLhzHms4iw.mp4,a deer is standing behind a fence looking at the camera,Deer,18,dGLhzHms4iw,310,Deer_ID_010,310,reference_images/Deer/dGLhzHms4iw.jpg,Animal,skipped,
Species_mp4/Moose/mJ40W3wFVPU.mp4,a moose is standing in the woods at night with a camera,Moose,52,mJ40W3wFVPU,1298,Moose_ID_001,1298,reference_images/Moose/mJ40W3wFVPU.jpg,Animal,skipped,
Species_mp4/Moose/sync8iv6_0c.mp4,a moose is walking through the grass by a pond at night,Moose,52,sync8iv6_0c,1298,Moose_ID_001,1298,reference_images/Moose/sync8iv6_0c.jpg,Animal,skipped,
Species_mp4/Moose/QQ_LDMJok-M.mp4,a moose swimming in a pond with trees and bushes around it,Moose,52,QQ_LDMJok-M,1299,Moose_ID_002,1299,reference_images/Moose/QQ_LDMJok-M.jpg,Animal,skipped,
Species_mp4/Deer/MQqQfx17GnI.mp4,a deer standing in the woods with a lot of trees,Deer,18,MQqQfx17GnI,311,Deer_ID_011,311,reference_images/Deer/MQqQfx17GnI.jpg,Animal,skipped,
Species_mp4/Deer/xfhfXum6JF0.mp4,a deer laying in the woods with its antlers hanging out,Deer,18,xfhfXum6JF0,311,Deer_ID_011,311,reference_images/Deer/xfhfXum6JF0.jpg,Animal,skipped,
Species_mp4/Deer/7DjryILRGhw.mp4,a deer with large horns standing in a forest with yellow leaves,Deer,18,7DjryILRGhw,311,Deer_ID_011,311,reference_images/Deer/7DjryILRGhw.jpg,Animal,skipped,
Species_mp4/Deer/nkVFoUXDXfQ.mp4,a deer with antlers standing in a forest with yellow leaves,Deer,18,nkVFoUXDXfQ,311,Deer_ID_011,311,reference_images/Deer/nkVFoUXDXfQ.jpg,Animal,skipped,
Species_mp4/Deer/1f_sYvWxV28.mp4,a deer standing in the snow near a rock wall,Deer,18,1f_sYvWxV28,311,Deer_ID_011,311,reference_images/Deer/1f_sYvWxV28.jpg,Animal,skipped,
Species_mp4/Deer/q2IVN7U29ag.mp4,a deer with antlers standing in a grassy field with trees in the background,Deer,18,q2IVN7U29ag,311,Deer_ID_011,311,reference_images/Deer/q2IVN7U29ag.jpg,Animal,skipped,
Species_mp4/Deer/Qoi7RKapT64.mp4,a deer laying down with its head on a rock,Deer,18,Qoi7RKapT64,311,Deer_ID_011,311,reference_images/Deer/Qoi7RKapT64.jpg,Animal,skipped,
Species_mp4/Deer/PAFZVQPhcUg.mp4,a deer eating grass in a field with trees in the background,Deer,18,PAFZVQPhcUg,312,Deer_ID_012,312,reference_images/Deer/PAFZVQPhcUg.jpg,Animal,skipped,
Species_mp4/Moose/M3vU8XyjDPo.mp4,a moose standing in a field with trees in the background,Moose,52,M3vU8XyjDPo,1300,Moose_ID_003,1300,reference_images/Moose/M3vU8XyjDPo.jpg,Animal,skipped,
Species_mp4/Moose/xB7iLyHShf0.mp4,a moose standing in a field of tall grass next to trees,Moose,52,xB7iLyHShf0,1300,Moose_ID_003,1300,reference_images/Moose/xB7iLyHShf0.jpg,Animal,skipped,
Species_mp4/Moose/761ef0UOOjs.mp4,a moose walking through a lush green forest next to a river,Moose,52,761ef0UOOjs,1300,Moose_ID_003,1300,reference_images/Moose/761ef0UOOjs.jpg,Animal,skipped,
Species_mp4/Moose/ZVgHIlt33Nk.mp4,a moose standing in the woods eating grass and trees,Moose,52,ZVgHIlt33Nk,1300,Moose_ID_003,1300,reference_images/Moose/ZVgHIlt33Nk.jpg,Animal,skipped,
Species_mp4/Moose/BZw20zVAGbg.mp4,a moose walking in the snow with a car in the background,Moose,52,BZw20zVAGbg,1300,Moose_ID_003,1300,reference_images/Moose/BZw20zVAGbg.jpg,Animal,skipped,
Species_mp4/Moose/38kEk3IeJ0s.mp4,a moose grazing in a field of grass,Moose,52,38kEk3IeJ0s,1300,Moose_ID_003,1300,reference_images/Moose/38kEk3IeJ0s.jpg,Animal,skipped,
Species_mp4/Moose/TBXDLeY2hcg.mp4,a moose drinking water from a pond in a grassy field,Moose,52,TBXDLeY2hcg,1300,Moose_ID_003,1300,reference_images/Moose/TBXDLeY2hcg.jpg,Animal,skipped,
Species_mp4/Moose/sbyhspe8N2s.mp4,a moose with large antlers standing in a grassy area,Moose,52,sbyhspe8N2s,1300,Moose_ID_003,1300,reference_images/Moose/sbyhspe8N2s.jpg,Animal,skipped,
Species_mp4/Moose/PlNWNDd865A.mp4,a moose laying down in the grass with its head on a stick,Moose,52,PlNWNDd865A,1300,Moose_ID_003,1300,reference_images/Moose/PlNWNDd865A.jpg,Animal,skipped,
Species_mp4/Moose/H3Fr2hoVSA8.mp4,a moose walking through the snow in a forest with trees,Moose,52,H3Fr2hoVSA8,1300,Moose_ID_003,1300,reference_images/Moose/H3Fr2hoVSA8.jpg,Animal,skipped,
Species_mp4/Moose/vJ7fsfKM-uM.mp4,a moose standing in a field with trees and grass,Moose,52,vJ7fsfKM-uM,1300,Moose_ID_003,1300,reference_images/Moose/vJ7fsfKM-uM.jpg,Animal,skipped,
Species_mp4/Moose/VqeHPfP-ewk.mp4,a moose drinking water from a river with its head in the water,Moose,52,VqeHPfP-ewk,1300,Moose_ID_003,1300,reference_images/Moose/VqeHPfP-ewk.jpg,Animal,skipped,
Species_mp4/Moose/NxLM8a37My4_2.mp4,a moose with horns sticking out of its mouth in a forest,Moose,52,NxLM8a37My4_2,1300,Moose_ID_003,1300,reference_images/Moose/NxLM8a37My4_2.jpg,Animal,skipped,
Species_mp4/Moose/GmjLzOe7eE8.mp4,a moose laying in the snow with its head in the snow,Moose,52,GmjLzOe7eE8,1300,Moose_ID_003,1300,reference_images/Moose/GmjLzOe7eE8.jpg,Animal,skipped,
Species_mp4/Moose/_OCFlyzxqLs.mp4,a moose statue in a flower bed in a yard,Moose,52,_OCFlyzxqLs,1300,Moose_ID_003,1300,reference_images/Moose/_OCFlyzxqLs.jpg,Animal,skipped,
Species_mp4/Moose/bQlJG3lR1aQ.mp4,a moose standing in the water drinking from a pond,Moose,52,bQlJG3lR1aQ,1300,Moose_ID_003,1300,reference_images/Moose/bQlJG3lR1aQ.jpg,Animal,skipped,
Species_mp4/Moose/QvTqRVSQF-c.mp4,a moose is drinking water from a pond in the woods,Moose,52,QvTqRVSQF-c,1300,Moose_ID_003,1300,reference_images/Moose/QvTqRVSQF-c.jpg,Animal,skipped,
Species_mp4/Moose/IOF6hgArnCA.mp4,a moose is eating grass on the side of the road,Moose,52,IOF6hgArnCA,1300,Moose_ID_003,1300,reference_images/Moose/IOF6hgArnCA.jpg,Animal,skipped,
Species_mp4/Moose/OHfziplEB78.mp4,a moose grazing on grass next to a road in a field,Moose,52,OHfziplEB78,1300,Moose_ID_003,1300,reference_images/Moose/OHfziplEB78.jpg,Animal,skipped,
Species_mp4/Deer/vrpGkpPbzTs.mp4,a deer walking in the snow near a tree in a fenced in area,Deer,18,vrpGkpPbzTs,313,Deer_ID_013,313,reference_images/Deer/vrpGkpPbzTs.jpg,Animal,skipped,
Species_mp4/Deer/JJFXIwlty1c.mp4,a deer standing in the snow near a tree in the woods,Deer,18,JJFXIwlty1c,313,Deer_ID_013,313,reference_images/Deer/JJFXIwlty1c.jpg,Animal,skipped,
Species_mp4/Moose/skGZr0bd0VA.mp4,a moose standing in the grass with its head down,Moose,52,skGZr0bd0VA,1301,Moose_ID_004,1301,reference_images/Moose/skGZr0bd0VA.jpg,Animal,skipped,
Species_mp4/Deer/ts3LwOWcsFU_2.mp4,a deer eating grass in a pen with a person standing nearby,Deer,18,ts3LwOWcsFU_2,314,Deer_ID_014,314,reference_images/Deer/ts3LwOWcsFU_2.jpg,Animal,skipped,
Species_mp4/Deer/ts3LwOWcsFU_1.mp4,a deer standing in a pen with a person standing next to it,Deer,18,ts3LwOWcsFU_1,314,Deer_ID_014,314,reference_images/Deer/ts3LwOWcsFU_1.jpg,Animal,skipped,
Species_mp4/Deer/EAK1RDmGhaY.mp4,a deer with a baby in its mouth standing in a field,Deer,18,EAK1RDmGhaY,315,Deer_ID_015,315,reference_images/Deer/EAK1RDmGhaY.jpg,Animal,skipped,
Species_mp4/Moose/R_H_17v1pyw.mp4,a moose is standing in the woods with its head turned,Moose,52,R_H_17v1pyw,1302,Moose_ID_005,1302,reference_images/Moose/R_H_17v1pyw.jpg,Animal,skipped,
Species_mp4/Deer/H7TKZeDXZ3E.mp4,a deer standing in a field next to a fence and bushes,Deer,18,H7TKZeDXZ3E,316,Deer_ID_016,316,reference_images/Deer/H7TKZeDXZ3E.jpg,Animal,skipped,
Species_mp4/Deer/Jzyq3dFHgbk_2.mp4,a deer standing in a field next to a bush and a fence,Deer,18,Jzyq3dFHgbk_2,316,Deer_ID_016,316,reference_images/Deer/Jzyq3dFHgbk_2.jpg,Animal,skipped,
Species_mp4/Deer/SD-HEp0TO-4.mp4,a deer is standing in the grass near a tree,Deer,18,SD-HEp0TO-4,316,Deer_ID_016,316,reference_images/Deer/SD-HEp0TO-4.jpg,Animal,skipped,
Species_mp4/Deer/zyFSjx5xw6A.mp4,a deer standing on a lush green field next to a forest,Deer,18,zyFSjx5xw6A,316,Deer_ID_016,316,reference_images/Deer/zyFSjx5xw6A.jpg,Animal,skipped,
Species_mp4/Deer/m_IY8T0Sn5g.mp4,a deer with long horns grazing in a grassy field,Deer,18,m_IY8T0Sn5g,317,Deer_ID_017,317,reference_images/Deer/m_IY8T0Sn5g.jpg,Animal,skipped,
Species_mp4/Deer/SYlX6TR558I.mp4,a deer drinking water from a pond in a zoo enclosure,Deer,18,SYlX6TR558I,317,Deer_ID_017,317,reference_images/Deer/SYlX6TR558I.jpg,Animal,skipped,
Species_mp4/Deer/qRVKpRlvx-k.mp4,a deer drinking water from a puddle in a dirt field,Deer,18,qRVKpRlvx-k,317,Deer_ID_017,317,reference_images/Deer/qRVKpRlvx-k.jpg,Animal,skipped,
Species_mp4/Deer/lCR6g1Yx1V8.mp4,a deer eating grass in a wooded area with trees in the background,Deer,18,lCR6g1Yx1V8,318,Deer_ID_018,318,reference_images/Deer/lCR6g1Yx1V8.jpg,Animal,skipped,
Species_mp4/Deer/XSMUthqnw2M.mp4,a deer with antlers in a grassy field with tall grass,Deer,18,XSMUthqnw2M,319,Deer_ID_019,319,reference_images/Deer/XSMUthqnw2M.jpg,Animal,skipped,
Species_mp4/Deer/RlJ6k88ahM4.mp4,a deer standing next to a tree in a grassy field,Deer,18,RlJ6k88ahM4,320,Deer_ID_020,320,reference_images/Deer/RlJ6k88ahM4.jpg,Animal,skipped,
Species_mp4/Deer/tn4B_s8Wttk.mp4,a deer in a field of tall grass with a blurry background,Deer,18,tn4B_s8Wttk,321,Deer_ID_021,321,reference_images/Deer/tn4B_s8Wttk.jpg,Animal,skipped,
Species_mp4/Moose/441hPNZb0Ts.mp4,a moose standing on a rocky bank next to a body of water,Moose,52,441hPNZb0Ts,1303,Moose_ID_006,1303,reference_images/Moose/441hPNZb0Ts.jpg,Animal,skipped,
Species_mp4/Moose/wrAQvlITsYo.mp4,a moose drinking water from a puddle in a field,Moose,52,wrAQvlITsYo,1303,Moose_ID_006,1303,reference_images/Moose/wrAQvlITsYo.jpg,Animal,skipped,
Species_mp4/Deer/nLKCsv8QpvE_2.mp4,a deer in the dark walking through a field of grass,Deer,18,nLKCsv8QpvE_2,322,Deer_ID_022,322,reference_images/Deer/nLKCsv8QpvE_2.jpg,Animal,skipped,
Species_mp4/Deer/74xxAP2oZO8.mp4,a deer in the woods looking at the camera through the trees,Deer,18,74xxAP2oZO8,323,Deer_ID_023,323,reference_images/Deer/74xxAP2oZO8.jpg,Animal,skipped,
Species_mp4/Moose/MWRixoeZ6nk.mp4,a moose walking through a forest with a person in the background,Moose,52,MWRixoeZ6nk,1304,Moose_ID_007,1304,reference_images/Moose/MWRixoeZ6nk.jpg,Animal,skipped,
Species_mp4/Deer/nPHRtq2Oipw.mp4,a deer standing in the middle of a forest next to a road,Deer,18,nPHRtq2Oipw,324,Deer_ID_024,324,reference_images/Deer/nPHRtq2Oipw.jpg,Animal,skipped,
Species_mp4/Deer/i0jmw9u5YFQ.mp4,a deer standing in the middle of a forest next to a road,Deer,18,i0jmw9u5YFQ,324,Deer_ID_024,324,reference_images/Deer/i0jmw9u5YFQ.jpg,Animal,skipped,
Species_mp4/Deer/zfgR_efRSwA.mp4,a deer standing in the middle of a forest next to a road,Deer,18,zfgR_efRSwA,324,Deer_ID_024,324,reference_images/Deer/zfgR_efRSwA.jpg,Animal,skipped,
Species_mp4/Deer/z96dsEifROs.mp4,a deer standing in the middle of a forest next to a road,Deer,18,z96dsEifROs,324,Deer_ID_024,324,reference_images/Deer/z96dsEifROs.jpg,Animal,skipped,
Species_mp4/Deer/pAms_88LJmI.mp4,a deer standing in the middle of a forest next to a road,Deer,18,pAms_88LJmI,324,Deer_ID_024,324,reference_images/Deer/pAms_88LJmI.jpg,Animal,skipped,
Species_mp4/Deer/MBp8oHFRnw4.mp4,a deer standing in the middle of a forest next to a road,Deer,18,MBp8oHFRnw4,324,Deer_ID_024,324,reference_images/Deer/MBp8oHFRnw4.jpg,Animal,skipped,
Species_mp4/Deer/nkmkN02B9NU.mp4,a deer standing in the middle of a forest next to a road,Deer,18,nkmkN02B9NU,324,Deer_ID_024,324,reference_images/Deer/nkmkN02B9NU.jpg,Animal,skipped,
Species_mp4/Deer/-NyWrrNnufA.mp4,a deer standing in the middle of a forest next to a road,Deer,18,-NyWrrNnufA,324,Deer_ID_024,324,reference_images/Deer/-NyWrrNnufA.jpg,Animal,skipped,
Species_mp4/Deer/IdfBYwH-s8s.mp4,a deer standing in the middle of a forest next to a road,Deer,18,IdfBYwH-s8s,324,Deer_ID_024,324,reference_images/Deer/IdfBYwH-s8s.jpg,Animal,skipped,
Species_mp4/Deer/xAZU8bzGzyA.mp4,a deer standing in the middle of a forest next to a road,Deer,18,xAZU8bzGzyA,324,Deer_ID_024,324,reference_images/Deer/xAZU8bzGzyA.jpg,Animal,skipped,
Species_mp4/Deer/bHkARm21bKU.mp4,a deer standing in the middle of a forest next to a road,Deer,18,bHkARm21bKU,324,Deer_ID_024,324,reference_images/Deer/bHkARm21bKU.jpg,Animal,skipped,
Species_mp4/Deer/xDTNtUtqA5Q.mp4,a deer standing in the grass next to a building at night,Deer,18,xDTNtUtqA5Q,325,Deer_ID_025,325,reference_images/Deer/xDTNtUtqA5Q.jpg,Animal,skipped,
Species_mp4/Deer/sQOQdBLHrLk_2.mp4,a deer standing in a field of grass with a bird in the background,Deer,18,sQOQdBLHrLk_2,326,Deer_ID_026,326,reference_images/Deer/sQOQdBLHrLk_2.jpg,Animal,skipped,
Species_mp4/Deer/9ZwGZEyfdMk_2.mp4,a deer grazing in a field with trees in the background,Deer,18,9ZwGZEyfdMk_2,327,Deer_ID_027,327,reference_images/Deer/9ZwGZEyfdMk_2.jpg,Animal,skipped,
Species_mp4/Deer/cVcd9GcyWjs.mp4,a deer standing on a dirt road next to a forest,Deer,18,cVcd9GcyWjs,328,Deer_ID_028,328,reference_images/Deer/cVcd9GcyWjs.jpg,Animal,skipped,
Species_mp4/Deer/t0Q7bdJ10Fo_2.mp4,a deer standing in a field with a tree in the background,Deer,18,t0Q7bdJ10Fo_2,329,Deer_ID_029,329,reference_images/Deer/t0Q7bdJ10Fo_2.jpg,Animal,skipped,
Species_mp4/Deer/w7O9spRbTvM.mp4,a deer standing in a stream of water near a grassy area,Deer,18,w7O9spRbTvM,330,Deer_ID_030,330,reference_images/Deer/w7O9spRbTvM.jpg,Animal,skipped,
Species_mp4/Deer/njNF3t3nEFc.mp4,a deer is standing in the dark next to a building,Deer,18,njNF3t3nEFc,331,Deer_ID_031,331,reference_images/Deer/njNF3t3nEFc.jpg,Animal,skipped,
Species_mp4/Moose/TqWbNnt8-jM.mp4,a moose walking through a small stream of water in a grassy field,Moose,52,TqWbNnt8-jM,1305,Moose_ID_008,1305,reference_images/Moose/TqWbNnt8-jM.jpg,Animal,skipped,
Species_mp4/Deer/uXXbYnXtYOE.mp4,a deer with antlers standing in a forest with trees,Deer,18,uXXbYnXtYOE,332,Deer_ID_032,332,reference_images/Deer/uXXbYnXtYOE.jpg,Animal,skipped,
Species_mp4/Deer/k76hBCrPQ_U.mp4,a deer with antlers standing in a forest with trees,Deer,18,k76hBCrPQ_U,332,Deer_ID_032,332,reference_images/Deer/k76hBCrPQ_U.jpg,Animal,skipped,
Species_mp4/Deer/f8ayzQr3WwU.mp4,a deer standing in the woods eating a branch of a tree,Deer,18,f8ayzQr3WwU,333,Deer_ID_033,333,reference_images/Deer/f8ayzQr3WwU.jpg,Animal,skipped,
Species_mp4/Deer/Naow4YcuvXA.mp4,a deer standing in the woods eating leaves off a tree,Deer,18,Naow4YcuvXA,333,Deer_ID_033,333,reference_images/Deer/Naow4YcuvXA.jpg,Animal,skipped,
Species_mp4/Deer/BEV4yeSQKKc.mp4,a deer in the woods eating leaves off a tree branch,Deer,18,BEV4yeSQKKc,333,Deer_ID_033,333,reference_images/Deer/BEV4yeSQKKc.jpg,Animal,skipped,
Species_mp4/Deer/toAntFeheI4.mp4,a deer in the woods with a sign for a trail,Deer,18,toAntFeheI4,334,Deer_ID_034,334,reference_images/Deer/toAntFeheI4.jpg,Animal,skipped,
Species_mp4/Deer/7k3T5aVB7l4.mp4,a deer is standing in the grass near a building,Deer,18,7k3T5aVB7l4,335,Deer_ID_035,335,reference_images/Deer/7k3T5aVB7l4.jpg,Animal,skipped,
Species_mp4/Deer/ESRrizszvGQ.mp4,a deer standing in a grassy field next to a row of parked cars,Deer,18,ESRrizszvGQ,336,Deer_ID_036,336,reference_images/Deer/ESRrizszvGQ.jpg,Animal,skipped,
Species_mp4/Deer/QRwFs9tMpR4.mp4,a deer eating grass in a field with rocks and trees,Deer,18,QRwFs9tMpR4,337,Deer_ID_037,337,reference_images/Deer/QRwFs9tMpR4.jpg,Animal,skipped,
Species_mp4/Deer/y_kkZfytfJ8_2.mp4,a deer in a field of grass with bushes and trees,Deer,18,y_kkZfytfJ8_2,338,Deer_ID_038,338,reference_images/Deer/y_kkZfytfJ8_2.jpg,Animal,skipped,
Species_mp4/Moose/iAvJnAJC10g.mp4,a moose standing in the grass next to a bush and a ladder,Moose,52,iAvJnAJC10g,1306,Moose_ID_009,1306,reference_images/Moose/iAvJnAJC10g.jpg,Animal,skipped,
Species_mp4/Deer/ZGeliyTKkIM.mp4,a deer and her calf are seen in the dark at night,Deer,18,ZGeliyTKkIM,339,Deer_ID_039,339,reference_images/Deer/ZGeliyTKkIM.jpg,Animal,skipped,
Species_mp4/Deer/w26hSDLhptk.mp4,a deer with horns standing on a grassy field next to rocks,Deer,18,w26hSDLhptk,340,Deer_ID_040,340,reference_images/Deer/w26hSDLhptk.jpg,Animal,skipped,
Species_mp4/Deer/GLIHgIuNkJs.mp4,a deer eating grass from a trough in a fenced in area,Deer,18,GLIHgIuNkJs,340,Deer_ID_040,340,reference_images/Deer/GLIHgIuNkJs.jpg,Animal,skipped,
Species_mp4/Deer/2e2lA0V9Fqk.mp4,a deer standing in a field with grass and bushes,Deer,18,2e2lA0V9Fqk,340,Deer_ID_040,340,reference_images/Deer/2e2lA0V9Fqk.jpg,Animal,skipped,
Species_mp4/Deer/zz8ctataO8Y.mp4,a deer in the snow eating grass in the middle of the day,Deer,18,zz8ctataO8Y,341,Deer_ID_041,341,reference_images/Deer/zz8ctataO8Y.jpg,Animal,skipped,
Species_mp4/Deer/TBQbFGSya90.mp4,a deer standing in the grass next to a trash can,Deer,18,TBQbFGSya90,342,Deer_ID_042,342,reference_images/Deer/TBQbFGSya90.jpg,Animal,skipped,
Species_mp4/Deer/ohiNdOgke_I.mp4,a deer is eating grass in a field with trees in the background,Deer,18,ohiNdOgke_I,343,Deer_ID_043,343,reference_images/Deer/ohiNdOgke_I.jpg,Animal,skipped,
Species_mp4/Deer/qGcQhaIa6wg.mp4,a deer standing in a yard next to a wooden fence,Deer,18,qGcQhaIa6wg,344,Deer_ID_044,344,reference_images/Deer/qGcQhaIa6wg.jpg,Animal,skipped,
Species_mp4/Deer/WQHz1amp9Yo.mp4,a deer is eating food from a pond near a rock wall,Deer,18,WQHz1amp9Yo,345,Deer_ID_045,345,reference_images/Deer/WQHz1amp9Yo.jpg,Animal,skipped,
Species_mp4/Deer/RLQ8ToGNDLQ.mp4,a deer is eating a red ball in the grass,Deer,18,RLQ8ToGNDLQ,345,Deer_ID_045,345,reference_images/Deer/RLQ8ToGNDLQ.jpg,Animal,skipped,
Species_mp4/Deer/L0auH1SAV_Y.mp4,a deer is eating grass in a field with a black background,Deer,18,L0auH1SAV_Y,345,Deer_ID_045,345,reference_images/Deer/L0auH1SAV_Y.jpg,Animal,skipped,
Species_mp4/Deer/RBIn5ZD9Zrk.mp4,a deer laying in the grass with its head on its back,Deer,18,RBIn5ZD9Zrk,345,Deer_ID_045,345,reference_images/Deer/RBIn5ZD9Zrk.jpg,Animal,skipped,
Species_mp4/Deer/ExtQmKdw1F0_1.mp4,a deer in a rocky area with a tree in the background,Deer,18,ExtQmKdw1F0_1,345,Deer_ID_045,345,reference_images/Deer/ExtQmKdw1F0_1.jpg,Animal,skipped,
Species_mp4/Deer/2HUhHd01VIE.mp4,a deer standing in a field of tall grass next to a forest,Deer,18,2HUhHd01VIE,346,Deer_ID_046,346,reference_images/Deer/2HUhHd01VIE.jpg,Animal,skipped,
Species_mp4/Deer/cQY-7AbBXoI.mp4,a deer standing in the woods looking at the camera,Deer,18,cQY-7AbBXoI,347,Deer_ID_047,347,reference_images/Deer/cQY-7AbBXoI.jpg,Animal,skipped,
Species_mp4/Deer/xhho4Asnmbs.mp4,a deer eating hay from a pile of hay in a snowy area,Deer,18,xhho4Asnmbs,348,Deer_ID_048,348,reference_images/Deer/xhho4Asnmbs.jpg,Animal,skipped,
Species_mp4/Deer/DJ_juvs2qAo.mp4,a deer drinking water from a pond in the woods,Deer,18,DJ_juvs2qAo,349,Deer_ID_049,349,reference_images/Deer/DJ_juvs2qAo.jpg,Animal,skipped,
Species_mp4/Deer/qa5bLxEdLf0.mp4,a deer is eating grass in a field with trees in the background,Deer,18,qa5bLxEdLf0,349,Deer_ID_049,349,reference_images/Deer/qa5bLxEdLf0.jpg,Animal,skipped,
Species_mp4/Deer/kRgaUA6dywM.mp4,a deer eating grass in a field next to a bush,Deer,18,kRgaUA6dywM,350,Deer_ID_050,350,reference_images/Deer/kRgaUA6dywM.jpg,Animal,skipped,
Species_mp4/Deer/zw3JKaQgtgU.mp4,a deer standing in a fenced in area next to a pond,Deer,18,zw3JKaQgtgU,351,Deer_ID_051,351,reference_images/Deer/zw3JKaQgtgU.jpg,Animal,skipped,
Species_mp4/Deer/9mPlPp21IKA_2.mp4,a deer standing in a field of tall grass with a large antelope,Deer,18,9mPlPp21IKA_2,352,Deer_ID_052,352,reference_images/Deer/9mPlPp21IKA_2.jpg,Animal,skipped,
Species_mp4/Deer/zUhhWg-7O2A_2.mp4,a deer in the woods eating grass and weeds,Deer,18,zUhhWg-7O2A_2,353,Deer_ID_053,353,reference_images/Deer/zUhhWg-7O2A_2.jpg,Animal,skipped,
Species_mp4/Deer/BkH0_rK27PQ.mp4,a deer standing in the grass next to a tree and a bush,Deer,18,BkH0_rK27PQ,354,Deer_ID_054,354,reference_images/Deer/BkH0_rK27PQ.jpg,Animal,skipped,
Species_mp4/Deer/06E_EqSH3lI_2.mp4,a deer eating grass in a field with trees and bushes,Deer,18,06E_EqSH3lI_2,355,Deer_ID_055,355,reference_images/Deer/06E_EqSH3lI_2.jpg,Animal,skipped,
Species_mp4/Deer/I2MafXkQ9ro.mp4,a deer standing in the middle of a dirt road next to a bush,Deer,18,I2MafXkQ9ro,356,Deer_ID_056,356,reference_images/Deer/I2MafXkQ9ro.jpg,Animal,skipped,
Species_mp4/Deer/DDyyC4Yrsxo.mp4,a deer with antlers standing in a forest eating leaves,Deer,18,DDyyC4Yrsxo,357,Deer_ID_057,357,reference_images/Deer/DDyyC4Yrsxo.jpg,Animal,skipped,
Species_mp4/Deer/zJz_nmlHsrM.mp4,a deer is eating grass in a field of tall grass,Deer,18,zJz_nmlHsrM,358,Deer_ID_058,358,reference_images/Deer/zJz_nmlHsrM.jpg,Animal,skipped,
Species_mp4/Deer/s3p_4XQJgDw.mp4,a deer standing in a field of tall grass with a bush in the background,Deer,18,s3p_4XQJgDw,359,Deer_ID_059,359,reference_images/Deer/s3p_4XQJgDw.jpg,Animal,skipped,
Species_mp4/Deer/7VF6tjxY_N8.mp4,a deer standing in a field of tall grass with a bush in the background,Deer,18,7VF6tjxY_N8,359,Deer_ID_059,359,reference_images/Deer/7VF6tjxY_N8.jpg,Animal,skipped,
Species_mp4/Deer/NdW5taF6SDQ.mp4,a deer eating grass in a field with a dead animal,Deer,18,NdW5taF6SDQ,360,Deer_ID_060,360,reference_images/Deer/NdW5taF6SDQ.jpg,Animal,skipped,
Species_mp4/Deer/qK9fJrUVuJ4.mp4,a deer eating leaves in the woods on a trail,Deer,18,qK9fJrUVuJ4,361,Deer_ID_061,361,reference_images/Deer/qK9fJrUVuJ4.jpg,Animal,skipped,
Species_mp4/Deer/RPOTmYK58L0.mp4,a deer is walking in the grass near a tree,Deer,18,RPOTmYK58L0,362,Deer_ID_062,362,reference_images/Deer/RPOTmYK58L0.jpg,Animal,skipped,
Species_mp4/Deer/2fs9MCK0ZK0.mp4,a deer standing in the grass next to a tree on a hill,Deer,18,2fs9MCK0ZK0,363,Deer_ID_063,363,reference_images/Deer/2fs9MCK0ZK0.jpg,Animal,skipped,
Species_mp4/Deer/inbwFgxjdJI.mp4,a deer is walking through the dark woods at night,Deer,18,inbwFgxjdJI,364,Deer_ID_064,364,reference_images/Deer/inbwFgxjdJI.jpg,Animal,skipped,
Species_mp4/Deer/NMvDlMMvWGk_1.mp4,a deer standing in the woods next to a fallen tree,Deer,18,NMvDlMMvWGk_1,365,Deer_ID_065,365,reference_images/Deer/NMvDlMMvWGk_1.jpg,Animal,skipped,
Species_mp4/Deer/446AOUoz9ig.mp4,a deer with antlers standing in a wooded area next to trees,Deer,18,446AOUoz9ig,366,Deer_ID_066,366,reference_images/Deer/446AOUoz9ig.jpg,Animal,skipped,
Species_mp4/Moose/Y_jVKZ6Hofs.mp4,a moose walking in the rain,Moose,52,Y_jVKZ6Hofs,1307,Moose_ID_010,1307,reference_images/Moose/Y_jVKZ6Hofs.jpg,Animal,skipped,
Species_mp4/Moose/xWS6Jh8jmHA.mp4,a moose standing on a porch looking out at a field,Moose,52,xWS6Jh8jmHA,1308,Moose_ID_011,1308,reference_images/Moose/xWS6Jh8jmHA.jpg,Animal,skipped,
Species_mp4/Deer/DTFw5p_dCqU.mp4,a deer is standing in the middle of a forest with trees,Deer,18,DTFw5p_dCqU,367,Deer_ID_067,367,reference_images/Deer/DTFw5p_dCqU.jpg,Animal,skipped,
Species_mp4/Deer/xPn4x4WmD4c.mp4,a deer is walking through the woods in the daytime,Deer,18,xPn4x4WmD4c,368,Deer_ID_068,368,reference_images/Deer/xPn4x4WmD4c.jpg,Animal,skipped,
Species_mp4/Deer/xIjd6vnBZj4.mp4,a deer is drinking water from a pond in a grassy area,Deer,18,xIjd6vnBZj4,369,Deer_ID_069,369,reference_images/Deer/xIjd6vnBZj4.jpg,Animal,skipped,
Species_mp4/Deer/bh_RiwBHJnY.mp4,a deer with large horns standing in the woods eating leaves,Deer,18,bh_RiwBHJnY,370,Deer_ID_070,370,reference_images/Deer/bh_RiwBHJnY.jpg,Animal,skipped,
Species_mp4/Deer/hD2b5FIB848.mp4,a deer standing on a hill in the woods with trees,Deer,18,hD2b5FIB848,371,Deer_ID_071,371,reference_images/Deer/hD2b5FIB848.jpg,Animal,skipped,
Species_mp4/Deer/49QLgvNWtZw.mp4,a deer drinking water from a pond in a field,Deer,18,49QLgvNWtZw,372,Deer_ID_072,372,reference_images/Deer/49QLgvNWtZw.jpg,Animal,skipped,
Species_mp4/Deer/fBZCJgUNPwA.mp4,a deer standing in the woods eating leaves off a tree,Deer,18,fBZCJgUNPwA,373,Deer_ID_073,373,reference_images/Deer/fBZCJgUNPwA.jpg,Animal,skipped,
Species_mp4/Deer/6hhHrXZJLw8.mp4,a deer is walking in the shade under a tree,Deer,18,6hhHrXZJLw8,374,Deer_ID_074,374,reference_images/Deer/6hhHrXZJLw8.jpg,Animal,skipped,
Species_mp4/Deer/HG2kCmxTXPs_1.mp4,a deer standing in the woods looking at the camera,Deer,18,HG2kCmxTXPs_1,375,Deer_ID_075,375,reference_images/Deer/HG2kCmxTXPs_1.jpg,Animal,skipped,
Species_mp4/Deer/H5LsPX3Flko.mp4,a deer standing in a field with trees in the background,Deer,18,H5LsPX3Flko,376,Deer_ID_076,376,reference_images/Deer/H5LsPX3Flko.jpg,Animal,skipped,
Species_mp4/Deer/1fbBk7uBJO8.mp4,a deer is standing in the grass with a frisbee in its mouth,Deer,18,1fbBk7uBJO8,377,Deer_ID_077,377,reference_images/Deer/1fbBk7uBJO8.jpg,Animal,skipped,
Species_mp4/Deer/Gfh-lv043k4.mp4,a deer standing in the middle of a road next to a bush,Deer,18,Gfh-lv043k4,378,Deer_ID_078,378,reference_images/Deer/Gfh-lv043k4.jpg,Animal,skipped,
Species_mp4/Deer/wUZJ3S4ngkI.mp4,a deer standing next to a pile of leaves next to a tree,Deer,18,wUZJ3S4ngkI,379,Deer_ID_079,379,reference_images/Deer/wUZJ3S4ngkI.jpg,Animal,skipped,
Species_mp4/Deer/j43XSIkMjpc.mp4,a deer is standing in the yard next to a tree,Deer,18,j43XSIkMjpc,380,Deer_ID_080,380,reference_images/Deer/j43XSIkMjpc.jpg,Animal,skipped,
Species_mp4/Deer/0z5xNmLxZD8.mp4,a deer dog standing in the grass next to a wooden fence,Deer,18,0z5xNmLxZD8,381,Deer_ID_081,381,reference_images/Deer/0z5xNmLxZD8.jpg,Animal,skipped,
Species_mp4/Deer/zUhhWg-7O2A_1.mp4,a deer in the woods eating grass and trees,Deer,18,zUhhWg-7O2A_1,382,Deer_ID_082,382,reference_images/Deer/zUhhWg-7O2A_1.jpg,Animal,skipped,
Species_mp4/Deer/cbueixDHdyU.mp4,a deer in the woods with a bird on its head,Deer,18,cbueixDHdyU,383,Deer_ID_083,383,reference_images/Deer/cbueixDHdyU.jpg,Animal,skipped,
Species_mp4/Deer/9I2rr4ZQet8.mp4,a deer standing in the grass next to a tree in the woods,Deer,18,9I2rr4ZQet8,384,Deer_ID_084,384,reference_images/Deer/9I2rr4ZQet8.jpg,Animal,skipped,
Species_mp4/Deer/6oM1-4j0XY8.mp4,a deer is standing in a tree with snow on the ground,Deer,18,6oM1-4j0XY8,385,Deer_ID_085,385,reference_images/Deer/6oM1-4j0XY8.jpg,Animal,skipped,
Species_mp4/Deer/YteP_eN_Pkw.mp4,a deer standing in a fenced in area with a cow,Deer,18,YteP_eN_Pkw,386,Deer_ID_086,386,reference_images/Deer/YteP_eN_Pkw.jpg,Animal,skipped,
Species_mp4/Deer/3A65_TpDCyw.mp4,a deer standing in a field of grass with a fence in the background,Deer,18,3A65_TpDCyw,387,Deer_ID_087,387,reference_images/Deer/3A65_TpDCyw.jpg,Animal,skipped,
Species_mp4/Deer/fMrvVPcewEY_2.mp4,a deer standing in the middle of a forest next to a river,Deer,18,fMrvVPcewEY_2,388,Deer_ID_088,388,reference_images/Deer/fMrvVPcewEY_2.jpg,Animal,skipped,
Species_mp4/Deer/fMrvVPcewEY_1.mp4,a deer standing in the middle of a forest next to a road,Deer,18,fMrvVPcewEY_1,388,Deer_ID_088,388,reference_images/Deer/fMrvVPcewEY_1.jpg,Animal,skipped,
Species_mp4/Deer/OCd33yihwO4.mp4,a deer in the woods eating grass and trees in the background,Deer,18,OCd33yihwO4,388,Deer_ID_088,388,reference_images/Deer/OCd33yihwO4.jpg,Animal,skipped,
Species_mp4/Deer/zLywtMEbQHI.mp4,a deer standing in a field of grass with trees in the background,Deer,18,zLywtMEbQHI,389,Deer_ID_089,389,reference_images/Deer/zLywtMEbQHI.jpg,Animal,skipped,
Species_mp4/Deer/QdmzZVv_uIA.mp4,a deer with horns standing in a field of grass near a fence,Deer,18,QdmzZVv_uIA,390,Deer_ID_090,390,reference_images/Deer/QdmzZVv_uIA.jpg,Animal,skipped,
Species_mp4/Deer/q4DgpkfugPU.mp4,a deer in a field of tall grass and trees,Deer,18,q4DgpkfugPU,391,Deer_ID_091,391,reference_images/Deer/q4DgpkfugPU.jpg,Animal,skipped,
Species_mp4/Deer/7-62XSet6aQ.mp4,a deer grazing in a field next to a tree with a red arrow,Deer,18,7-62XSet6aQ,392,Deer_ID_092,392,reference_images/Deer/7-62XSet6aQ.jpg,Animal,skipped,
Species_mp4/Deer/32GWBC-5zgI.mp4,a deer drinking water from a pond in a grassy area,Deer,18,32GWBC-5zgI,393,Deer_ID_093,393,reference_images/Deer/32GWBC-5zgI.jpg,Animal,skipped,
Species_mp4/Deer/_s24FpPzV68.mp4,a deer sitting in a field of tall grass with a mountain in the background,Deer,18,_s24FpPzV68,394,Deer_ID_094,394,reference_images/Deer/_s24FpPzV68.jpg,Animal,skipped,
Species_mp4/Deer/gGxY7u7PAUs.mp4,a deer in the woods is looking for food,Deer,18,gGxY7u7PAUs,395,Deer_ID_095,395,reference_images/Deer/gGxY7u7PAUs.jpg,Animal,skipped,
Species_mp4/Deer/9mPlPp21IKA_1.mp4,a deer in a field of tall grass eating grass,Deer,18,9mPlPp21IKA_1,396,Deer_ID_096,396,reference_images/Deer/9mPlPp21IKA_1.jpg,Animal,skipped,
Species_mp4/Deer/rJbpKk-1H_0.mp4,a deer standing in the middle of a forest next to a road,Deer,18,rJbpKk-1H_0,397,Deer_ID_097,397,reference_images/Deer/rJbpKk-1H_0.jpg,Animal,skipped,
Species_mp4/Deer/5XGlvR_HXGg.mp4,a deer standing in a field next to a stream of water,Deer,18,5XGlvR_HXGg,398,Deer_ID_098,398,reference_images/Deer/5XGlvR_HXGg.jpg,Animal,skipped,
Species_mp4/Deer/NMvDlMMvWGk_2.mp4,a deer standing in the woods near a log and a tree,Deer,18,NMvDlMMvWGk_2,399,Deer_ID_099,399,reference_images/Deer/NMvDlMMvWGk_2.jpg,Animal,skipped,
Species_mp4/Deer/Q8DPNAVNSco.mp4,a deer drinking water from a pond with rocks and gravel,Deer,18,Q8DPNAVNSco,400,Deer_ID_100,400,reference_images/Deer/Q8DPNAVNSco.jpg,Animal,skipped,
Species_mp4/Deer/zBG5MPWcApE.mp4,a deer is standing in a stream of water near a tree,Deer,18,zBG5MPWcApE,401,Deer_ID_101,401,reference_images/Deer/zBG5MPWcApE.jpg,Animal,skipped,
Species_mp4/Deer/sQOQdBLHrLk_1.mp4,a deer in a field of grass eating grass with a bird nearby,Deer,18,sQOQdBLHrLk_1,402,Deer_ID_102,402,reference_images/Deer/sQOQdBLHrLk_1.jpg,Animal,skipped,
Species_mp4/Deer/DD6ZNyTZkg8.mp4,a deer is eating grass in a field with trees in the background,Deer,18,DD6ZNyTZkg8,402,Deer_ID_102,402,reference_images/Deer/DD6ZNyTZkg8.jpg,Animal,skipped,
Species_mp4/Deer/XoIlMunM9S8.mp4,a deer in the woods with a dead animal in the snow,Deer,18,XoIlMunM9S8,403,Deer_ID_103,403,reference_images/Deer/XoIlMunM9S8.jpg,Animal,skipped,
Species_mp4/Deer/TIRo-VjjLeg.mp4,a deer with large antlers grazing in a grassy field,Deer,18,TIRo-VjjLeg,404,Deer_ID_104,404,reference_images/Deer/TIRo-VjjLeg.jpg,Animal,skipped,
Species_mp4/Deer/zUhhWg-7O2A_3.mp4,a deer standing in the woods near a tree and bushes,Deer,18,zUhhWg-7O2A_3,405,Deer_ID_105,405,reference_images/Deer/zUhhWg-7O2A_3.jpg,Animal,skipped,
Species_mp4/Deer/Y_umlPiBmvo.mp4,a deer laying down in the shade of a tree in a park,Deer,18,Y_umlPiBmvo,406,Deer_ID_106,406,reference_images/Deer/Y_umlPiBmvo.jpg,Animal,skipped,
Species_mp4/Moose/7rZF_wVeqYk.mp4,a moose standing in the snow with a dead animal in its mouth,Moose,52,7rZF_wVeqYk,1309,Moose_ID_012,1309,reference_images/Moose/7rZF_wVeqYk.jpg,Animal,skipped,
Species_mp4/Moose/scC-vSOWUEE.mp4,a moose standing on the side of a road at night,Moose,52,scC-vSOWUEE,1310,Moose_ID_013,1310,reference_images/Moose/scC-vSOWUEE.jpg,Animal,skipped,
Species_mp4/Deer/P4HSZ1RBVyI.mp4,a deer standing in a fenced in area next to a white fence,Deer,18,P4HSZ1RBVyI,407,Deer_ID_107,407,reference_images/Deer/P4HSZ1RBVyI.jpg,Animal,skipped,
Species_mp4/Deer/9ZwGZEyfdMk_1.mp4,a deer with antlers grazing in a grassy field with trees in the background,Deer,18,9ZwGZEyfdMk_1,408,Deer_ID_108,408,reference_images/Deer/9ZwGZEyfdMk_1.jpg,Animal,skipped,
Species_mp4/Deer/_g6SAXrrE9c.mp4,a deer eating grass in the snow in a wooded area,Deer,18,_g6SAXrrE9c,409,Deer_ID_109,409,reference_images/Deer/_g6SAXrrE9c.jpg,Animal,skipped,
Species_mp4/Deer/DL15OUVq1i0.mp4,a deer is walking in the grass near a stream of water,Deer,18,DL15OUVq1i0,410,Deer_ID_110,410,reference_images/Deer/DL15OUVq1i0.jpg,Animal,skipped,
Species_mp4/Deer/C5SrzQkJsL8.mp4,a deer is eating grass in the snow in a field,Deer,18,C5SrzQkJsL8,411,Deer_ID_111,411,reference_images/Deer/C5SrzQkJsL8.jpg,Animal,skipped,
Species_mp4/Deer/4JdTUMNflXA.mp4,a deer standing in the sand with a bush in the background,Deer,18,4JdTUMNflXA,412,Deer_ID_112,412,reference_images/Deer/4JdTUMNflXA.jpg,Animal,skipped,
Species_mp4/Deer/zoFrcheUBv0.mp4,a deer drinking water from a pond in a wooded area,Deer,18,zoFrcheUBv0,413,Deer_ID_113,413,reference_images/Deer/zoFrcheUBv0.jpg,Animal,skipped,
Species_mp4/Deer/NQb-0IiVqxQ.mp4,a deer in the woods eating grass and weeds,Deer,18,NQb-0IiVqxQ,414,Deer_ID_114,414,reference_images/Deer/NQb-0IiVqxQ.jpg,Animal,skipped,
Species_mp4/Deer/5MKErNqn5qo.mp4,a deer laying down on the ground with a rope in its mouth,Deer,18,5MKErNqn5qo,415,Deer_ID_115,415,reference_images/Deer/5MKErNqn5qo.jpg,Animal,skipped,
Species_mp4/Moose/rYQxrrpew0A.mp4,a moose grazing in a field behind a fence,Moose,52,rYQxrrpew0A,1311,Moose_ID_014,1311,reference_images/Moose/rYQxrrpew0A.jpg,Animal,skipped,
Species_mp4/Moose/qUUmm2jsqaI.mp4,a moose is standing in the snow at night in the woods,Moose,52,qUUmm2jsqaI,1312,Moose_ID_015,1312,reference_images/Moose/qUUmm2jsqaI.jpg,Animal,skipped,
Species_mp4/Deer/nJqT8CHnP_w.mp4,a deer is grazing on the side of a road near a car,Deer,18,nJqT8CHnP_w,416,Deer_ID_116,416,reference_images/Deer/nJqT8CHnP_w.jpg,Animal,skipped,
Species_mp4/Deer/cAHmLo6kEwA.mp4,a deer eating grass in a fenced in area with snow,Deer,18,cAHmLo6kEwA,417,Deer_ID_117,417,reference_images/Deer/cAHmLo6kEwA.jpg,Animal,skipped,
Species_mp4/Deer/PYlwEFkDQd8.mp4,a deer standing on a snowy hill with a forest in the background,Deer,18,PYlwEFkDQd8,418,Deer_ID_118,418,reference_images/Deer/PYlwEFkDQd8.jpg,Animal,skipped,
Species_mp4/Deer/cKqhbkjvqRM.mp4,a deer standing on a hill side with a tree in the background,Deer,18,cKqhbkjvqRM,419,Deer_ID_119,419,reference_images/Deer/cKqhbkjvqRM.jpg,Animal,skipped,
Species_mp4/Deer/9lFB5Tc4wPo.mp4,a deer standing on a dirt ground next to a puddle of water,Deer,18,9lFB5Tc4wPo,420,Deer_ID_120,420,reference_images/Deer/9lFB5Tc4wPo.jpg,Animal,skipped,
Species_mp4/Moose/RbdlloGBwi8.mp4,a moose walking across a grass covered field next to a wooden fence,Moose,52,RbdlloGBwi8,1313,Moose_ID_016,1313,reference_images/Moose/RbdlloGBwi8.jpg,Animal,skipped,
Species_mp4/Deer/Su105JQwCQE.mp4,a deer is walking in the dark with its head turned,Deer,18,Su105JQwCQE,421,Deer_ID_121,421,reference_images/Deer/Su105JQwCQE.jpg,Animal,skipped,
Species_mp4/Deer/vwVm8OXFuOk.mp4,a deer is standing in the dark with its head turned,Deer,18,vwVm8OXFuOk,422,Deer_ID_122,422,reference_images/Deer/vwVm8OXFuOk.jpg,Animal,skipped,
Species_mp4/Deer/h3uUlZKH9QQ.mp4,a deer is drinking from a bowl in the back of a car,Deer,18,h3uUlZKH9QQ,423,Deer_ID_123,423,reference_images/Deer/h3uUlZKH9QQ.jpg,Animal,skipped,
Species_mp4/Deer/Cl2vH2btjB0.mp4,a deer in the snow near a forest with a mountain in the background,Deer,18,Cl2vH2btjB0,424,Deer_ID_124,424,reference_images/Deer/Cl2vH2btjB0.jpg,Animal,skipped,
Species_mp4/Moose/NFegPBv2Fc4.mp4,a moose is standing in the grass in the dark,Moose,52,NFegPBv2Fc4,1314,Moose_ID_017,1314,reference_images/Moose/NFegPBv2Fc4.jpg,Animal,skipped,
Species_mp4/Deer/VAyNwgmR2EM.mp4,a deer laying down in the grass in a zoo enclosure,Deer,18,VAyNwgmR2EM,425,Deer_ID_125,425,reference_images/Deer/VAyNwgmR2EM.jpg,Animal,skipped,
Species_mp4/Deer/R7xVqMk-cGs.mp4,a deer standing in a field of grass next to a house,Deer,18,R7xVqMk-cGs,426,Deer_ID_126,426,reference_images/Deer/R7xVqMk-cGs.jpg,Animal,skipped,
Species_mp4/Deer/svnXAHqfGEc.mp4,a deer is walking across the grass next to a park bench,Deer,18,svnXAHqfGEc,427,Deer_ID_127,427,reference_images/Deer/svnXAHqfGEc.jpg,Animal,skipped,
Species_mp4/Deer/YIFZ6mIQdBg.mp4,a deer in the woods looking at the camera,Deer,18,YIFZ6mIQdBg,428,Deer_ID_128,428,reference_images/Deer/YIFZ6mIQdBg.jpg,Animal,skipped,
Species_mp4/Deer/U6w_GT9qN0o.mp4,a deer with a black nose standing in a field,Deer,18,U6w_GT9qN0o,429,Deer_ID_129,429,reference_images/Deer/U6w_GT9qN0o.jpg,Animal,skipped,
Species_mp4/Deer/7pS8HzUnWTQ.mp4,a deer standing in the shade of a tree in a forest,Deer,18,7pS8HzUnWTQ,430,Deer_ID_130,430,reference_images/Deer/7pS8HzUnWTQ.jpg,Animal,skipped,
Species_mp4/Deer/Yp8VWEYvvnw.mp4,a deer eating leaves off a tree in a forest,Deer,18,Yp8VWEYvvnw,431,Deer_ID_131,431,reference_images/Deer/Yp8VWEYvvnw.jpg,Animal,skipped,
Species_mp4/HoneyBadger/mawgqAc1ryI.mp4,a honey badger eating a piece of food on the ground,HoneyBadger,32,mawgqAc1ryI,972,HoneyBadger_ID_000,972,reference_images/HoneyBadger/mawgqAc1ryI.jpg,Animal,skipped,
Species_mp4/HoneyBadger/VXtepF8LxDE.mp4,a honey badger walking through a field of tall grass and brush,HoneyBadger,32,VXtepF8LxDE,973,HoneyBadger_ID_001,973,reference_images/HoneyBadger/VXtepF8LxDE.jpg,Animal,skipped,
Species_mp4/HoneyBadger/PSq1OayiWW0.mp4,a honey badger eating a dead animal in a field,HoneyBadger,32,PSq1OayiWW0,974,HoneyBadger_ID_002,974,reference_images/HoneyBadger/PSq1OayiWW0.jpg,Animal,skipped,
Species_mp4/HoneyBadger/9-NSODhqs9Y.mp4,a honey badger cub in a tree stump in a grassy area,HoneyBadger,32,9-NSODhqs9Y,975,HoneyBadger_ID_003,975,reference_images/HoneyBadger/9-NSODhqs9Y.jpg,Animal,skipped,
Species_mp4/HoneyBadger/7Bq9ruRxmWM.mp4,a honey badger is laying down in the dirt in the woods,HoneyBadger,32,7Bq9ruRxmWM,976,HoneyBadger_ID_004,976,reference_images/HoneyBadger/7Bq9ruRxmWM.jpg,Animal,skipped,
Species_mp4/Koala/_ccHU4YPpQg.mp4,a koala is eating from a blue bowl in the woods,Koala,39,_ccHU4YPpQg,1150,Koala_ID_000,1150,reference_images/Koala/_ccHU4YPpQg.jpg,Animal,skipped,
Species_mp4/Koala/_kafO1__RLM.mp4,a koala bear with its mouth open sitting on a tree branch,Koala,39,_kafO1__RLM,1151,Koala_ID_001,1151,reference_images/Koala/_kafO1__RLM.jpg,Animal,skipped,
Species_mp4/Koala/uog3AwBhfjI_2.mp4,a koala bear sitting in a tree with a bird on it ' s back,Koala,39,uog3AwBhfjI_2,1151,Koala_ID_001,1151,reference_images/Koala/uog3AwBhfjI_2.jpg,Animal,skipped,
Species_mp4/Koala/B2AV3U5HwQ8.mp4,a koala bear with its mouth open sitting on a tree branch,Koala,39,B2AV3U5HwQ8,1151,Koala_ID_001,1151,reference_images/Koala/B2AV3U5HwQ8.jpg,Animal,skipped,
Species_mp4/Koala/r30WDgn9Ik8.mp4,a koala sitting on a branch in a tree with its head on the branch,Koala,39,r30WDgn9Ik8,1151,Koala_ID_001,1151,reference_images/Koala/r30WDgn9Ik8.jpg,Animal,skipped,
Species_mp4/Koala/jzaB0zDeQys.mp4,a koala bear holding a carrot in its mouth while standing next to a tree,Koala,39,jzaB0zDeQys,1151,Koala_ID_001,1151,reference_images/Koala/jzaB0zDeQys.jpg,Animal,skipped,
Species_mp4/Koala/O0P_kkhKacs.mp4,a koala bear standing on the side of a road in the rain,Koala,39,O0P_kkhKacs,1151,Koala_ID_001,1151,reference_images/Koala/O0P_kkhKacs.jpg,Animal,skipped,
Species_mp4/Koala/pK-VmrNaCh8.mp4,a koala bear sitting on a tree branch in a forest,Koala,39,pK-VmrNaCh8,1151,Koala_ID_001,1151,reference_images/Koala/pK-VmrNaCh8.jpg,Animal,skipped,
Species_mp4/Koala/QU817fM4zXA.mp4,a koala sitting on a branch of a tree with a blue sky in the background,Koala,39,QU817fM4zXA,1151,Koala_ID_001,1151,reference_images/Koala/QU817fM4zXA.jpg,Animal,skipped,
Species_mp4/Koala/NlKpgWMVzBw.mp4,a koala bear sitting in a tree with its head on a branch,Koala,39,NlKpgWMVzBw,1151,Koala_ID_001,1151,reference_images/Koala/NlKpgWMVzBw.jpg,Animal,skipped,
Species_mp4/Koala/RusOpugsSto.mp4,a koala bear sitting in a tree with its head on a branch,Koala,39,RusOpugsSto,1152,Koala_ID_002,1152,reference_images/Koala/RusOpugsSto.jpg,Animal,skipped,
Species_mp4/Koala/ah70xu_T-Eo.mp4,a koala bear climbing a tree branch in a forest,Koala,39,ah70xu_T-Eo,1153,Koala_ID_003,1153,reference_images/Koala/ah70xu_T-Eo.jpg,Animal,skipped,
Species_mp4/Koala/oLSWLC-Bd8s.mp4,a koala bear laying in the mud on a dirt ground,Koala,39,oLSWLC-Bd8s,1154,Koala_ID_004,1154,reference_images/Koala/oLSWLC-Bd8s.jpg,Animal,skipped,
Species_mp4/Koala/vIx90ZSmQHA.mp4,a koala bear sitting on a tree branch in a forest,Koala,39,vIx90ZSmQHA,1155,Koala_ID_005,1155,reference_images/Koala/vIx90ZSmQHA.jpg,Animal,skipped,
Species_mp4/Koala/NnRcxHreJFM.mp4,"a koala is not trees, they are marsupials",Koala,39,NnRcxHreJFM,1156,Koala_ID_006,1156,reference_images/Koala/NnRcxHreJFM.jpg,Animal,skipped,
Species_mp4/Treeshrew/XfaJQhKdeIE.mp4,a treeshrew with a bird ' s head,Treeshrew,77,XfaJQhKdeIE,1693,Treeshrew_ID_000,1693,reference_images/Treeshrew/XfaJQhKdeIE.jpg,Animal,skipped,
Species_mp4/Treeshrew/uYchpDMMnAo.mp4,a treeshrew mouse in a plastic container with a yellow ball,Treeshrew,77,uYchpDMMnAo,1694,Treeshrew_ID_001,1694,reference_images/Treeshrew/uYchpDMMnAo.jpg,Animal,skipped,
Species_mp4/Treeshrew/ilZkC0fm358.mp4,a treeshrewher is standing in the dirt near a tree,Treeshrew,77,ilZkC0fm358,1695,Treeshrew_ID_002,1695,reference_images/Treeshrew/ilZkC0fm358.jpg,Animal,skipped,
Species_mp4/Treeshrew/R8mPgDTw4e0.mp4,a treeshrew is feeding a small bird on the ground,Treeshrew,77,R8mPgDTw4e0,1696,Treeshrew_ID_003,1696,reference_images/Treeshrew/R8mPgDTw4e0.jpg,Animal,skipped,
Species_mp4/Treeshrew/dVKffXcON10.mp4,a treeshrewhich eating a piece of fruit on a ledge,Treeshrew,77,dVKffXcON10,1697,Treeshrew_ID_004,1697,reference_images/Treeshrew/dVKffXcON10.jpg,Animal,skipped,
Species_mp4/Treeshrew/Ev2zfgRN-KY.mp4,a treeshrewher eating a piece of food in the grass,Treeshrew,77,Ev2zfgRN-KY,1698,Treeshrew_ID_005,1698,reference_images/Treeshrew/Ev2zfgRN-KY.jpg,Animal,skipped,
Species_mp4/Treeshrew/kM1cjpby21Q.mp4,a treeshrew is laying on the ground next to a fence,Treeshrew,77,kM1cjpby21Q,1699,Treeshrew_ID_006,1699,reference_images/Treeshrew/kM1cjpby21Q.jpg,Animal,skipped,
Species_mp4/Treeshrew/th8_ykLCLSs.mp4,a treeshrew on it,Treeshrew,77,th8_ykLCLSs,1700,Treeshrew_ID_007,1700,reference_images/Treeshrew/th8_ykLCLSs.jpg,Animal,skipped,
Species_mp4/Treeshrew/tOsgpdt-Ztw.mp4,a treeshrewher mouses are playing with a plastic bowl,Treeshrew,77,tOsgpdt-Ztw,1701,Treeshrew_ID_008,1701,reference_images/Treeshrew/tOsgpdt-Ztw.jpg,Animal,skipped,
Species_mp4/Leopard/7Fe1fsZ2Wd8.mp4,a leopard cat laying on a blue blanket on a chair,Leopard,41,7Fe1fsZ2Wd8,1161,Leopard_ID_000,1161,reference_images/Leopard/7Fe1fsZ2Wd8.jpg,Animal,skipped,
Species_mp4/Leopard/ZWiOUKqyguI.mp4,a leopard laying on a wooden platform in a fenced in area,Leopard,41,ZWiOUKqyguI,1162,Leopard_ID_001,1162,reference_images/Leopard/ZWiOUKqyguI.jpg,Animal,skipped,
Species_mp4/Leopard/XMDd2ZAc-Ks.mp4,a leopard climbing up a tree to get a treat,Leopard,41,XMDd2ZAc-Ks,1162,Leopard_ID_001,1162,reference_images/Leopard/XMDd2ZAc-Ks.jpg,Animal,skipped,
Species_mp4/Leopard/JQIu04vu94Y.mp4,a leopard laying on its back on the floor with its paws stretched out,Leopard,41,JQIu04vu94Y,1162,Leopard_ID_001,1162,reference_images/Leopard/JQIu04vu94Y.jpg,Animal,skipped,
Species_mp4/Leopard/bLlf3bUxXDI.mp4,a leopard sitting in the dirt in a zoo enclosure,Leopard,41,bLlf3bUxXDI,1162,Leopard_ID_001,1162,reference_images/Leopard/bLlf3bUxXDI.jpg,Animal,skipped,
Species_mp4/Leopard/MUMb5xmP3dQ.mp4,a leopards are sleeping in a cage in a zoo,Leopard,41,MUMb5xmP3dQ,1162,Leopard_ID_001,1162,reference_images/Leopard/MUMb5xmP3dQ.jpg,Animal,skipped,
Species_mp4/Leopard/9wfNhWaJfuE_2.mp4,a leopard eating a piece of food in a zoo enclosure,Leopard,41,9wfNhWaJfuE_2,1162,Leopard_ID_001,1162,reference_images/Leopard/9wfNhWaJfuE_2.jpg,Animal,skipped,
Species_mp4/Leopard/9wfNhWaJfuE_1.mp4,a leopard is sitting in the dirt in a zoo enclosure,Leopard,41,9wfNhWaJfuE_1,1162,Leopard_ID_001,1162,reference_images/Leopard/9wfNhWaJfuE_1.jpg,Animal,skipped,
Species_mp4/Leopard/8d_6YiNT0WI.mp4,a leopard ' s face is shown in a close up photo,Leopard,41,8d_6YiNT0WI,1163,Leopard_ID_002,1163,reference_images/Leopard/8d_6YiNT0WI.jpg,Animal,skipped,
Species_mp4/Leopard/u8TTc3xJ64I.mp4,a leopard is walking on a rock in the woods,Leopard,41,u8TTc3xJ64I,1164,Leopard_ID_003,1164,reference_images/Leopard/u8TTc3xJ64I.jpg,Animal,skipped,
Species_mp4/Leopard/zhuJqLurx4Q.mp4,a leopard sitting on a rock in a zoo enclosure,Leopard,41,zhuJqLurx4Q,1164,Leopard_ID_003,1164,reference_images/Leopard/zhuJqLurx4Q.jpg,Animal,skipped,
Species_mp4/Leopard/eNwcOLqBCG8.mp4,a leopard sitting in the grass next to a tree and a sidewalk,Leopard,41,eNwcOLqBCG8,1164,Leopard_ID_003,1164,reference_images/Leopard/eNwcOLqBCG8.jpg,Animal,skipped,
Species_mp4/Leopard/7T8ZYhRrtE0.mp4,a leopard is laying down in the dark with its head down,Leopard,41,7T8ZYhRrtE0,1165,Leopard_ID_004,1165,reference_images/Leopard/7T8ZYhRrtE0.jpg,Animal,skipped,
Species_mp4/Leopard/vgRCzDVi2rg_2.mp4,a leopard in a cage looking at a plant in the dirt,Leopard,41,vgRCzDVi2rg_2,1166,Leopard_ID_005,1166,reference_images/Leopard/vgRCzDVi2rg_2.jpg,Animal,skipped,
Species_mp4/Leopard/OaNF3C8uV1U.mp4,a leopard walking through a grassy area next to a stone building,Leopard,41,OaNF3C8uV1U,1167,Leopard_ID_006,1167,reference_images/Leopard/OaNF3C8uV1U.jpg,Animal,skipped,
Species_mp4/Leopard/ucgfVkPmnPw.mp4,a leopard laying on a rock in the shade of a tree,Leopard,41,ucgfVkPmnPw,1168,Leopard_ID_007,1168,reference_images/Leopard/ucgfVkPmnPw.jpg,Animal,skipped,
Species_mp4/Leopard/3iKykbyXzAQ.mp4,a leopard is eating a piece of meat in a zoo,Leopard,41,3iKykbyXzAQ,1169,Leopard_ID_008,1169,reference_images/Leopard/3iKykbyXzAQ.jpg,Animal,skipped,
Species_mp4/Leopard/sYpVLocMZC4.mp4,a leopard walking in water next to rocks and a tree,Leopard,41,sYpVLocMZC4,1170,Leopard_ID_009,1170,reference_images/Leopard/sYpVLocMZC4.jpg,Animal,skipped,
Species_mp4/SugarGlider/8pJDOC5BeZY.mp4,a sugar gliders are sleeping in a pile of fluffy white fur,SugarGlider,72,8pJDOC5BeZY,1629,SugarGlider_ID_000,1629,reference_images/SugarGlider/8pJDOC5BeZY.jpg,Animal,skipped,
Species_mp4/SugarGlider/hDYu8FfYmTw.mp4,a sugar gliderfish in a green plastic container with a black towel,SugarGlider,72,hDYu8FfYmTw,1629,SugarGlider_ID_000,1629,reference_images/SugarGlider/hDYu8FfYmTw.jpg,Animal,skipped,
Species_mp4/SugarGlider/T266HSl8Jqo.mp4,a sugar glider is drinking water from a blue bowl,SugarGlider,72,T266HSl8Jqo,1629,SugarGlider_ID_000,1629,reference_images/SugarGlider/T266HSl8Jqo.jpg,Animal,skipped,
Species_mp4/SugarGlider/TjlYOBqDmps.mp4,a sugar glider possling in a cage with a mouse in it,SugarGlider,72,TjlYOBqDmps,1629,SugarGlider_ID_000,1629,reference_images/SugarGlider/TjlYOBqDmps.jpg,Animal,skipped,
Species_mp4/Zebra/d2pWLxBTVxs.mp4,a zebra eating grass in a field with a fence in the background,Zebra,83,d2pWLxBTVxs,1729,Zebra_ID_000,1729,reference_images/Zebra/d2pWLxBTVxs.jpg,Animal,skipped,
Species_mp4/Zebra/YXDogBd5DNs.mp4,a zebra standing next to a pile of logs in a dirt field,Zebra,83,YXDogBd5DNs,1730,Zebra_ID_001,1730,reference_images/Zebra/YXDogBd5DNs.jpg,Animal,skipped,
Species_mp4/Zebra/edirw2-9mKg.mp4,a zebra standing in the grass near a rock wall,Zebra,83,edirw2-9mKg,1730,Zebra_ID_001,1730,reference_images/Zebra/edirw2-9mKg.jpg,Animal,skipped,
Species_mp4/Zebra/jUjuVkQPdfc.mp4,a zebra standing in dirt area next to a tree in a zoo,Zebra,83,jUjuVkQPdfc,1730,Zebra_ID_001,1730,reference_images/Zebra/jUjuVkQPdfc.jpg,Animal,skipped,
Species_mp4/Zebra/i6g5Q1qhntg.mp4,a zebra grazing in a field of grass with trees in the background,Zebra,83,i6g5Q1qhntg,1730,Zebra_ID_001,1730,reference_images/Zebra/i6g5Q1qhntg.jpg,Animal,skipped,
Species_mp4/Zebra/nIw4kvN2j74.mp4,a zebra grazing in a field of grass with trees in the background,Zebra,83,nIw4kvN2j74,1730,Zebra_ID_001,1730,reference_images/Zebra/nIw4kvN2j74.jpg,Animal,skipped,
Species_mp4/Zebra/1SRnUAc3KgM.mp4,a zebra standing in a field next to a tree and a bush,Zebra,83,1SRnUAc3KgM,1731,Zebra_ID_002,1731,reference_images/Zebra/1SRnUAc3KgM.jpg,Animal,skipped,
Species_mp4/Zebra/MxHS9VMrSTs_1.mp4,a zebra standing on a dirt road next to a lush green field,Zebra,83,MxHS9VMrSTs_1,1731,Zebra_ID_002,1731,reference_images/Zebra/MxHS9VMrSTs_1.jpg,Animal,skipped,
Species_mp4/Zebra/0qCRztapf6M_1.mp4,a zebras are standing next to each other in a fenced in area,Zebra,83,0qCRztapf6M_1,1732,Zebra_ID_003,1732,reference_images/Zebra/0qCRztapf6M_1.jpg,Animal,skipped,
Species_mp4/Zebra/yJNqQTt9b80.mp4,a zebra drinking water from a small pond in a field,Zebra,83,yJNqQTt9b80,1733,Zebra_ID_004,1733,reference_images/Zebra/yJNqQTt9b80.jpg,Animal,skipped,
Species_mp4/Zebra/iXrICZPmeuc.mp4,a zebra standing in a field behind a fenced in area,Zebra,83,iXrICZPmeuc,1734,Zebra_ID_005,1734,reference_images/Zebra/iXrICZPmeuc.jpg,Animal,skipped,
Species_mp4/Zebra/23Q3ujde4ds.mp4,a zebra eating grass in a zoo enclosure next to a tree,Zebra,83,23Q3ujde4ds,1735,Zebra_ID_006,1735,reference_images/Zebra/23Q3ujde4ds.jpg,Animal,skipped,
Species_mp4/Zebra/KixZFmPek1s.mp4,a zebra standing in a field of grass eating grass,Zebra,83,KixZFmPek1s,1736,Zebra_ID_007,1736,reference_images/Zebra/KixZFmPek1s.jpg,Animal,skipped,
Species_mp4/Zebra/xKKyacsH2dw.mp4,a zebra standing on a pile of hay in a field,Zebra,83,xKKyacsH2dw,1736,Zebra_ID_007,1736,reference_images/Zebra/xKKyacsH2dw.jpg,Animal,skipped,
Species_mp4/Zebra/BV0YTbjWNO4.mp4,a zebra grazing in a field of green grass with trees in the background,Zebra,83,BV0YTbjWNO4,1737,Zebra_ID_008,1737,reference_images/Zebra/BV0YTbjWNO4.jpg,Animal,skipped,
Species_mp4/Zebra/rMKxfMQ5KdY.mp4,a zebra drinking water from a pond in the desert,Zebra,83,rMKxfMQ5KdY,1738,Zebra_ID_009,1738,reference_images/Zebra/rMKxfMQ5KdY.jpg,Animal,skipped,
Species_mp4/Zebra/jV3tknZeIow_2.mp4,a zebra drinking water from a river with elephants in the background,Zebra,83,jV3tknZeIow_2,1738,Zebra_ID_009,1738,reference_images/Zebra/jV3tknZeIow_2.jpg,Animal,skipped,
Species_mp4/Zebra/AzmM9m80fYM.mp4,a zebra standing in a field of grass next to a road,Zebra,83,AzmM9m80fYM,1739,Zebra_ID_010,1739,reference_images/Zebra/AzmM9m80fYM.jpg,Animal,skipped,
Species_mp4/Aardvark/ErHe6mKAIFg.mp4,an aardvark laying on the ground in the dark,Aardvark,0,ErHe6mKAIFg,0,Aardvark_ID_000,0,reference_images/Aardvark/ErHe6mKAIFg.jpg,Animal,skipped,
Species_mp4/Lynx/7V5DPu1Og6U.mp4,a lynx is seen in the dark in the woods at night,Lynx,44,7V5DPu1Og6U,1209,Lynx_ID_000,1209,reference_images/Lynx/7V5DPu1Og6U.jpg,Animal,skipped,
Species_mp4/Lynx/0Nk597JHzGw.mp4,a lynx cat laying on the ground in the dirt,Lynx,44,0Nk597JHzGw,1210,Lynx_ID_001,1210,reference_images/Lynx/0Nk597JHzGw.jpg,Animal,skipped,
Species_mp4/Lynx/jCInSq_Jbhk_1.mp4,a lynx cat laying on a rock with its eyes closed,Lynx,44,jCInSq_Jbhk_1,1210,Lynx_ID_001,1210,reference_images/Lynx/jCInSq_Jbhk_1.jpg,Animal,skipped,
Species_mp4/Lynx/5JVdKwZ9Cvk.mp4,a lynx drinking water from a small pond in a rocky area,Lynx,44,5JVdKwZ9Cvk,1210,Lynx_ID_001,1210,reference_images/Lynx/5JVdKwZ9Cvk.jpg,Animal,skipped,
Species_mp4/Lynx/xWkL6mDcSi0.mp4,a lynx laying in the grass next to a fence and rocks,Lynx,44,xWkL6mDcSi0,1210,Lynx_ID_001,1210,reference_images/Lynx/xWkL6mDcSi0.jpg,Animal,skipped,
Species_mp4/Lynx/e7X2Jj_-75w.mp4,a lynx laying on the ground in a wooden box,Lynx,44,e7X2Jj_-75w,1210,Lynx_ID_001,1210,reference_images/Lynx/e7X2Jj_-75w.jpg,Animal,skipped,
Species_mp4/Lynx/KsiLEEI48os.mp4,a lynx cat sleeping in a tree with its eyes closed,Lynx,44,KsiLEEI48os,1210,Lynx_ID_001,1210,reference_images/Lynx/KsiLEEI48os.jpg,Animal,skipped,
Species_mp4/Lynx/8iQeAjX7A9k.mp4,a lynx laying on a blue blanket next to a frisbee,Lynx,44,8iQeAjX7A9k,1210,Lynx_ID_001,1210,reference_images/Lynx/8iQeAjX7A9k.jpg,Animal,skipped,
Species_mp4/Lynx/YUd_ZwwRr44.mp4,a lynx laying on the ground in a zoo enclosure,Lynx,44,YUd_ZwwRr44,1210,Lynx_ID_001,1210,reference_images/Lynx/YUd_ZwwRr44.jpg,Animal,skipped,
Species_mp4/Lynx/oDQRTDO-4xo.mp4,a lynx cub laying on a rock with its head on a cat,Lynx,44,oDQRTDO-4xo,1210,Lynx_ID_001,1210,reference_images/Lynx/oDQRTDO-4xo.jpg,Animal,skipped,
Species_mp4/Lynx/lqZn6gvCKPU.mp4,a lynx laying on the ground next to a tree and a fence,Lynx,44,lqZn6gvCKPU,1210,Lynx_ID_001,1210,reference_images/Lynx/lqZn6gvCKPU.jpg,Animal,skipped,
Species_mp4/Lynx/40DUzZAbWaI.mp4,a lynx standing on a field of grass next to a wooden box,Lynx,44,40DUzZAbWaI,1210,Lynx_ID_001,1210,reference_images/Lynx/40DUzZAbWaI.jpg,Animal,skipped,
Species_mp4/Lynx/mxhXaPo95MY.mp4,a lynx cat drinking water from a white bowl in the grass,Lynx,44,mxhXaPo95MY,1210,Lynx_ID_001,1210,reference_images/Lynx/mxhXaPo95MY.jpg,Animal,skipped,
Species_mp4/Lynx/WcVcSVLilZI.mp4,a lynx cat laying on a rug on a floor,Lynx,44,WcVcSVLilZI,1210,Lynx_ID_001,1210,reference_images/Lynx/WcVcSVLilZI.jpg,Animal,skipped,
Species_mp4/Lynx/-U-R4g1ZnyA.mp4,a lynx sitting in the snow next to a tree in the woods,Lynx,44,-U-R4g1ZnyA,1210,Lynx_ID_001,1210,reference_images/Lynx/-U-R4g1ZnyA.jpg,Animal,skipped,
Species_mp4/Lynx/0ukH3GM7hwY.mp4,a lynx is walking through the grass in the woods,Lynx,44,0ukH3GM7hwY,1210,Lynx_ID_001,1210,reference_images/Lynx/0ukH3GM7hwY.jpg,Animal,skipped,
Species_mp4/Lynx/jCInSq_Jbhk_2.mp4,a lynx cat laying on the ground with its eyes closed,Lynx,44,jCInSq_Jbhk_2,1210,Lynx_ID_001,1210,reference_images/Lynx/jCInSq_Jbhk_2.jpg,Animal,skipped,
Species_mp4/Lynx/6bNysMtIIzA.mp4,a lynx is standing in the dark in the woods at night,Lynx,44,6bNysMtIIzA,1210,Lynx_ID_001,1210,reference_images/Lynx/6bNysMtIIzA.jpg,Animal,skipped,
Species_mp4/Lynx/h-aqpcoTylM.mp4,a lynx walking in the woods near a stream in the woods,Lynx,44,h-aqpcoTylM,1210,Lynx_ID_001,1210,reference_images/Lynx/h-aqpcoTylM.jpg,Animal,skipped,
Species_mp4/Lynx/L6TlWpqSMFY.mp4,a lynx cat laying on the ground next to a rock,Lynx,44,L6TlWpqSMFY,1210,Lynx_ID_001,1210,reference_images/Lynx/L6TlWpqSMFY.jpg,Animal,skipped,
Species_mp4/Lynx/RPQuCn56Y6I.mp4,a lynx is laying in a box with a snow on it,Lynx,44,RPQuCn56Y6I,1211,Lynx_ID_002,1211,reference_images/Lynx/RPQuCn56Y6I.jpg,Animal,skipped,
Species_mp4/Lynx/ZfxxusM4DK0.mp4,a lynx cat sleeping on a blanket with its eyes closed,Lynx,44,ZfxxusM4DK0,1212,Lynx_ID_003,1212,reference_images/Lynx/ZfxxusM4DK0.jpg,Animal,skipped,
Species_mp4/Lynx/hO7sqwhRCLA.mp4,a lynx cat with blue eyes laying on a white blanket,Lynx,44,hO7sqwhRCLA,1213,Lynx_ID_004,1213,reference_images/Lynx/hO7sqwhRCLA.jpg,Animal,skipped,
Species_mp4/Lynx/1x9pTjsNdPQ_1.mp4,a lynx is walking through the woods in the daytime,Lynx,44,1x9pTjsNdPQ_1,1214,Lynx_ID_005,1214,reference_images/Lynx/1x9pTjsNdPQ_1.jpg,Animal,skipped,
Species_mp4/Lynx/t5MfJFNmNpo.mp4,a lynx sitting on a stone bird bath in a garden,Lynx,44,t5MfJFNmNpo,1215,Lynx_ID_006,1215,reference_images/Lynx/t5MfJFNmNpo.jpg,Animal,skipped,
Species_mp4/Lynx/hpF6-DT7I-Q.mp4,a lynx is drinking water from a pond with a tree in the background,Lynx,44,hpF6-DT7I-Q,1216,Lynx_ID_007,1216,reference_images/Lynx/hpF6-DT7I-Q.jpg,Animal,skipped,
Species_mp4/Lynx/kEsXRE4acLM.mp4,a lynx seen in the dark at night,Lynx,44,kEsXRE4acLM,1217,Lynx_ID_008,1217,reference_images/Lynx/kEsXRE4acLM.jpg,Animal,skipped,
Species_mp4/Lynx/eJzt4swIRyo.mp4,a lynx is seen in the dark in the woods,Lynx,44,eJzt4swIRyo,1218,Lynx_ID_009,1218,reference_images/Lynx/eJzt4swIRyo.jpg,Animal,skipped,
Species_mp4/Lynx/tQVV7SQjZX0.mp4,a lynx in a cage in a zoo with a fallen tree,Lynx,44,tQVV7SQjZX0,1219,Lynx_ID_010,1219,reference_images/Lynx/tQVV7SQjZX0.jpg,Animal,skipped,
Species_mp4/Lynx/guMSk0Ex2L8.mp4,a lynx is seen in the dark in the woods at night,Lynx,44,guMSk0Ex2L8,1220,Lynx_ID_011,1220,reference_images/Lynx/guMSk0Ex2L8.jpg,Animal,skipped,
Species_mp4/Lynx/4jGsU-6mb7s.mp4,a lynx in the woods with a fallen tree in the foreground,Lynx,44,4jGsU-6mb7s,1221,Lynx_ID_012,1221,reference_images/Lynx/4jGsU-6mb7s.jpg,Animal,skipped,
Species_mp4/Lynx/jlKSHc7skBI.mp4,a lynx is sitting in the water near a tree,Lynx,44,jlKSHc7skBI,1222,Lynx_ID_013,1222,reference_images/Lynx/jlKSHc7skBI.jpg,Animal,skipped,
Species_mp4/Lynx/HhnPIkTtn0U.mp4,a lynx cat eating a bone on the floor in a kitchen,Lynx,44,HhnPIkTtn0U,1223,Lynx_ID_014,1223,reference_images/Lynx/HhnPIkTtn0U.jpg,Animal,skipped,
Species_mp4/Lynx/6EYa76Mj8g8.mp4,a lynx cat is laying in a nest of hay in the dark,Lynx,44,6EYa76Mj8g8,1224,Lynx_ID_015,1224,reference_images/Lynx/6EYa76Mj8g8.jpg,Animal,skipped,
Species_mp4/Lynx/a27S0qukfFk.mp4,a lynx cat standing on a floor next to a bowl of water,Lynx,44,a27S0qukfFk,1225,Lynx_ID_016,1225,reference_images/Lynx/a27S0qukfFk.jpg,Animal,skipped,
Species_mp4/Lynx/QAcxKgxnT-E.mp4,a lynx laying on the ground next to a pool of water,Lynx,44,QAcxKgxnT-E,1226,Lynx_ID_017,1226,reference_images/Lynx/QAcxKgxnT-E.jpg,Animal,skipped,
Species_mp4/Lynx/yd__nlP-Gn4.mp4,a lynx and a duck are drinking water from a pond,Lynx,44,yd__nlP-Gn4,1227,Lynx_ID_018,1227,reference_images/Lynx/yd__nlP-Gn4.jpg,Animal,skipped,
Species_mp4/Lynx/ccF817CidWQ.mp4,a lynx is seen in the snow at night in a dark room,Lynx,44,ccF817CidWQ,1228,Lynx_ID_019,1228,reference_images/Lynx/ccF817CidWQ.jpg,Animal,skipped,
Species_mp4/Lynx/Qq6YZ8qO7eY.mp4,a lynx sitting in a hole in the woods with a quote on it,Lynx,44,Qq6YZ8qO7eY,1229,Lynx_ID_020,1229,reference_images/Lynx/Qq6YZ8qO7eY.jpg,Animal,skipped,
Species_mp4/Lynx/2sMPiTpFwUs.mp4,a lynx in the woods looking at a camera that is recording a deer,Lynx,44,2sMPiTpFwUs,1230,Lynx_ID_021,1230,reference_images/Lynx/2sMPiTpFwUs.jpg,Animal,skipped,
Species_mp4/Lynx/YuN6ABEMndU.mp4,a lynx is seen in the dark in the yard at night,Lynx,44,YuN6ABEMndU,1231,Lynx_ID_022,1231,reference_images/Lynx/YuN6ABEMndU.jpg,Animal,skipped,
Species_mp4/Lynx/1bvXuxod_3A.mp4,a lynx eating from a bowl in the middle of the night,Lynx,44,1bvXuxod_3A,1231,Lynx_ID_022,1231,reference_images/Lynx/1bvXuxod_3A.jpg,Animal,skipped,
Species_mp4/Lynx/pU31pX4ADZk.mp4,a lynx cat drinking water from a bowl in the dark,Lynx,44,pU31pX4ADZk,1232,Lynx_ID_023,1232,reference_images/Lynx/pU31pX4ADZk.jpg,Animal,skipped,
Species_mp4/Lynx/reBzNrXYbgs.mp4,a lynx is walking through the woods at night,Lynx,44,reBzNrXYbgs,1233,Lynx_ID_024,1233,reference_images/Lynx/reBzNrXYbgs.jpg,Animal,skipped,
Species_mp4/Lynx/htJj9zNUzZk.mp4,a lynx is sitting on a rock in the snow,Lynx,44,htJj9zNUzZk,1233,Lynx_ID_024,1233,reference_images/Lynx/htJj9zNUzZk.jpg,Animal,skipped,
Species_mp4/Lynx/kwYj7eBdF50_1.mp4,a lynx is seen in the woods at night with a camera,Lynx,44,kwYj7eBdF50_1,1234,Lynx_ID_025,1234,reference_images/Lynx/kwYj7eBdF50_1.jpg,Animal,skipped,
Species_mp4/Lynx/kwYj7eBdF50_2.mp4,"a lynx is seen in the woods at night, with a camera attached to it",Lynx,44,kwYj7eBdF50_2,1234,Lynx_ID_025,1234,reference_images/Lynx/kwYj7eBdF50_2.jpg,Animal,skipped,
Species_mp4/Lynx/1x9pTjsNdPQ_2.mp4,a lynx is walking through the grass in the woods,Lynx,44,1x9pTjsNdPQ_2,1235,Lynx_ID_026,1235,reference_images/Lynx/1x9pTjsNdPQ_2.jpg,Animal,skipped,
Species_mp4/Lynx/X3J1RtQcoJs.mp4,a lynx is sitting on a rock in the woods,Lynx,44,X3J1RtQcoJs,1236,Lynx_ID_027,1236,reference_images/Lynx/X3J1RtQcoJs.jpg,Animal,skipped,
Species_mp4/Lynx/0QGKSGUOPHU.mp4,a lynx is walking through the woods near a tree,Lynx,44,0QGKSGUOPHU,1237,Lynx_ID_028,1237,reference_images/Lynx/0QGKSGUOPHU.jpg,Animal,skipped,
Species_mp4/Okapi/XT_qgUjeMrw.mp4,an okapi eating hay in a zoo enclosure with a fence,Okapi,55,XT_qgUjeMrw,1320,Okapi_ID_000,1320,reference_images/Okapi/XT_qgUjeMrw.jpg,Animal,skipped,
Species_mp4/Okapi/quDdWf_HvY4_1.mp4,an okapi in a zoo enclosure with a red ball in its mouth,Okapi,55,quDdWf_HvY4_1,1320,Okapi_ID_000,1320,reference_images/Okapi/quDdWf_HvY4_1.jpg,Animal,skipped,
Species_mp4/Okapi/XW55t8TQTSM.mp4,an okapi eating a branch in a zoo enclosure,Okapi,55,XW55t8TQTSM,1320,Okapi_ID_000,1320,reference_images/Okapi/XW55t8TQTSM.jpg,Animal,skipped,
Species_mp4/Okapi/wXtxZcryDdo.mp4,an okapi eating hay in a bucket in a cage,Okapi,55,wXtxZcryDdo,1320,Okapi_ID_000,1320,reference_images/Okapi/wXtxZcryDdo.jpg,Animal,skipped,
Species_mp4/Okapi/1i4z2fh9X0I.mp4,an okapi standing in the grass with its legs crossed,Okapi,55,1i4z2fh9X0I,1320,Okapi_ID_000,1320,reference_images/Okapi/1i4z2fh9X0I.jpg,Animal,skipped,
Species_mp4/Okapi/z-6jDAI6_MA_2.mp4,an okapi eating leaves off a tree in a wooded area,Okapi,55,z-6jDAI6_MA_2,1320,Okapi_ID_000,1320,reference_images/Okapi/z-6jDAI6_MA_2.jpg,Animal,skipped,
Species_mp4/Okapi/9dOdhW--DEw.mp4,an okapi standing in a zoo enclosure with trees and bushes,Okapi,55,9dOdhW--DEw,1320,Okapi_ID_000,1320,reference_images/Okapi/9dOdhW--DEw.jpg,Animal,skipped,
Species_mp4/Okapi/MULZPwcpk7M.mp4,an okapi grazing in a field with trees and grass,Okapi,55,MULZPwcpk7M,1320,Okapi_ID_000,1320,reference_images/Okapi/MULZPwcpk7M.jpg,Animal,skipped,
Species_mp4/Okapi/GlTkSWxb1qk.mp4,an okapi standing on a dirt path next to a fence,Okapi,55,GlTkSWxb1qk,1320,Okapi_ID_000,1320,reference_images/Okapi/GlTkSWxb1qk.jpg,Animal,skipped,
Species_mp4/Okapi/UkfzfGP8Hrs.mp4,an okapi zebra standing in a fenced in area with trees,Okapi,55,UkfzfGP8Hrs,1320,Okapi_ID_000,1320,reference_images/Okapi/UkfzfGP8Hrs.jpg,Animal,skipped,
Species_mp4/Okapi/3-mamfe0MHY.mp4,an okapi eating leaves off a tree in a forest,Okapi,55,3-mamfe0MHY,1320,Okapi_ID_000,1320,reference_images/Okapi/3-mamfe0MHY.jpg,Animal,skipped,
Species_mp4/Okapi/VGGj6QTMec4.mp4,an okapi standing in a zoo enclosure with a plant in its mouth,Okapi,55,VGGj6QTMec4,1320,Okapi_ID_000,1320,reference_images/Okapi/VGGj6QTMec4.jpg,Animal,skipped,
Species_mp4/Okapi/z-6jDAI6_MA_1.mp4,an okapi standing in a fenced in area with trees,Okapi,55,z-6jDAI6_MA_1,1320,Okapi_ID_000,1320,reference_images/Okapi/z-6jDAI6_MA_1.jpg,Animal,skipped,
Species_mp4/Okapi/Tb3qx0jiI8Y.mp4,an okapi standing in a field of grass with trees in the background,Okapi,55,Tb3qx0jiI8Y,1320,Okapi_ID_000,1320,reference_images/Okapi/Tb3qx0jiI8Y.jpg,Animal,skipped,
Species_mp4/Okapi/sfEn_4afX_k.mp4,an okapi eating a plant in a fenced in area,Okapi,55,sfEn_4afX_k,1320,Okapi_ID_000,1320,reference_images/Okapi/sfEn_4afX_k.jpg,Animal,skipped,
Species_mp4/Okapi/quDdWf_HvY4_2.mp4,an okapi bear standing in a fenced in area with grass,Okapi,55,quDdWf_HvY4_2,1321,Okapi_ID_001,1321,reference_images/Okapi/quDdWf_HvY4_2.jpg,Animal,skipped,
Species_mp4/Marten/XJSyABuWGX4_2.mp4,a marten bear in the woods at night with a camera,Marten,48,XJSyABuWGX4_2,1262,Marten_ID_000,1262,reference_images/Marten/XJSyABuWGX4_2.jpg,Animal,skipped,
Species_mp4/Marten/XJSyABuWGX4_1.mp4,a marten bear in the dark looking for food in the grass,Marten,48,XJSyABuWGX4_1,1262,Marten_ID_000,1262,reference_images/Marten/XJSyABuWGX4_1.jpg,Animal,skipped,
Species_mp4/Marten/ak3UQUMX2zo.mp4,a marten bear walking through a field at night with a box,Marten,48,ak3UQUMX2zo,1263,Marten_ID_001,1263,reference_images/Marten/ak3UQUMX2zo.jpg,Animal,skipped,
Species_mp4/Marten/DeeN2tUvdhs.mp4,a marten bear in a nest on a tree branch at night,Marten,48,DeeN2tUvdhs,1264,Marten_ID_002,1264,reference_images/Marten/DeeN2tUvdhs.jpg,Animal,skipped,
Species_mp4/Marten/HCw54QuQzI8.mp4,a marten cat is seen in the dark with a blurry image,Marten,48,HCw54QuQzI8,1265,Marten_ID_003,1265,reference_images/Marten/HCw54QuQzI8.jpg,Animal,skipped,
Species_mp4/Marten/W70qdv7EyO4.mp4,a marten bear standing on a tree branch in the woods,Marten,48,W70qdv7EyO4,1266,Marten_ID_004,1266,reference_images/Marten/W70qdv7EyO4.jpg,Animal,skipped,
Species_mp4/Marten/1bwZKz-_sjo.mp4,a marten bear cub in a tree looking out from a hollow,Marten,48,1bwZKz-_sjo,1266,Marten_ID_004,1266,reference_images/Marten/1bwZKz-_sjo.jpg,Animal,skipped,
Species_mp4/Marten/nd-XIX6_Z10.mp4,a marten bear in a nest on a tree branch,Marten,48,nd-XIX6_Z10,1267,Marten_ID_005,1267,reference_images/Marten/nd-XIX6_Z10.jpg,Animal,skipped,
Species_mp4/Marten/tAfFPHZrThI.mp4,a marten bear in a nest on a tree branch,Marten,48,tAfFPHZrThI,1267,Marten_ID_005,1267,reference_images/Marten/tAfFPHZrThI.jpg,Animal,skipped,
Species_mp4/Marten/XsZoSDKuj7c.mp4,a marten bear eating a piece of meat on a picnic table,Marten,48,XsZoSDKuj7c,1268,Marten_ID_006,1268,reference_images/Marten/XsZoSDKuj7c.jpg,Animal,skipped,
Species_mp4/Marten/Z7rjgGTZxN8.mp4,a marten bear cub resting in a hole in a zoo enclosure,Marten,48,Z7rjgGTZxN8,1269,Marten_ID_007,1269,reference_images/Marten/Z7rjgGTZxN8.jpg,Animal,skipped,
Species_mp4/Otter/_eoyATr-laQ.mp4,an otter sitting on a rock in a river with rocks and water,Otter,57,_eoyATr-laQ,1330,Otter_ID_000,1330,reference_images/Otter/_eoyATr-laQ.jpg,Animal,skipped,
Species_mp4/Otter/JiuU_v-e8Bs.mp4,an otter sleeping on a blanket with its head on a pillow,Otter,57,JiuU_v-e8Bs,1330,Otter_ID_000,1330,reference_images/Otter/JiuU_v-e8Bs.jpg,Animal,skipped,
Species_mp4/Otter/bKVnPHAU_Xs.mp4,an otter is standing on a rock with a lot of mussels,Otter,57,bKVnPHAU_Xs,1330,Otter_ID_000,1330,reference_images/Otter/bKVnPHAU_Xs.jpg,Animal,skipped,
Species_mp4/Otter/ADt7T4sIh2I.mp4,an otter sitting on a rock in front of a tree,Otter,57,ADt7T4sIh2I,1330,Otter_ID_000,1330,reference_images/Otter/ADt7T4sIh2I.jpg,Animal,skipped,
Species_mp4/Otter/OTsXd6IPfy4.mp4,an otter is sitting on a log in the water,Otter,57,OTsXd6IPfy4,1330,Otter_ID_000,1330,reference_images/Otter/OTsXd6IPfy4.jpg,Animal,skipped,
Species_mp4/Otter/R_es6PY9JEQ.mp4,an otter is eating a piece of food in the water,Otter,57,R_es6PY9JEQ,1330,Otter_ID_000,1330,reference_images/Otter/R_es6PY9JEQ.jpg,Animal,skipped,
Species_mp4/Otter/1k-_qLr3ono.mp4,an otter is sitting on a log in the water,Otter,57,1k-_qLr3ono,1330,Otter_ID_000,1330,reference_images/Otter/1k-_qLr3ono.jpg,Animal,skipped,
Species_mp4/Otter/M9XRb56LQic.mp4,an otter swimming in the water with its head above the water,Otter,57,M9XRb56LQic,1331,Otter_ID_001,1331,reference_images/Otter/M9XRb56LQic.jpg,Animal,skipped,
Species_mp4/Otter/q_eBXYPoZGo_1.mp4,an otter in a zoo enclosure with a bird on its back,Otter,57,q_eBXYPoZGo_1,1331,Otter_ID_001,1331,reference_images/Otter/q_eBXYPoZGo_1.jpg,Animal,skipped,
Species_mp4/Otter/OOLVT4gnQWY.mp4,an otter otter floating in the water with its head on its back,Otter,57,OOLVT4gnQWY,1331,Otter_ID_001,1331,reference_images/Otter/OOLVT4gnQWY.jpg,Animal,skipped,
Species_mp4/Otter/t68jMFJnHEU.mp4,an otter and her cub are standing on a rock by the water,Otter,57,t68jMFJnHEU,1331,Otter_ID_001,1331,reference_images/Otter/t68jMFJnHEU.jpg,Animal,skipped,
Species_mp4/Otter/k3BUcmomdgk.mp4,an otter floating in the water with its head above the water,Otter,57,k3BUcmomdgk,1331,Otter_ID_001,1331,reference_images/Otter/k3BUcmomdgk.jpg,Animal,skipped,
Species_mp4/Otter/ReYKfjxlJ3M_1.mp4,an otter and her cub swimming in the water,Otter,57,ReYKfjxlJ3M_1,1331,Otter_ID_001,1331,reference_images/Otter/ReYKfjxlJ3M_1.jpg,Animal,skipped,
Species_mp4/Otter/de6uTMEiZf0.mp4,an otter bear is floating in the water with its baby,Otter,57,de6uTMEiZf0,1331,Otter_ID_001,1331,reference_images/Otter/de6uTMEiZf0.jpg,Animal,skipped,
Species_mp4/Otter/9F2qI6BTIt8.mp4,an otter swimming in the ocean with a dog in its mouth,Otter,57,9F2qI6BTIt8,1331,Otter_ID_001,1331,reference_images/Otter/9F2qI6BTIt8.jpg,Animal,skipped,
Species_mp4/Otter/-UUugKAMfzk.mp4,an otter in the water with a fish in its mouth,Otter,57,-UUugKAMfzk,1331,Otter_ID_001,1331,reference_images/Otter/-UUugKAMfzk.jpg,Animal,skipped,
Species_mp4/Otter/8vzkdwabBk0.mp4,an otter floating in the water with a fish in its mouth,Otter,57,8vzkdwabBk0,1331,Otter_ID_001,1331,reference_images/Otter/8vzkdwabBk0.jpg,Animal,skipped,
Species_mp4/Otter/Hy-pvtTPct8.mp4,an otter is swimming in the water with a toy in its mouth,Otter,57,Hy-pvtTPct8,1331,Otter_ID_001,1331,reference_images/Otter/Hy-pvtTPct8.jpg,Animal,skipped,
Species_mp4/Otter/7sk8i3XkS_c.mp4,an otter floating in the water with its head on its back,Otter,57,7sk8i3XkS_c,1331,Otter_ID_001,1331,reference_images/Otter/7sk8i3XkS_c.jpg,Animal,skipped,
Species_mp4/Otter/NA2-j6ynlW0.mp4,an otter otter floating on its back in the water,Otter,57,NA2-j6ynlW0,1331,Otter_ID_001,1331,reference_images/Otter/NA2-j6ynlW0.jpg,Animal,skipped,
Species_mp4/Otter/hzZmJ-FK-XE.mp4,an otter swimming in the water with its head under the water,Otter,57,hzZmJ-FK-XE,1332,Otter_ID_002,1332,reference_images/Otter/hzZmJ-FK-XE.jpg,Animal,skipped,
Species_mp4/Otter/fnoeRATRo7s.mp4,an otter floating in the water with its head above the water,Otter,57,fnoeRATRo7s,1333,Otter_ID_003,1333,reference_images/Otter/fnoeRATRo7s.jpg,Animal,skipped,
Species_mp4/Otter/s1b2tuHfD2s.mp4,an otter is swimming in the water with a banana in its mouth,Otter,57,s1b2tuHfD2s,1334,Otter_ID_004,1334,reference_images/Otter/s1b2tuHfD2s.jpg,Animal,skipped,
Species_mp4/Otter/SwpxOWQn-VI.mp4,an otter cub laying on the ground with a dead animal,Otter,57,SwpxOWQn-VI,1335,Otter_ID_005,1335,reference_images/Otter/SwpxOWQn-VI.jpg,Animal,skipped,
Species_mp4/Otter/Ebg3R6GxGgU.mp4,an otter walking in the snow with its head down,Otter,57,Ebg3R6GxGgU,1335,Otter_ID_005,1335,reference_images/Otter/Ebg3R6GxGgU.jpg,Animal,skipped,
Species_mp4/Otter/2XOD2QA75kw_2.mp4,an otters are walking along the shore of a rocky beach,Otter,57,2XOD2QA75kw_2,1336,Otter_ID_006,1336,reference_images/Otter/2XOD2QA75kw_2.jpg,Animal,skipped,
Species_mp4/Otter/dZmap7YOxfQ.mp4,an otter laying on a beach with a dead animal in the sand,Otter,57,dZmap7YOxfQ,1337,Otter_ID_007,1337,reference_images/Otter/dZmap7YOxfQ.jpg,Animal,skipped,
Species_mp4/Otter/gTndO5l-6xY.mp4,an otter is laying on the ground next to a body of water,Otter,57,gTndO5l-6xY,1338,Otter_ID_008,1338,reference_images/Otter/gTndO5l-6xY.jpg,Animal,skipped,
Species_mp4/Otter/GdmBQW__2vQ.mp4,an otter drinking water from a lake next to a boat,Otter,57,GdmBQW__2vQ,1339,Otter_ID_009,1339,reference_images/Otter/GdmBQW__2vQ.jpg,Animal,skipped,
Species_mp4/Otter/n0dvBUDzFcQ.mp4,an otter is in the water with a fish in its mouth,Otter,57,n0dvBUDzFcQ,1340,Otter_ID_010,1340,reference_images/Otter/n0dvBUDzFcQ.jpg,Animal,skipped,
Species_mp4/Otter/vD34zNgUU8o.mp4,an otter in the water with a fish in its mouth,Otter,57,vD34zNgUU8o,1341,Otter_ID_011,1341,reference_images/Otter/vD34zNgUU8o.jpg,Animal,skipped,
Species_mp4/Otter/WHi09wJthH8.mp4,an otter in a marshy area with dead grass and dead reeds,Otter,57,WHi09wJthH8,1342,Otter_ID_012,1342,reference_images/Otter/WHi09wJthH8.jpg,Animal,skipped,
Species_mp4/Otter/OCfTx-GwEBQ.mp4,an otter swimming in the water with its head above the water,Otter,57,OCfTx-GwEBQ,1343,Otter_ID_013,1343,reference_images/Otter/OCfTx-GwEBQ.jpg,Animal,skipped,
Species_mp4/Otter/YK1EeMki8-U.mp4,an otter sitting on a rock in the middle of the ocean,Otter,57,YK1EeMki8-U,1344,Otter_ID_014,1344,reference_images/Otter/YK1EeMki8-U.jpg,Animal,skipped,
Species_mp4/Otter/pGg84hRHjQc.mp4,an otter in the water with a fish in its mouth,Otter,57,pGg84hRHjQc,1345,Otter_ID_015,1345,reference_images/Otter/pGg84hRHjQc.jpg,Animal,skipped,
Species_mp4/Otter/FtENajvp-n8.mp4,an otter floating in the water with its head above the water,Otter,57,FtENajvp-n8,1346,Otter_ID_016,1346,reference_images/Otter/FtENajvp-n8.jpg,Animal,skipped,
Species_mp4/Otter/fRpNz64UwSA.mp4,an otter sleeping on the sand at the beach,Otter,57,fRpNz64UwSA,1347,Otter_ID_017,1347,reference_images/Otter/fRpNz64UwSA.jpg,Animal,skipped,
Species_mp4/Otter/9U0531Sesug.mp4,an otter is swimming in a stream in the snow,Otter,57,9U0531Sesug,1348,Otter_ID_018,1348,reference_images/Otter/9U0531Sesug.jpg,Animal,skipped,
Species_mp4/Otter/nIWpzW95XIM.mp4,an otter is standing on a rock by the water,Otter,57,nIWpzW95XIM,1349,Otter_ID_019,1349,reference_images/Otter/nIWpzW95XIM.jpg,Animal,skipped,
Species_mp4/Elephant/s4-gjipLbvs.mp4,an elephant with tusks eating grass in a wooded area,Elephant,21,s4-gjipLbvs,615,Elephant_ID_000,615,reference_images/Elephant/s4-gjipLbvs.jpg,Animal,skipped,
Species_mp4/Elephant/U-BhEqGeeeg_1.mp4,an elephant with tusks eating a plant in a field,Elephant,21,U-BhEqGeeeg_1,615,Elephant_ID_000,615,reference_images/Elephant/U-BhEqGeeeg_1.jpg,Animal,skipped,
Species_mp4/Elephant/U-BhEqGeeeg_2.mp4,an elephant with a long trunk and a long trunk with a long trunk,Elephant,21,U-BhEqGeeeg_2,616,Elephant_ID_001,616,reference_images/Elephant/U-BhEqGeeeg_2.jpg,Animal,skipped,
Species_mp4/Elephant/Ea8JxaZayqg.mp4,an elephant standing in a field with trees and grass,Elephant,21,Ea8JxaZayqg,617,Elephant_ID_002,617,reference_images/Elephant/Ea8JxaZayqg.jpg,Animal,skipped,
Species_mp4/Elephant/2CwNiJJBdRk.mp4,an elephant standing in a pen with a metal fence around it,Elephant,21,2CwNiJJBdRk,618,Elephant_ID_003,618,reference_images/Elephant/2CwNiJJBdRk.jpg,Animal,skipped,
Species_mp4/Elephant/_uuHkxV5k9g.mp4,an elephant standing in the dirt in front of a forest,Elephant,21,_uuHkxV5k9g,619,Elephant_ID_004,619,reference_images/Elephant/_uuHkxV5k9g.jpg,Animal,skipped,
Species_mp4/Elephant/-OLdYN99_VY.mp4,an elephant laying in the grass next to a tree and a rock,Elephant,21,-OLdYN99_VY,620,Elephant_ID_005,620,reference_images/Elephant/-OLdYN99_VY.jpg,Animal,skipped,
Species_mp4/Elephant/jFYxznOsiBQ.mp4,an elephant standing in a pen with a ball in the background,Elephant,21,jFYxznOsiBQ,621,Elephant_ID_006,621,reference_images/Elephant/jFYxznOsiBQ.jpg,Animal,skipped,
Species_mp4/Elephant/J_Mg_RBrva8.mp4,an elephant standing next to a rock wall in a zoo,Elephant,21,J_Mg_RBrva8,621,Elephant_ID_006,621,reference_images/Elephant/J_Mg_RBrva8.jpg,Animal,skipped,
Species_mp4/Elephant/TEjp7kYD-sc.mp4,an elephant standing in a pen with water coming out of it,Elephant,21,TEjp7kYD-sc,621,Elephant_ID_006,621,reference_images/Elephant/TEjp7kYD-sc.jpg,Animal,skipped,
Species_mp4/Elephant/4BoDMUIJN7Y.mp4,an elephant standing behind a fence with a small bird in its mouth,Elephant,21,4BoDMUIJN7Y,621,Elephant_ID_006,621,reference_images/Elephant/4BoDMUIJN7Y.jpg,Animal,skipped,
Species_mp4/Elephant/Vx6wX_L_O4c.mp4,an elephant with a saddle is standing in a doorway,Elephant,21,Vx6wX_L_O4c,622,Elephant_ID_007,622,reference_images/Elephant/Vx6wX_L_O4c.jpg,Animal,skipped,
Species_mp4/Elephant/vR8x0Kfg5b0.mp4,an elephant standing in a field with a house in the background,Elephant,21,vR8x0Kfg5b0,623,Elephant_ID_008,623,reference_images/Elephant/vR8x0Kfg5b0.jpg,Animal,skipped,
Species_mp4/Elephant/lUehF1LrnYM.mp4,an elephant is standing in the water and spraying water with its trunk,Elephant,21,lUehF1LrnYM,624,Elephant_ID_009,624,reference_images/Elephant/lUehF1LrnYM.jpg,Animal,skipped,
Species_mp4/Elephant/aGGM91scBn8.mp4,an elephant walking down a street with a bunch of bananas on the ground,Elephant,21,aGGM91scBn8,625,Elephant_ID_010,625,reference_images/Elephant/aGGM91scBn8.jpg,Animal,skipped,
Species_mp4/Elephant/-3aVX59JIV8_2.mp4,an elephant walking on the street with a bunch of oranges,Elephant,21,-3aVX59JIV8_2,625,Elephant_ID_010,625,reference_images/Elephant/-3aVX59JIV8_2.jpg,Animal,skipped,
Species_mp4/Elephant/oDgD4vyl6XA.mp4,an elephant walking through a field with trees and bushes,Elephant,21,oDgD4vyl6XA,626,Elephant_ID_011,626,reference_images/Elephant/oDgD4vyl6XA.jpg,Animal,skipped,
Species_mp4/Elephant/dOiHKwkTdzc.mp4,an elephant standing in a field with trees and grass,Elephant,21,dOiHKwkTdzc,627,Elephant_ID_012,627,reference_images/Elephant/dOiHKwkTdzc.jpg,Animal,skipped,
Species_mp4/Elephant/ojcNUeY8CQI.mp4,an elephant walking in a field of grass near trees,Elephant,21,ojcNUeY8CQI,627,Elephant_ID_012,627,reference_images/Elephant/ojcNUeY8CQI.jpg,Animal,skipped,
Species_mp4/Elephant/XspxT_b9L8k.mp4,an elephant standing in a field with trees and grass,Elephant,21,XspxT_b9L8k,627,Elephant_ID_012,627,reference_images/Elephant/XspxT_b9L8k.jpg,Animal,skipped,
Species_mp4/Elephant/l7Wh27xxKOc.mp4,an elephant standing in a field with trees and grass,Elephant,21,l7Wh27xxKOc,627,Elephant_ID_012,627,reference_images/Elephant/l7Wh27xxKOc.jpg,Animal,skipped,
Species_mp4/Elephant/M2-02VRbfbM.mp4,an elephant standing in a field with trees and bushes,Elephant,21,M2-02VRbfbM,628,Elephant_ID_013,628,reference_images/Elephant/M2-02VRbfbM.jpg,Animal,skipped,
Species_mp4/Elephant/tkDRjZBNEjE.mp4,an elephant with a saddle on its back walking in a field,Elephant,21,tkDRjZBNEjE,629,Elephant_ID_014,629,reference_images/Elephant/tkDRjZBNEjE.jpg,Animal,skipped,
Species_mp4/Elephant/nBm2q3E6WPE.mp4,an elephant standing on its hind legs in the dirt,Elephant,21,nBm2q3E6WPE,630,Elephant_ID_015,630,reference_images/Elephant/nBm2q3E6WPE.jpg,Animal,skipped,
Species_mp4/Elephant/t_LuloSZYJs.mp4,an elephant standing in a field of tall grass with a sky background,Elephant,21,t_LuloSZYJs,631,Elephant_ID_016,631,reference_images/Elephant/t_LuloSZYJs.jpg,Animal,skipped,
Species_mp4/Elephant/5J5bSbW5RVQ_2.mp4,an elephant standing on its hind legs in a field,Elephant,21,5J5bSbW5RVQ_2,632,Elephant_ID_017,632,reference_images/Elephant/5J5bSbW5RVQ_2.jpg,Animal,skipped,
Species_mp4/Elephant/Q3hRX-s8FYU.mp4,an elephant with large tusks walking through a dry grass field,Elephant,21,Q3hRX-s8FYU,633,Elephant_ID_018,633,reference_images/Elephant/Q3hRX-s8FYU.jpg,Animal,skipped,
Species_mp4/Elephant/vwJiAezl4gg.mp4,an elephant standing in a muddy area with a fence and a building in the background,Elephant,21,vwJiAezl4gg,634,Elephant_ID_019,634,reference_images/Elephant/vwJiAezl4gg.jpg,Animal,skipped,
Species_mp4/Elephant/RbBAE9ZSvKI.mp4,an elephant standing in the water near a tree line,Elephant,21,RbBAE9ZSvKI,635,Elephant_ID_020,635,reference_images/Elephant/RbBAE9ZSvKI.jpg,Animal,skipped,
Species_mp4/Elephant/gx0_AyVWmnw.mp4,an elephant standing in a field with a pile of grass,Elephant,21,gx0_AyVWmnw,636,Elephant_ID_021,636,reference_images/Elephant/gx0_AyVWmnw.jpg,Animal,skipped,
Species_mp4/Elephant/LSpYHhDMpiM.mp4,an elephant standing in a pen eating some leaves and grass,Elephant,21,LSpYHhDMpiM,636,Elephant_ID_021,636,reference_images/Elephant/LSpYHhDMpiM.jpg,Animal,skipped,
Species_mp4/Elephant/H-zlko_4GdU.mp4,an elephant standing in a pen eating some leaves from a pile,Elephant,21,H-zlko_4GdU,636,Elephant_ID_021,636,reference_images/Elephant/H-zlko_4GdU.jpg,Animal,skipped,
Species_mp4/Elephant/xeqgv-mSsAU.mp4,an elephant standing in the middle of a dirt field next to trees,Elephant,21,xeqgv-mSsAU,636,Elephant_ID_021,636,reference_images/Elephant/xeqgv-mSsAU.jpg,Animal,skipped,
Species_mp4/Elephant/MxuPowakUoE.mp4,an elephant with a blue patch on its nose laying in hay,Elephant,21,MxuPowakUoE,637,Elephant_ID_022,637,reference_images/Elephant/MxuPowakUoE.jpg,Animal,skipped,
Species_mp4/Elephant/I_OzyvTotXg.mp4,an elephant standing on a platform in a dirt field,Elephant,21,I_OzyvTotXg,638,Elephant_ID_023,638,reference_images/Elephant/I_OzyvTotXg.jpg,Animal,skipped,
Species_mp4/Elephant/pYf1J8jH1L8.mp4,an elephant is standing on the bank of a river and eating grass,Elephant,21,pYf1J8jH1L8,639,Elephant_ID_024,639,reference_images/Elephant/pYf1J8jH1L8.jpg,Animal,skipped,
Species_mp4/Elephant/qTyK-pjNUVQ.mp4,an elephant standing in a field of dry grass with trees in the background,Elephant,21,qTyK-pjNUVQ,640,Elephant_ID_025,640,reference_images/Elephant/qTyK-pjNUVQ.jpg,Animal,skipped,
Species_mp4/Elephant/hOBXCnsJ-UQ.mp4,an elephant walking through a dry grass field with trees in the background,Elephant,21,hOBXCnsJ-UQ,640,Elephant_ID_025,640,reference_images/Elephant/hOBXCnsJ-UQ.jpg,Animal,skipped,
Species_mp4/Elephant/hsw03nFFmBM.mp4,an elephant standing on its hind legs in front of a tree,Elephant,21,hsw03nFFmBM,641,Elephant_ID_026,641,reference_images/Elephant/hsw03nFFmBM.jpg,Animal,skipped,
Species_mp4/Elephant/LAZqgdpYOKM.mp4,an elephant standing in a swamp with a green leaf in its mouth,Elephant,21,LAZqgdpYOKM,642,Elephant_ID_027,642,reference_images/Elephant/LAZqgdpYOKM.jpg,Animal,skipped,
Species_mp4/Elephant/y05eL3qH6bI_1.mp4,an elephant standing in a doorway of a building with a tree,Elephant,21,y05eL3qH6bI_1,643,Elephant_ID_028,643,reference_images/Elephant/y05eL3qH6bI_1.jpg,Animal,skipped,
Species_mp4/Elephant/y05eL3qH6bI_2.mp4,an elephant standing in a zoo enclosure with a door open,Elephant,21,y05eL3qH6bI_2,643,Elephant_ID_028,643,reference_images/Elephant/y05eL3qH6bI_2.jpg,Animal,skipped,
Species_mp4/Elephant/NREzWxe616k.mp4,an elephant standing in a pen with a fence and a building in the background,Elephant,21,NREzWxe616k,643,Elephant_ID_028,643,reference_images/Elephant/NREzWxe616k.jpg,Animal,skipped,
Species_mp4/Elephant/49y5Eo16o68.mp4,an elephant standing in the grass with its trunk out,Elephant,21,49y5Eo16o68,644,Elephant_ID_029,644,reference_images/Elephant/49y5Eo16o68.jpg,Animal,skipped,
Species_mp4/Elephant/V0AmxjaCsFI.mp4,an elephant standing in a body of water next to a lush green field,Elephant,21,V0AmxjaCsFI,645,Elephant_ID_030,645,reference_images/Elephant/V0AmxjaCsFI.jpg,Animal,skipped,
Species_mp4/Elephant/TlPfowO1_yo.mp4,an elephant standing in the dirt near a building and trees,Elephant,21,TlPfowO1_yo,646,Elephant_ID_031,646,reference_images/Elephant/TlPfowO1_yo.jpg,Animal,skipped,
Species_mp4/Elephant/3Hk1zYiONAM.mp4,an elephant standing in a pen with a fence and grass,Elephant,21,3Hk1zYiONAM,647,Elephant_ID_032,647,reference_images/Elephant/3Hk1zYiONAM.jpg,Animal,skipped,
Species_mp4/Elephant/yV7UDzC26mA.mp4,an elephant standing in a field with trees and grass,Elephant,21,yV7UDzC26mA,648,Elephant_ID_033,648,reference_images/Elephant/yV7UDzC26mA.jpg,Animal,skipped,
Species_mp4/Elephant/_mVvGiN-XpM.mp4,an elephant walking through a river with its trunk in the water,Elephant,21,_mVvGiN-XpM,649,Elephant_ID_034,649,reference_images/Elephant/_mVvGiN-XpM.jpg,Animal,skipped,
Species_mp4/Elephant/0osyAxKP_M8.mp4,an elephant standing in a body of water next to a grassy field,Elephant,21,0osyAxKP_M8,650,Elephant_ID_035,650,reference_images/Elephant/0osyAxKP_M8.jpg,Animal,skipped,
Species_mp4/Elephant/76k35vqBNv4_3.mp4,an elephant laying on the ground in the dirt with a tree stump,Elephant,21,76k35vqBNv4_3,651,Elephant_ID_036,651,reference_images/Elephant/76k35vqBNv4_3.jpg,Animal,skipped,
Species_mp4/Elephant/peiO0_OtdfE.mp4,an elephant with tusks eating leaves from a tree in the wild,Elephant,21,peiO0_OtdfE,652,Elephant_ID_037,652,reference_images/Elephant/peiO0_OtdfE.jpg,Animal,skipped,
Species_mp4/Elephant/XpchB35Yhsk_4.mp4,an elephant laying in the grass with a quote about it,Elephant,21,XpchB35Yhsk_4,653,Elephant_ID_038,653,reference_images/Elephant/XpchB35Yhsk_4.jpg,Animal,skipped,
Species_mp4/Elephant/-PWJcLc9jO8.mp4,an elephant standing next to a stone wall with a tree in the background,Elephant,21,-PWJcLc9jO8,654,Elephant_ID_039,654,reference_images/Elephant/-PWJcLc9jO8.jpg,Animal,skipped,
Species_mp4/Elephant/yCqjBwb3r3s.mp4,an elephant walking through a small body of water near a forest,Elephant,21,yCqjBwb3r3s,655,Elephant_ID_040,655,reference_images/Elephant/yCqjBwb3r3s.jpg,Animal,skipped,
Species_mp4/Elephant/C6q7PC7Rnl0.mp4,an elephant is standing behind a man with a water bottle,Elephant,21,C6q7PC7Rnl0,656,Elephant_ID_041,656,reference_images/Elephant/C6q7PC7Rnl0.jpg,Animal,skipped,
Species_mp4/Elephant/h_VPHggghPU.mp4,an elephant standing in the water near a river with trees in the background,Elephant,21,h_VPHggghPU,657,Elephant_ID_042,657,reference_images/Elephant/h_VPHggghPU.jpg,Animal,skipped,
Species_mp4/Elephant/lW-JrZ07RwE.mp4,an elephant is walking on a sidewalk with a man standing next to it,Elephant,21,lW-JrZ07RwE,658,Elephant_ID_043,658,reference_images/Elephant/lW-JrZ07RwE.jpg,Animal,skipped,
Species_mp4/Elephant/_BWwXKDr-aE.mp4,an elephant is standing on a sidewalk with a hose,Elephant,21,_BWwXKDr-aE,658,Elephant_ID_043,658,reference_images/Elephant/_BWwXKDr-aE.jpg,Animal,skipped,
Species_mp4/Elephant/BnUglDdfR0Q.mp4,an elephant standing in the middle of a lush green forest,Elephant,21,BnUglDdfR0Q,659,Elephant_ID_044,659,reference_images/Elephant/BnUglDdfR0Q.jpg,Animal,skipped,
Species_mp4/Elephant/b-buy-WExk4.mp4,an elephant standing in a field with trees in the background,Elephant,21,b-buy-WExk4,660,Elephant_ID_045,660,reference_images/Elephant/b-buy-WExk4.jpg,Animal,skipped,
Species_mp4/Elephant/SHeWeZEId7E.mp4,an elephant standing in a body of water next to a dirt field,Elephant,21,SHeWeZEId7E,661,Elephant_ID_046,661,reference_images/Elephant/SHeWeZEId7E.jpg,Animal,skipped,
Species_mp4/Elephant/KPuFejY_DF8.mp4,an elephant standing under a tree in a dirt field,Elephant,21,KPuFejY_DF8,662,Elephant_ID_047,662,reference_images/Elephant/KPuFejY_DF8.jpg,Animal,skipped,
Species_mp4/Elephant/4EiGoYuhGAw.mp4,an elephant standing in a dirt field next to a tree,Elephant,21,4EiGoYuhGAw,663,Elephant_ID_048,663,reference_images/Elephant/4EiGoYuhGAw.jpg,Animal,skipped,
Species_mp4/Elephant/iSwnZN2Zgl0.mp4,an elephant walking in a field of grass with trees in the background,Elephant,21,iSwnZN2Zgl0,664,Elephant_ID_049,664,reference_images/Elephant/iSwnZN2Zgl0.jpg,Animal,skipped,
Species_mp4/Elephant/Z93qUhTl6ms.mp4,an elephant with a blue seat on its back walking in water,Elephant,21,Z93qUhTl6ms,665,Elephant_ID_050,665,reference_images/Elephant/Z93qUhTl6ms.jpg,Animal,skipped,
Species_mp4/Elephant/JCiXyXl5avc.mp4,an elephant walking in the dirt with a person looking at it,Elephant,21,JCiXyXl5avc,666,Elephant_ID_051,666,reference_images/Elephant/JCiXyXl5avc.jpg,Animal,skipped,
Species_mp4/Elephant/ExXm81jmNf4.mp4,an elephant reaching up to a tree to reach a branch,Elephant,21,ExXm81jmNf4,667,Elephant_ID_052,667,reference_images/Elephant/ExXm81jmNf4.jpg,Animal,skipped,
Species_mp4/Elephant/hIiAGBGHcJw.mp4,an elephant walking in a field with trees in the background,Elephant,21,hIiAGBGHcJw,668,Elephant_ID_053,668,reference_images/Elephant/hIiAGBGHcJw.jpg,Animal,skipped,
Species_mp4/Elephant/5TOW9UaCrkU.mp4,an elephant standing in the dirt with a bird in its mouth,Elephant,21,5TOW9UaCrkU,669,Elephant_ID_054,669,reference_images/Elephant/5TOW9UaCrkU.jpg,Animal,skipped,
Species_mp4/Elephant/q3KKtysK5X8.mp4,an elephant standing in the grass with its tusks spread out,Elephant,21,q3KKtysK5X8,670,Elephant_ID_055,670,reference_images/Elephant/q3KKtysK5X8.jpg,Animal,skipped,
Species_mp4/Elephant/rj_UDxVbcgo_1.mp4,an elephant standing in a field with trees in the background,Elephant,21,rj_UDxVbcgo_1,670,Elephant_ID_055,670,reference_images/Elephant/rj_UDxVbcgo_1.jpg,Animal,skipped,
Species_mp4/Elephant/qCNSGF3QB14.mp4,an elephant standing in the mud in a field with grass,Elephant,21,qCNSGF3QB14,671,Elephant_ID_056,671,reference_images/Elephant/qCNSGF3QB14.jpg,Animal,skipped,
Species_mp4/Elephant/9YpzlEAp27w.mp4,an elephant standing on a hill with a small patch of grass,Elephant,21,9YpzlEAp27w,671,Elephant_ID_056,671,reference_images/Elephant/9YpzlEAp27w.jpg,Animal,skipped,
Species_mp4/Elephant/35ry8s8xL2k.mp4,an elephant laying on the ground in the dark with its trunk out,Elephant,21,35ry8s8xL2k,672,Elephant_ID_057,672,reference_images/Elephant/35ry8s8xL2k.jpg,Animal,skipped,
Species_mp4/Elephant/DVoThuawvzg.mp4,an elephant standing in the water with its trunk extended,Elephant,21,DVoThuawvzg,673,Elephant_ID_058,673,reference_images/Elephant/DVoThuawvzg.jpg,Animal,skipped,
Species_mp4/Elephant/IJ9y0zDCtiI.mp4,an elephant standing in the grass near a tree and a building,Elephant,21,IJ9y0zDCtiI,674,Elephant_ID_059,674,reference_images/Elephant/IJ9y0zDCtiI.jpg,Animal,skipped,
Species_mp4/Elephant/54iTwnBGgeE.mp4,an elephant standing on a rock in a fenced in area,Elephant,21,54iTwnBGgeE,675,Elephant_ID_060,675,reference_images/Elephant/54iTwnBGgeE.jpg,Animal,skipped,
Species_mp4/Elephant/zoG3pH8vwyE.mp4,an elephant standing under a shelter in a field with trees,Elephant,21,zoG3pH8vwyE,676,Elephant_ID_061,676,reference_images/Elephant/zoG3pH8vwyE.jpg,Animal,skipped,
Species_mp4/Elephant/bvuWqlIWUJo.mp4,an elephant standing in a pool with a man in it,Elephant,21,bvuWqlIWUJo,677,Elephant_ID_062,677,reference_images/Elephant/bvuWqlIWUJo.jpg,Animal,skipped,
Species_mp4/Elephant/nVVW0pIlQsg.mp4,an elephant is in the water with a person in the pool,Elephant,21,nVVW0pIlQsg,677,Elephant_ID_062,677,reference_images/Elephant/nVVW0pIlQsg.jpg,Animal,skipped,
Species_mp4/Elephant/HsTk6WhXC7k.mp4,an elephant standing next to a tree in a field with a rope,Elephant,21,HsTk6WhXC7k,678,Elephant_ID_063,678,reference_images/Elephant/HsTk6WhXC7k.jpg,Animal,skipped,
Species_mp4/Elephant/CDQzJWwjXVQ.mp4,an elephant walking in the mud in a wooded area,Elephant,21,CDQzJWwjXVQ,679,Elephant_ID_064,679,reference_images/Elephant/CDQzJWwjXVQ.jpg,Animal,skipped,
Species_mp4/Elephant/YKj10WxWZR4.mp4,an elephant standing in a pen eating hay with a sky background,Elephant,21,YKj10WxWZR4,680,Elephant_ID_065,680,reference_images/Elephant/YKj10WxWZR4.jpg,Animal,skipped,
Species_mp4/Elephant/4ue_5ZPGGWc.mp4,an elephant standing in a pen eating leaves from a pile,Elephant,21,4ue_5ZPGGWc,681,Elephant_ID_066,681,reference_images/Elephant/4ue_5ZPGGWc.jpg,Animal,skipped,
Species_mp4/Elephant/pyT8jVcg_Xo.mp4,an elephant standing in the middle of a lush green forest,Elephant,21,pyT8jVcg_Xo,682,Elephant_ID_067,682,reference_images/Elephant/pyT8jVcg_Xo.jpg,Animal,skipped,
Species_mp4/Elephant/tNZMl0JJF_g.mp4,an elephant standing next to a pool of water in a field,Elephant,21,tNZMl0JJF_g,683,Elephant_ID_068,683,reference_images/Elephant/tNZMl0JJF_g.jpg,Animal,skipped,
Species_mp4/Elephant/eEjx07yDtBc.mp4,an elephant eating grass in a field with trees in the background,Elephant,21,eEjx07yDtBc,684,Elephant_ID_069,684,reference_images/Elephant/eEjx07yDtBc.jpg,Animal,skipped,
Species_mp4/Elephant/RsUTbxdn_mg.mp4,an elephant with a coconut on its trunk walking in the dirt,Elephant,21,RsUTbxdn_mg,685,Elephant_ID_070,685,reference_images/Elephant/RsUTbxdn_mg.jpg,Animal,skipped,
Species_mp4/Elephant/g95vyonGA68.mp4,an elephant walking through a forest with trees and grass,Elephant,21,g95vyonGA68,686,Elephant_ID_071,686,reference_images/Elephant/g95vyonGA68.jpg,Animal,skipped,
Species_mp4/Elephant/UnEedbCbb7s_1.mp4,an elephant with a baby elephant in a grassy field,Elephant,21,UnEedbCbb7s_1,687,Elephant_ID_072,687,reference_images/Elephant/UnEedbCbb7s_1.jpg,Animal,skipped,
Species_mp4/Elephant/rQTvuEfn1-A.mp4,an elephant walking in a dirt field next to a wall,Elephant,21,rQTvuEfn1-A,688,Elephant_ID_073,688,reference_images/Elephant/rQTvuEfn1-A.jpg,Animal,skipped,
Species_mp4/Elephant/Z-At-cIwZOk.mp4,an elephant standing in the grass with its trunk in the air,Elephant,21,Z-At-cIwZOk,689,Elephant_ID_074,689,reference_images/Elephant/Z-At-cIwZOk.jpg,Animal,skipped,
Species_mp4/Elephant/4WLI21sNyrc.mp4,an elephant standing in a pool of water next to trees,Elephant,21,4WLI21sNyrc,690,Elephant_ID_075,690,reference_images/Elephant/4WLI21sNyrc.jpg,Animal,skipped,
Species_mp4/Elephant/jr79EwJuvRQ.mp4,an elephant standing in the grass near a tree,Elephant,21,jr79EwJuvRQ,691,Elephant_ID_076,691,reference_images/Elephant/jr79EwJuvRQ.jpg,Animal,skipped,
Species_mp4/Elephant/OTUmnzXAqR8.mp4,an elephant standing in the shade of a tree with its trunk in the air,Elephant,21,OTUmnzXAqR8,692,Elephant_ID_077,692,reference_images/Elephant/OTUmnzXAqR8.jpg,Animal,skipped,
Species_mp4/Elephant/yXSCBI85K3E_1.mp4,an elephant eating grass in a zoo enclosure with a building in the background,Elephant,21,yXSCBI85K3E_1,693,Elephant_ID_078,693,reference_images/Elephant/yXSCBI85K3E_1.jpg,Animal,skipped,
Species_mp4/Elephant/RRZoE88I56o.mp4,an elephant walking through a field with tall grass and trees,Elephant,21,RRZoE88I56o,694,Elephant_ID_079,694,reference_images/Elephant/RRZoE88I56o.jpg,Animal,skipped,
Species_mp4/Elephant/-Rn_rVXbQBs.mp4,an elephant standing in a field with tall grass and trees,Elephant,21,-Rn_rVXbQBs,695,Elephant_ID_080,695,reference_images/Elephant/-Rn_rVXbQBs.jpg,Animal,skipped,
Species_mp4/Elephant/Vk2gJFJ_5qY.mp4,an elephant standing on a cement platform with a scale in its mouth,Elephant,21,Vk2gJFJ_5qY,696,Elephant_ID_081,696,reference_images/Elephant/Vk2gJFJ_5qY.jpg,Animal,skipped,
Species_mp4/Elephant/wiKf1k8csHk.mp4,an elephant standing in a dirt area next to a stone wall,Elephant,21,wiKf1k8csHk,697,Elephant_ID_082,697,reference_images/Elephant/wiKf1k8csHk.jpg,Animal,skipped,
Species_mp4/Elephant/4010gAwL7ls.mp4,an elephant with tusks and long tusks standing in a dirt field,Elephant,21,4010gAwL7ls,698,Elephant_ID_083,698,reference_images/Elephant/4010gAwL7ls.jpg,Animal,skipped,
Species_mp4/Elephant/edVggvoVopA.mp4,an elephant standing in the brush eating leaves off of a tree,Elephant,21,edVggvoVopA,699,Elephant_ID_084,699,reference_images/Elephant/edVggvoVopA.jpg,Animal,skipped,
Species_mp4/Elephant/BAxcRtR6xNc.mp4,an elephant walking down a dirt path in the woods with people walking,Elephant,21,BAxcRtR6xNc,700,Elephant_ID_085,700,reference_images/Elephant/BAxcRtR6xNc.jpg,Animal,skipped,
Species_mp4/Elephant/mUB69NMc61c.mp4,an elephant standing in a watering hole with a sky background,Elephant,21,mUB69NMc61c,701,Elephant_ID_086,701,reference_images/Elephant/mUB69NMc61c.jpg,Animal,skipped,
Species_mp4/Elephant/gW0dQO5_weg.mp4,an elephant standing on a dirt road next to a body of water,Elephant,21,gW0dQO5_weg,702,Elephant_ID_087,702,reference_images/Elephant/gW0dQO5_weg.jpg,Animal,skipped,
Species_mp4/Elephant/E-hUiQFXhFY_1.mp4,an elephant standing in the dirt next to a tree and a traffic light,Elephant,21,E-hUiQFXhFY_1,703,Elephant_ID_088,703,reference_images/Elephant/E-hUiQFXhFY_1.jpg,Animal,skipped,
Species_mp4/Elephant/LoTPdPWj2HM_1.mp4,an elephant is standing in the dirt near a tree,Elephant,21,LoTPdPWj2HM_1,703,Elephant_ID_088,703,reference_images/Elephant/LoTPdPWj2HM_1.jpg,Animal,skipped,
Species_mp4/Elephant/E-hUiQFXhFY_2.mp4,an elephant standing in the dirt near a tree and a red light,Elephant,21,E-hUiQFXhFY_2,703,Elephant_ID_088,703,reference_images/Elephant/E-hUiQFXhFY_2.jpg,Animal,skipped,
Species_mp4/Elephant/2vuVY2rI0HU.mp4,an elephant standing in a dirt field next to a tree,Elephant,21,2vuVY2rI0HU,703,Elephant_ID_088,703,reference_images/Elephant/2vuVY2rI0HU.jpg,Animal,skipped,
Species_mp4/Elephant/LoTPdPWj2HM_2.mp4,an elephant is standing in the dirt near a tree,Elephant,21,LoTPdPWj2HM_2,703,Elephant_ID_088,703,reference_images/Elephant/LoTPdPWj2HM_2.jpg,Animal,skipped,
Species_mp4/Elephant/xp4-ZeeopJI.mp4,an elephant standing in a tree eating leaves from a tree,Elephant,21,xp4-ZeeopJI,704,Elephant_ID_089,704,reference_images/Elephant/xp4-ZeeopJI.jpg,Animal,skipped,
Species_mp4/Elephant/zNBSGDRx068.mp4,an elephant standing in the middle of a lush green forest,Elephant,21,zNBSGDRx068,705,Elephant_ID_090,705,reference_images/Elephant/zNBSGDRx068.jpg,Animal,skipped,
Species_mp4/Elephant/aQP98Wdn_VE.mp4,an elephant standing in a field with grass and trees in the background,Elephant,21,aQP98Wdn_VE,706,Elephant_ID_091,706,reference_images/Elephant/aQP98Wdn_VE.jpg,Animal,skipped,
Species_mp4/Elephant/6Nh07LQPyCU.mp4,an elephant walking through a lush green forest filled with trees,Elephant,21,6Nh07LQPyCU,707,Elephant_ID_092,707,reference_images/Elephant/6Nh07LQPyCU.jpg,Animal,skipped,
Species_mp4/Elephant/4tiz-Ref3oY.mp4,an elephant walking through a field of tall grass with trees in the background,Elephant,21,4tiz-Ref3oY,708,Elephant_ID_093,708,reference_images/Elephant/4tiz-Ref3oY.jpg,Animal,skipped,
Species_mp4/Elephant/Vl2Y0dJtKcw.mp4,an elephant standing in a field with a tree in the background,Elephant,21,Vl2Y0dJtKcw,709,Elephant_ID_094,709,reference_images/Elephant/Vl2Y0dJtKcw.jpg,Animal,skipped,
Species_mp4/Elephant/rj_UDxVbcgo_2.mp4,an elephant standing in a field with trees in the background,Elephant,21,rj_UDxVbcgo_2,710,Elephant_ID_095,710,reference_images/Elephant/rj_UDxVbcgo_2.jpg,Animal,skipped,
Species_mp4/Elephant/P_yssEO3Od8.mp4,an elephant with a small bird in its mouth standing next to a fence,Elephant,21,P_yssEO3Od8,711,Elephant_ID_096,711,reference_images/Elephant/P_yssEO3Od8.jpg,Animal,skipped,
Species_mp4/Elephant/5ssKEL4zXpE.mp4,an elephant with its mouth open eating a branch in the woods,Elephant,21,5ssKEL4zXpE,712,Elephant_ID_097,712,reference_images/Elephant/5ssKEL4zXpE.jpg,Animal,skipped,
Species_mp4/Elephant/Mp-ikKsVrcw.mp4,an elephant standing in a field with a tree in the background,Elephant,21,Mp-ikKsVrcw,713,Elephant_ID_098,713,reference_images/Elephant/Mp-ikKsVrcw.jpg,Animal,skipped,
Species_mp4/Elephant/EMoKbzZhR_0.mp4,an elephant standing in a field with a quote on it,Elephant,21,EMoKbzZhR_0,714,Elephant_ID_099,714,reference_images/Elephant/EMoKbzZhR_0.jpg,Animal,skipped,
Species_mp4/Elephant/YE2K-eRp3s0.mp4,an elephant standing in the water with its trunk in the water,Elephant,21,YE2K-eRp3s0,715,Elephant_ID_100,715,reference_images/Elephant/YE2K-eRp3s0.jpg,Animal,skipped,
Species_mp4/Elephant/PWyeUm1xWKc.mp4,an elephant standing in a dirt field with a bunch of leaves,Elephant,21,PWyeUm1xWKc,716,Elephant_ID_101,716,reference_images/Elephant/PWyeUm1xWKc.jpg,Animal,skipped,
Species_mp4/Elephant/vBQ-nvciLl4.mp4,an elephant standing on a dirt road next to a forest,Elephant,21,vBQ-nvciLl4,717,Elephant_ID_102,717,reference_images/Elephant/vBQ-nvciLl4.jpg,Animal,skipped,
Species_mp4/Elephant/i6Wy8TfPii4.mp4,an elephant with tusks standing in a field of tall grass,Elephant,21,i6Wy8TfPii4,718,Elephant_ID_103,718,reference_images/Elephant/i6Wy8TfPii4.jpg,Animal,skipped,
Species_mp4/Elephant/p-3GWMbIAMg.mp4,an elephant with a long trunk standing in a field of grass,Elephant,21,p-3GWMbIAMg,719,Elephant_ID_104,719,reference_images/Elephant/p-3GWMbIAMg.jpg,Animal,skipped,
Species_mp4/Elephant/bBCgEAdMcf8.mp4,an elephant standing on a rock next to a body of water,Elephant,21,bBCgEAdMcf8,720,Elephant_ID_105,720,reference_images/Elephant/bBCgEAdMcf8.jpg,Animal,skipped,
Species_mp4/Elephant/DmzpA9hf-Yo.mp4,an elephant walking through a field of tall grass and trees,Elephant,21,DmzpA9hf-Yo,721,Elephant_ID_106,721,reference_images/Elephant/DmzpA9hf-Yo.jpg,Animal,skipped,
Species_mp4/Elephant/LhQR6xEyOu8.mp4,an elephant standing in the grass with its trunk out,Elephant,21,LhQR6xEyOu8,722,Elephant_ID_107,722,reference_images/Elephant/LhQR6xEyOu8.jpg,Animal,skipped,
Species_mp4/Elephant/_kQqM2yaXSw.mp4,an elephant standing in a field with a baby elephant in the background,Elephant,21,_kQqM2yaXSw,723,Elephant_ID_108,723,reference_images/Elephant/_kQqM2yaXSw.jpg,Animal,skipped,
Species_mp4/Elephant/awvTePBdfyk.mp4,an elephant standing in the dirt with its trunk extended,Elephant,21,awvTePBdfyk,724,Elephant_ID_109,724,reference_images/Elephant/awvTePBdfyk.jpg,Animal,skipped,
Species_mp4/Elephant/_uJ08SpxdQA_1.mp4,an elephant laying on its back in a dirt area,Elephant,21,_uJ08SpxdQA_1,725,Elephant_ID_110,725,reference_images/Elephant/_uJ08SpxdQA_1.jpg,Animal,skipped,
Species_mp4/Elephant/_uJ08SpxdQA_2.mp4,an elephant laying on the ground with its trunk up,Elephant,21,_uJ08SpxdQA_2,725,Elephant_ID_110,725,reference_images/Elephant/_uJ08SpxdQA_2.jpg,Animal,skipped,
Species_mp4/Elephant/5J5bSbW5RVQ_1.mp4,an elephant standing on a dirt road next to a tree,Elephant,21,5J5bSbW5RVQ_1,726,Elephant_ID_111,726,reference_images/Elephant/5J5bSbW5RVQ_1.jpg,Animal,skipped,
Species_mp4/Elephant/YWuZwdK-QRI.mp4,an elephant walking down a road with trees in the background,Elephant,21,YWuZwdK-QRI,727,Elephant_ID_112,727,reference_images/Elephant/YWuZwdK-QRI.jpg,Animal,skipped,
Species_mp4/Elephant/Idfetw9Db8U.mp4,an elephant standing in the dirt near a body of water,Elephant,21,Idfetw9Db8U,728,Elephant_ID_113,728,reference_images/Elephant/Idfetw9Db8U.jpg,Animal,skipped,
Species_mp4/Elephant/PZbGVgqcX5A.mp4,an elephant standing in the grass with its trunk in the air,Elephant,21,PZbGVgqcX5A,729,Elephant_ID_114,729,reference_images/Elephant/PZbGVgqcX5A.jpg,Animal,skipped,
Species_mp4/Elephant/6Lcs9iEEgz0.mp4,an elephant standing in the water with its trunk sticking out,Elephant,21,6Lcs9iEEgz0,730,Elephant_ID_115,730,reference_images/Elephant/6Lcs9iEEgz0.jpg,Animal,skipped,
Species_mp4/Elephant/_EvAN7DyBrI.mp4,an elephant standing in the rain with a man holding an umbrella,Elephant,21,_EvAN7DyBrI,731,Elephant_ID_116,731,reference_images/Elephant/_EvAN7DyBrI.jpg,Animal,skipped,
Species_mp4/Elephant/jCqgABJT8c4.mp4,an elephant standing in a dirt field with a person standing next to it,Elephant,21,jCqgABJT8c4,732,Elephant_ID_117,732,reference_images/Elephant/jCqgABJT8c4.jpg,Animal,skipped,
Species_mp4/Elephant/29wFZc9ROlI.mp4,an elephant standing in the grass near some trees and bushes,Elephant,21,29wFZc9ROlI,733,Elephant_ID_118,733,reference_images/Elephant/29wFZc9ROlI.jpg,Animal,skipped,
Species_mp4/Elephant/nnew4o9rG_w.mp4,an elephant standing in the dirt near a bush and a dirt road,Elephant,21,nnew4o9rG_w,734,Elephant_ID_119,734,reference_images/Elephant/nnew4o9rG_w.jpg,Animal,skipped,
Species_mp4/Elephant/BlCTCk1TCms.mp4,an elephant walking on a dirt road next to a car,Elephant,21,BlCTCk1TCms,735,Elephant_ID_120,735,reference_images/Elephant/BlCTCk1TCms.jpg,Animal,skipped,
Species_mp4/Elephant/Djq-6eiCVQ8.mp4,an elephant standing in a parking garage with a person walking,Elephant,21,Djq-6eiCVQ8,736,Elephant_ID_121,736,reference_images/Elephant/Djq-6eiCVQ8.jpg,Animal,skipped,
Species_mp4/Elephant/hWfcgPwK4N4.mp4,an elephant with a yellow frisbee in its mouth in a pool,Elephant,21,hWfcgPwK4N4,737,Elephant_ID_122,737,reference_images/Elephant/hWfcgPwK4N4.jpg,Animal,skipped,
Species_mp4/Impala/eGgQR3dZ4dE.mp4,an impalant with long horns standing in the dirt,Impala,35,eGgQR3dZ4dE,1077,Impala_ID_000,1077,reference_images/Impala/eGgQR3dZ4dE.jpg,Animal,skipped,
Species_mp4/Impala/cVtbltQxxFo.mp4,an impalant eating grass behind a fence in a field,Impala,35,cVtbltQxxFo,1077,Impala_ID_000,1077,reference_images/Impala/cVtbltQxxFo.jpg,Animal,skipped,
Species_mp4/Kudu/3R-d2BHK-1I.mp4,a kuduk drinking water from a pond in a field,Kudu,40,3R-d2BHK-1I,1157,Kudu_ID_000,1157,reference_images/Kudu/3R-d2BHK-1I.jpg,Animal,skipped,
Species_mp4/Kudu/kCrBwSwAN8s.mp4,a kuduk in the woods eating leaves off a tree,Kudu,40,kCrBwSwAN8s,1158,Kudu_ID_001,1158,reference_images/Kudu/kCrBwSwAN8s.jpg,Animal,skipped,
Species_mp4/Kudu/2yk2MqtL0MU.mp4,a kudu antelope standing in a field with a bush in the foreground,Kudu,40,2yk2MqtL0MU,1159,Kudu_ID_002,1159,reference_images/Kudu/2yk2MqtL0MU.jpg,Animal,skipped,
Species_mp4/Kudu/2GckYKLoT8w.mp4,a kudu elephant standing in a tree with its trunk bent,Kudu,40,2GckYKLoT8w,1159,Kudu_ID_002,1159,reference_images/Kudu/2GckYKLoT8w.jpg,Animal,skipped,
Species_mp4/Kudu/2S8A8AermB0.mp4,a kudu antelope grazing in a grassy field with a road in the background,Kudu,40,2S8A8AermB0,1159,Kudu_ID_002,1159,reference_images/Kudu/2S8A8AermB0.jpg,Animal,skipped,
Species_mp4/Kudu/MzD-JqkQ85o.mp4,a kudu antelope standing in the shade of a tree,Kudu,40,MzD-JqkQ85o,1159,Kudu_ID_002,1159,reference_images/Kudu/MzD-JqkQ85o.jpg,Animal,skipped,
Species_mp4/Nyala/rjegsbfVNgg.mp4,a nyala standing in the brush in the wild with trees,Nyala,54,rjegsbfVNgg,1318,Nyala_ID_000,1318,reference_images/Nyala/rjegsbfVNgg.jpg,Animal,skipped,
Species_mp4/Nyala/jXWJOrCJj_s.mp4,a nyala drinking water from a pond in the wild,Nyala,54,jXWJOrCJj_s,1318,Nyala_ID_000,1318,reference_images/Nyala/jXWJOrCJj_s.jpg,Animal,skipped,
Species_mp4/Wildebeest/0TTq1hCuxC0.mp4,a wildebeest grazing in the red dirt of a desert,Wildebeest,80,0TTq1hCuxC0,1705,Wildebeest_ID_000,1705,reference_images/Wildebeest/0TTq1hCuxC0.jpg,Animal,skipped,
Species_mp4/Wildebeest/HKDKZ7aFR-Y.mp4,a wildebeest grazing in the red dirt of a desert,Wildebeest,80,HKDKZ7aFR-Y,1705,Wildebeest_ID_000,1705,reference_images/Wildebeest/HKDKZ7aFR-Y.jpg,Animal,skipped,
Species_mp4/Wildebeest/-Om0KB2qTfo.mp4,a wildebeest grazing in a field with trees in the background,Wildebeest,80,-Om0KB2qTfo,1705,Wildebeest_ID_000,1705,reference_images/Wildebeest/-Om0KB2qTfo.jpg,Animal,skipped,
Species_mp4/Duiker/5kDmNrKjuwI.mp4,a duiker is eating grass in the grass by a fence,Duiker,20,5kDmNrKjuwI,612,Duiker_ID_000,612,reference_images/Duiker/5kDmNrKjuwI.jpg,Animal,skipped,
Species_mp4/Duiker/3QqbsOTiFn0.mp4,a duiker deer eating food out of a red bowl,Duiker,20,3QqbsOTiFn0,613,Duiker_ID_001,613,reference_images/Duiker/3QqbsOTiFn0.jpg,Animal,skipped,
Species_mp4/Gazelle/vX9ZcOnOFuQ.mp4,a gazelle standing in a field of tall grass with a long horn,Gazelle,24,vX9ZcOnOFuQ,793,Gazelle_ID_000,793,reference_images/Gazelle/vX9ZcOnOFuQ.jpg,Animal,skipped,
Species_mp4/Gazelle/stJG7q3po88.mp4,a gazelle drinking water from a small pond in the desert,Gazelle,24,stJG7q3po88,793,Gazelle_ID_000,793,reference_images/Gazelle/stJG7q3po88.jpg,Animal,skipped,
Species_mp4/Gazelle/A3P0I8vvACE.mp4,a gazelle standing in a field of grass with a tree in the background,Gazelle,24,A3P0I8vvACE,793,Gazelle_ID_000,793,reference_images/Gazelle/A3P0I8vvACE.jpg,Animal,skipped,
Species_mp4/Duiker/FWe9zCl7ijo.mp4,a duiker of a goat drinking water from a pond,Duiker,20,FWe9zCl7ijo,614,Duiker_ID_002,614,reference_images/Duiker/FWe9zCl7ijo.jpg,Animal,skipped,
Species_mp4/Impala/TpH6oeLI3m0.mp4,an impalant laying in the grass in a field,Impala,35,TpH6oeLI3m0,1078,Impala_ID_001,1078,reference_images/Impala/TpH6oeLI3m0.jpg,Animal,skipped,
Species_mp4/Impala/DkEIdkRfBg8.mp4,an impalant standing in the middle of a forest next to a road,Impala,35,DkEIdkRfBg8,1079,Impala_ID_002,1079,reference_images/Impala/DkEIdkRfBg8.jpg,Animal,skipped,
Species_mp4/Kudu/2cs-KPNEJSM.mp4,a kudula is standing in the dark in the woods,Kudu,40,2cs-KPNEJSM,1160,Kudu_ID_003,1160,reference_images/Kudu/2cs-KPNEJSM.jpg,Animal,skipped,
Species_mp4/Impala/4xfHz5kwDZc.mp4,an impalant eating fruit from a tree in a field,Impala,35,4xfHz5kwDZc,1080,Impala_ID_003,1080,reference_images/Impala/4xfHz5kwDZc.jpg,Animal,skipped,
Species_mp4/Wildebeest/TSdEQ2oR4g8.mp4,a wildebeest in the water with a large animal in the background,Wildebeest,80,TSdEQ2oR4g8,1706,Wildebeest_ID_001,1706,reference_images/Wildebeest/TSdEQ2oR4g8.jpg,Animal,skipped,
Species_mp4/Nyala/DjzSN6beI0I.mp4,a nyala bear in a tree with no leaves on it,Nyala,54,DjzSN6beI0I,1319,Nyala_ID_001,1319,reference_images/Nyala/DjzSN6beI0I.jpg,Animal,skipped,
Species_mp4/Macaque/oZ1g0-RngCQ.mp4,a macaque sitting on the ground next to a tree,Macaque,45,oZ1g0-RngCQ,1238,Macaque_ID_000,1238,reference_images/Macaque/oZ1g0-RngCQ.jpg,Animal,skipped,
Species_mp4/PygmyMarmoset/awNuwPQE7oQ.mp4,a pygmy marmoset monkey sitting on a log with a red ball,PygmyMarmoset,62,awNuwPQE7oQ,1405,PygmyMarmoset_ID_000,1405,reference_images/PygmyMarmoset/awNuwPQE7oQ.jpg,Animal,skipped,
Species_mp4/PygmyMarmoset/15Xp2QexZ-s.mp4,a pygmy marmoset monkey sitting on a branch in a tree,PygmyMarmoset,62,15Xp2QexZ-s,1405,PygmyMarmoset_ID_000,1405,reference_images/PygmyMarmoset/15Xp2QexZ-s.jpg,Animal,skipped,
Species_mp4/Macaque/otJ-pVwrxto.mp4,a macaque sitting in the grass with its paws on the ground,Macaque,45,otJ-pVwrxto,1239,Macaque_ID_001,1239,reference_images/Macaque/otJ-pVwrxto.jpg,Animal,skipped,
Species_mp4/Macaque/LzgMIpd5ULk.mp4,a macaque sitting on a rock eating a piece of food,Macaque,45,LzgMIpd5ULk,1240,Macaque_ID_002,1240,reference_images/Macaque/LzgMIpd5ULk.jpg,Animal,skipped,
Species_mp4/Macaque/pqDY4fVWgyo.mp4,a macaque eating a piece of fruit in front of a tree,Macaque,45,pqDY4fVWgyo,1240,Macaque_ID_002,1240,reference_images/Macaque/pqDY4fVWgyo.jpg,Animal,skipped,
Species_mp4/Macaque/nZ468jDcGWM.mp4,a macaque sitting in a tree eating a flower,Macaque,45,nZ468jDcGWM,1241,Macaque_ID_003,1241,reference_images/Macaque/nZ468jDcGWM.jpg,Animal,skipped,
Species_mp4/Monkey/-SsUsy8TcB8.mp4,a monkey sitting on a tree branch with its mouth open,Monkey,51,-SsUsy8TcB8,1285,Monkey_ID_000,1285,reference_images/Monkey/-SsUsy8TcB8.jpg,Animal,skipped,
Species_mp4/Monkey/BSzRsK8F7lQ.mp4,a monkey sitting on a branch in a zoo enclosure,Monkey,51,BSzRsK8F7lQ,1285,Monkey_ID_000,1285,reference_images/Monkey/BSzRsK8F7lQ.jpg,Animal,skipped,
Species_mp4/Baboon/Sc5TAdq4RcU.mp4,a baboon sitting on a rock looking at the camera,Baboon,4,Sc5TAdq4RcU,24,Baboon_ID_000,24,reference_images/Baboon/Sc5TAdq4RcU.jpg,Animal,skipped,
Species_mp4/Baboon/C5g_42XBMHg.mp4,a baboon sitting in a tree looking at the camera,Baboon,4,C5g_42XBMHg,24,Baboon_ID_000,24,reference_images/Baboon/C5g_42XBMHg.jpg,Animal,skipped,
Species_mp4/Macaque/DZ3yvT_P_Z4.mp4,a macaque sitting on a tree branch in the woods,Macaque,45,DZ3yvT_P_Z4,1242,Macaque_ID_004,1242,reference_images/Macaque/DZ3yvT_P_Z4.jpg,Animal,skipped,
Species_mp4/Macaque/eQmceAeK2dY.mp4,a macaque resting on a rock in a body of water,Macaque,45,eQmceAeK2dY,1243,Macaque_ID_005,1243,reference_images/Macaque/eQmceAeK2dY.jpg,Animal,skipped,
Species_mp4/Macaque/2Jqf9GIMh5Y.mp4,a macaque in a tank with rocks and water,Macaque,45,2Jqf9GIMh5Y,1244,Macaque_ID_006,1244,reference_images/Macaque/2Jqf9GIMh5Y.jpg,Animal,skipped,
Species_mp4/Macaque/l0lY0olSqMQ.mp4,a macaque sitting on a rock in a pool of water,Macaque,45,l0lY0olSqMQ,1245,Macaque_ID_007,1245,reference_images/Macaque/l0lY0olSqMQ.jpg,Animal,skipped,
Species_mp4/Macaque/Fe_CzvUIlNM_2.mp4,a macaque eating leaves in a tree with a bird in the background,Macaque,45,Fe_CzvUIlNM_2,1246,Macaque_ID_008,1246,reference_images/Macaque/Fe_CzvUIlNM_2.jpg,Animal,skipped,
Species_mp4/Macaque/7FSTJ0rCLG4.mp4,a macaque sitting on a rock ledge next to a body of water,Macaque,45,7FSTJ0rCLG4,1247,Macaque_ID_009,1247,reference_images/Macaque/7FSTJ0rCLG4.jpg,Animal,skipped,
Species_mp4/Macaque/ABcs-3oed4g.mp4,a macaque sitting in the grass near a fence and bushes,Macaque,45,ABcs-3oed4g,1248,Macaque_ID_010,1248,reference_images/Macaque/ABcs-3oed4g.jpg,Animal,skipped,
Species_mp4/Monkey/A7bsACyk4-w_1.mp4,a monkey sitting in a tree with the words central american spider monkey,Monkey,51,A7bsACyk4-w_1,1286,Monkey_ID_001,1286,reference_images/Monkey/A7bsACyk4-w_1.jpg,Animal,skipped,
Species_mp4/Monkey/vuOJ1jmCoGY.mp4,a monkey hanging from a tree branch in the jungle,Monkey,51,vuOJ1jmCoGY,1287,Monkey_ID_002,1287,reference_images/Monkey/vuOJ1jmCoGY.jpg,Animal,skipped,
Species_mp4/Monkey/Q2EkblBM_6Q_2.mp4,a monkey sitting on a tree branch with its arms extended,Monkey,51,Q2EkblBM_6Q_2,1288,Monkey_ID_003,1288,reference_images/Monkey/Q2EkblBM_6Q_2.jpg,Animal,skipped,
Species_mp4/Monkey/t1BD95kHaZA.mp4,a monkey sitting in a tree eating a banana in a tree,Monkey,51,t1BD95kHaZA,1289,Monkey_ID_004,1289,reference_images/Monkey/t1BD95kHaZA.jpg,Animal,skipped,
Species_mp4/Macaque/2wMcekqFg_U.mp4,a macaque sitting on the side of a road in the woods,Macaque,45,2wMcekqFg_U,1249,Macaque_ID_011,1249,reference_images/Macaque/2wMcekqFg_U.jpg,Animal,skipped,
Species_mp4/Macaque/SFaGS9V3m0U.mp4,a macaque in the jungle looking for food in the bushes,Macaque,45,SFaGS9V3m0U,1250,Macaque_ID_012,1250,reference_images/Macaque/SFaGS9V3m0U.jpg,Animal,skipped,
Species_mp4/Monkey/qyOk-Ik33E4.mp4,a monkey sitting on a branch in a tree with leaves,Monkey,51,qyOk-Ik33E4,1290,Monkey_ID_005,1290,reference_images/Monkey/qyOk-Ik33E4.jpg,Animal,skipped,
Species_mp4/Macaque/qr4_lKXIVzg.mp4,a macaque on a post in a zoo enclosure,Macaque,45,qr4_lKXIVzg,1251,Macaque_ID_013,1251,reference_images/Macaque/qr4_lKXIVzg.jpg,Animal,skipped,
Species_mp4/Macaque/8tbDVa-OevU.mp4,a macaque eating something in a red box next to a pile of logs,Macaque,45,8tbDVa-OevU,1252,Macaque_ID_014,1252,reference_images/Macaque/8tbDVa-OevU.jpg,Animal,skipped,
Species_mp4/Mandrill/rizXsr6eVxI.mp4,a mandrilling a bear in a zoo enclosure with a glass wall,Mandrill,47,rizXsr6eVxI,1261,Mandrill_ID_000,1261,reference_images/Mandrill/rizXsr6eVxI.jpg,Animal,skipped,
Species_mp4/Macaque/Jgo3RQ8z3ZI.mp4,a macaque eating a banana on the ground next to a wall,Macaque,45,Jgo3RQ8z3ZI,1253,Macaque_ID_015,1253,reference_images/Macaque/Jgo3RQ8z3ZI.jpg,Animal,skipped,
Species_mp4/Macaque/ZZIB9HuhQcw.mp4,a macaque eating a banana in a cage at a zoo,Macaque,45,ZZIB9HuhQcw,1253,Macaque_ID_015,1253,reference_images/Macaque/ZZIB9HuhQcw.jpg,Animal,skipped,
Species_mp4/Macaque/Cpe47Sgx2oE.mp4,a macaque eating a piece of fruit in a zoo enclosure,Macaque,45,Cpe47Sgx2oE,1253,Macaque_ID_015,1253,reference_images/Macaque/Cpe47Sgx2oE.jpg,Animal,skipped,
Species_mp4/Monkey/D8Vtty-Bf0A.mp4,a monkey hanging from a tree in the jungle with its head down,Monkey,51,D8Vtty-Bf0A,1291,Monkey_ID_006,1291,reference_images/Monkey/D8Vtty-Bf0A.jpg,Animal,skipped,
Species_mp4/Monkey/gIlbtSqjRWw.mp4,a monkey is playing with a stick in a wood pile,Monkey,51,gIlbtSqjRWw,1292,Monkey_ID_007,1292,reference_images/Monkey/gIlbtSqjRWw.jpg,Animal,skipped,
Species_mp4/Monkey/zjf6C4D3Alg.mp4,a monkey sitting on a branch of a tree with a blue sky in the background,Monkey,51,zjf6C4D3Alg,1293,Monkey_ID_008,1293,reference_images/Monkey/zjf6C4D3Alg.jpg,Animal,skipped,
Species_mp4/Monkey/0-TZ5He1t9k.mp4,a monkey sitting on a wooden bench in a fenced in area,Monkey,51,0-TZ5He1t9k,1294,Monkey_ID_009,1294,reference_images/Monkey/0-TZ5He1t9k.jpg,Animal,skipped,
Species_mp4/Monkey/1RGZcirxnDc.mp4,a monkey is climbing a tree in a forest with a fence,Monkey,51,1RGZcirxnDc,1295,Monkey_ID_010,1295,reference_images/Monkey/1RGZcirxnDc.jpg,Animal,skipped,
Species_mp4/PygmyMarmoset/HUaYDvUvOtw.mp4,a pygmy marmoset eating a piece of fruit,PygmyMarmoset,62,HUaYDvUvOtw,1406,PygmyMarmoset_ID_001,1406,reference_images/PygmyMarmoset/HUaYDvUvOtw.jpg,Animal,skipped,
Species_mp4/Macaque/zsddGGcgl2M.mp4,a macaque eating a banana in a grassy field,Macaque,45,zsddGGcgl2M,1254,Macaque_ID_016,1254,reference_images/Macaque/zsddGGcgl2M.jpg,Animal,skipped,
Species_mp4/Monkey/2VTB3boPL0I.mp4,a monkey sitting in a tree with a leaf in its mouth,Monkey,51,2VTB3boPL0I,1296,Monkey_ID_011,1296,reference_images/Monkey/2VTB3boPL0I.jpg,Animal,skipped,
Species_mp4/Boar/08npcAqB4Kg.mp4,a boar walking in a field with trees in the background,Boar,9,08npcAqB4Kg,143,Boar_ID_000,143,reference_images/Boar/08npcAqB4Kg.jpg,Animal,skipped,
Species_mp4/Pig/oGjYIV2TR2k.mp4,a pig standing on a wooden fence next to a blue bucket,Pig,59,oGjYIV2TR2k,1364,Pig_ID_000,1364,reference_images/Pig/oGjYIV2TR2k.jpg,Animal,skipped,
Species_mp4/Boar/mPT9jmHnXfQ.mp4,a boar is walking through the grass in the wild,Boar,9,mPT9jmHnXfQ,144,Boar_ID_001,144,reference_images/Boar/mPT9jmHnXfQ.jpg,Animal,skipped,
Species_mp4/Pig/ux-ipO_6fXg.mp4,a pig with its mouth open in a pen with straw,Pig,59,ux-ipO_6fXg,1365,Pig_ID_001,1365,reference_images/Pig/ux-ipO_6fXg.jpg,Animal,skipped,
Species_mp4/Pig/-9e1VGv5fUw.mp4,a pig standing in a field of grass next to a dirt road,Pig,59,-9e1VGv5fUw,1366,Pig_ID_002,1366,reference_images/Pig/-9e1VGv5fUw.jpg,Animal,skipped,
Species_mp4/Boar/kikZEArN748.mp4,a boar standing in a field with a bird in the background,Boar,9,kikZEArN748,145,Boar_ID_002,145,reference_images/Boar/kikZEArN748.jpg,Animal,skipped,
Species_mp4/Boar/0uZ-ixedquk.mp4,a boar eating grass in a field with tall grass,Boar,9,0uZ-ixedquk,145,Boar_ID_002,145,reference_images/Boar/0uZ-ixedquk.jpg,Animal,skipped,
Species_mp4/Boar/HmHwdarcSqo.mp4,a boar grazing on grass in a field next to a road,Boar,9,HmHwdarcSqo,145,Boar_ID_002,145,reference_images/Boar/HmHwdarcSqo.jpg,Animal,skipped,
Species_mp4/Boar/s6ADTpEP3ms.mp4,a boar standing in the dirt eating from a bottle,Boar,9,s6ADTpEP3ms,146,Boar_ID_003,146,reference_images/Boar/s6ADTpEP3ms.jpg,Animal,skipped,
Species_mp4/Pig/o-1dQTJ8ZL8.mp4,a pig laying on the floor with its head on a blanket,Pig,59,o-1dQTJ8ZL8,1367,Pig_ID_003,1367,reference_images/Pig/o-1dQTJ8ZL8.jpg,Animal,skipped,
Species_mp4/Pig/MQGQybVK9qY_2.mp4,a pig laying on the ground in front of a wooden door,Pig,59,MQGQybVK9qY_2,1368,Pig_ID_004,1368,reference_images/Pig/MQGQybVK9qY_2.jpg,Animal,skipped,
Species_mp4/Pig/MQGQybVK9qY_1.mp4,a pig laying on the ground in front of a wooden fence,Pig,59,MQGQybVK9qY_1,1368,Pig_ID_004,1368,reference_images/Pig/MQGQybVK9qY_1.jpg,Animal,skipped,
Species_mp4/Pig/e2gndhlgp1o.mp4,a pig eating a watermelon in a garden with a metal fence,Pig,59,e2gndhlgp1o,1369,Pig_ID_005,1369,reference_images/Pig/e2gndhlgp1o.jpg,Animal,skipped,
Species_mp4/Pig/zOH4lQW3Qdo.mp4,a pig standing in the grass next to a fence,Pig,59,zOH4lQW3Qdo,1370,Pig_ID_006,1370,reference_images/Pig/zOH4lQW3Qdo.jpg,Animal,skipped,
Species_mp4/Pig/mUjaEYmHb_I.mp4,a pig is standing in the grass with its head down,Pig,59,mUjaEYmHb_I,1371,Pig_ID_007,1371,reference_images/Pig/mUjaEYmHb_I.jpg,Animal,skipped,
Species_mp4/Pig/yXFKcVHlWCs.mp4,a pig is standing in the grass next to a tree,Pig,59,yXFKcVHlWCs,1372,Pig_ID_008,1372,reference_images/Pig/yXFKcVHlWCs.jpg,Animal,skipped,
Species_mp4/Boar/mIJYGY0Cmec.mp4,a boar standing in the dirt near a bush with a bird,Boar,9,mIJYGY0Cmec,147,Boar_ID_004,147,reference_images/Boar/mIJYGY0Cmec.jpg,Animal,skipped,
Species_mp4/Boar/133eDEgHMsI.mp4,a boar is standing in the dirt near a bush,Boar,9,133eDEgHMsI,147,Boar_ID_004,147,reference_images/Boar/133eDEgHMsI.jpg,Animal,skipped,
Species_mp4/Boar/2M0a4gPx68I.mp4,a boar with a white ring in its mouth standing in the grass,Boar,9,2M0a4gPx68I,148,Boar_ID_005,148,reference_images/Boar/2M0a4gPx68I.jpg,Animal,skipped,
Species_mp4/Boar/U9kR4ezix3U.mp4,a boar drinking water from a pond in the dirt,Boar,9,U9kR4ezix3U,148,Boar_ID_005,148,reference_images/Boar/U9kR4ezix3U.jpg,Animal,skipped,
Species_mp4/Boar/Nt-pD1x2YnQ.mp4,a boar laying down on the ground with its head down,Boar,9,Nt-pD1x2YnQ,148,Boar_ID_005,148,reference_images/Boar/Nt-pD1x2YnQ.jpg,Animal,skipped,
Species_mp4/Boar/9yeAT7UUApw.mp4,a boar drinking water from a pond in the middle of the day,Boar,9,9yeAT7UUApw,148,Boar_ID_005,148,reference_images/Boar/9yeAT7UUApw.jpg,Animal,skipped,
Species_mp4/Boar/Kv_fpwVcirc.mp4,a boar standing in a field of grass with a bird nearby,Boar,9,Kv_fpwVcirc,148,Boar_ID_005,148,reference_images/Boar/Kv_fpwVcirc.jpg,Animal,skipped,
Species_mp4/Boar/8DuY9HgzW_o.mp4,a boar eating grass in a field next to a forest,Boar,9,8DuY9HgzW_o,149,Boar_ID_006,149,reference_images/Boar/8DuY9HgzW_o.jpg,Animal,skipped,
Species_mp4/Pig/yM7evxFiyEs.mp4,a pig is drinking water from a trough in the mud,Pig,59,yM7evxFiyEs,1373,Pig_ID_009,1373,reference_images/Pig/yM7evxFiyEs.jpg,Animal,skipped,
Species_mp4/Pig/TcyuelAtJuU.mp4,a pig is standing in a muddy area with a bucket,Pig,59,TcyuelAtJuU,1373,Pig_ID_009,1373,reference_images/Pig/TcyuelAtJuU.jpg,Animal,skipped,
Species_mp4/Boar/u3bQmGngXsU.mp4,a boar grazing in a grassy area next to a rock wall,Boar,9,u3bQmGngXsU,150,Boar_ID_007,150,reference_images/Boar/u3bQmGngXsU.jpg,Animal,skipped,
Species_mp4/Pig/O04ZUSDm9g0.mp4,a pig is drinking from a toilet bowl in a stall,Pig,59,O04ZUSDm9g0,1374,Pig_ID_010,1374,reference_images/Pig/O04ZUSDm9g0.jpg,Animal,skipped,
Species_mp4/Pig/sERmWinPLds.mp4,a pig eating leaves on a brick walkway next to a brick walkway,Pig,59,sERmWinPLds,1375,Pig_ID_011,1375,reference_images/Pig/sERmWinPLds.jpg,Animal,skipped,
Species_mp4/Boar/B4Y7lk9dexw.mp4,a boar eating a piece of fruit on a field with a fence in the background,Boar,9,B4Y7lk9dexw,151,Boar_ID_008,151,reference_images/Boar/B4Y7lk9dexw.jpg,Animal,skipped,
Species_mp4/Pig/QIjpGiICbfw.mp4,a pig is walking through the grass in the yard,Pig,59,QIjpGiICbfw,1376,Pig_ID_012,1376,reference_images/Pig/QIjpGiICbfw.jpg,Animal,skipped,
Species_mp4/Boar/Kqst0uuNPKI.mp4,a boar drinking water from a pool in a wildlife park,Boar,9,Kqst0uuNPKI,152,Boar_ID_009,152,reference_images/Boar/Kqst0uuNPKI.jpg,Animal,skipped,
Species_mp4/Pig/V5Z2JrfKleI.mp4,a pig is walking through the leaves in the grass,Pig,59,V5Z2JrfKleI,1377,Pig_ID_013,1377,reference_images/Pig/V5Z2JrfKleI.jpg,Animal,skipped,
Species_mp4/Pig/TUkvA63G3CU.mp4,a pig with a pink bow tied to its neck standing in a field,Pig,59,TUkvA63G3CU,1378,Pig_ID_014,1378,reference_images/Pig/TUkvA63G3CU.jpg,Animal,skipped,
Species_mp4/Pig/1EHf8mGUc2k.mp4,a pig with a leash on its neck standing in the grass,Pig,59,1EHf8mGUc2k,1378,Pig_ID_014,1378,reference_images/Pig/1EHf8mGUc2k.jpg,Animal,skipped,
Species_mp4/Pig/kP5BS2KpVgA.mp4,a pig standing next to a tree trunk in a field,Pig,59,kP5BS2KpVgA,1379,Pig_ID_015,1379,reference_images/Pig/kP5BS2KpVgA.jpg,Animal,skipped,
Species_mp4/Pig/wiuZAbMgNgM.mp4,a pig drinking water from a pond in a field,Pig,59,wiuZAbMgNgM,1380,Pig_ID_016,1380,reference_images/Pig/wiuZAbMgNgM.jpg,Animal,skipped,
Species_mp4/Pig/XhEJMSMQbd0.mp4,a pig is standing in the mud and eating something,Pig,59,XhEJMSMQbd0,1381,Pig_ID_017,1381,reference_images/Pig/XhEJMSMQbd0.jpg,Animal,skipped,
Species_mp4/Boar/cGTRQ5Dxrc4.mp4,a boar standing in a field next to a tree in a park,Boar,9,cGTRQ5Dxrc4,153,Boar_ID_010,153,reference_images/Boar/cGTRQ5Dxrc4.jpg,Animal,skipped,
Species_mp4/Boar/b5ntISC1rPM.mp4,a boar is drinking water from a puddle in the street,Boar,9,b5ntISC1rPM,154,Boar_ID_011,154,reference_images/Boar/b5ntISC1rPM.jpg,Animal,skipped,
Species_mp4/Boar/qYsHf1GQhAg_1.mp4,a boar in a field of dry grass eating grass,Boar,9,qYsHf1GQhAg_1,155,Boar_ID_012,155,reference_images/Boar/qYsHf1GQhAg_1.jpg,Animal,skipped,
Species_mp4/Boar/V6TQTZVNFH0.mp4,a boar is grazing in a field of grass in the wild,Boar,9,V6TQTZVNFH0,156,Boar_ID_013,156,reference_images/Boar/V6TQTZVNFH0.jpg,Animal,skipped,
Species_mp4/Pig/u39oWl3VWP4.mp4,a pig laying on the ground next to a pool,Pig,59,u39oWl3VWP4,1382,Pig_ID_018,1382,reference_images/Pig/u39oWl3VWP4.jpg,Animal,skipped,
Species_mp4/Pig/gtcCmtpXON4.mp4,a pig standing on top of a lush green field next to a bird,Pig,59,gtcCmtpXON4,1383,Pig_ID_019,1383,reference_images/Pig/gtcCmtpXON4.jpg,Animal,skipped,
Species_mp4/Pig/bccLymIsCes.mp4,a pig standing in a field with grass and weeds,Pig,59,bccLymIsCes,1384,Pig_ID_020,1384,reference_images/Pig/bccLymIsCes.jpg,Animal,skipped,
Species_mp4/Pig/saEhbnweZ8k.mp4,a pig is eating grass in a field near a parking lot,Pig,59,saEhbnweZ8k,1385,Pig_ID_021,1385,reference_images/Pig/saEhbnweZ8k.jpg,Animal,skipped,
Species_mp4/Pig/Vjk5nmNdZMc.mp4,a pig laying in the dirt in a dirt pit,Pig,59,Vjk5nmNdZMc,1386,Pig_ID_022,1386,reference_images/Pig/Vjk5nmNdZMc.jpg,Animal,skipped,
Species_mp4/Pig/L_lXGB8a1dc.mp4,a piglet in a field with trees and grass in the background,Pig,59,L_lXGB8a1dc,1387,Pig_ID_023,1387,reference_images/Pig/L_lXGB8a1dc.jpg,Animal,skipped,
Species_mp4/Pig/j4dES6JHjTM.mp4,a pig standing on a sidewalk next to a small blue toy,Pig,59,j4dES6JHjTM,1388,Pig_ID_024,1388,reference_images/Pig/j4dES6JHjTM.jpg,Animal,skipped,
Species_mp4/Boar/qYsHf1GQhAg_2.mp4,a boar is walking in a field with a dead animal,Boar,9,qYsHf1GQhAg_2,157,Boar_ID_014,157,reference_images/Boar/qYsHf1GQhAg_2.jpg,Animal,skipped,
Species_mp4/Boar/yqhYPrN-UzQ.mp4,a boar drinking water from a muddy pond in a dry area,Boar,9,yqhYPrN-UzQ,158,Boar_ID_015,158,reference_images/Boar/yqhYPrN-UzQ.jpg,Animal,skipped,
Species_mp4/Boar/-lNnmdamSG8.mp4,a boar eating a carrot in a fenced in area,Boar,9,-lNnmdamSG8,159,Boar_ID_016,159,reference_images/Boar/-lNnmdamSG8.jpg,Animal,skipped,
Species_mp4/Pig/f9Hsaru2ef8.mp4,a pig is sitting in a bowl with its tongue out,Pig,59,f9Hsaru2ef8,1389,Pig_ID_025,1389,reference_images/Pig/f9Hsaru2ef8.jpg,Animal,skipped,
Species_mp4/Rabbit/qlHBq7jM8fQ.mp4,a rabbit sitting in the grass in a field of green grass,Rabbit,63,qlHBq7jM8fQ,1407,Rabbit_ID_000,1407,reference_images/Rabbit/qlHBq7jM8fQ.jpg,Animal,skipped,
Species_mp4/Rabbit/uA9AjBJO6g4.mp4,a rabbit in the grass looking at something in the distance,Rabbit,63,uA9AjBJO6g4,1408,Rabbit_ID_001,1408,reference_images/Rabbit/uA9AjBJO6g4.jpg,Animal,skipped,
Species_mp4/Rabbit/x66PSTydC4k.mp4,a rabbit sitting in the grass in front of a field of flowers,Rabbit,63,x66PSTydC4k,1408,Rabbit_ID_001,1408,reference_images/Rabbit/x66PSTydC4k.jpg,Animal,skipped,
Species_mp4/Rabbit/Gxi2FBOBSZg.mp4,a rabbit sitting in the grass in a field with a dead animal,Rabbit,63,Gxi2FBOBSZg,1408,Rabbit_ID_001,1408,reference_images/Rabbit/Gxi2FBOBSZg.jpg,Animal,skipped,
Species_mp4/Rabbit/2sA5lBKLQZE.mp4,a rabbit sitting in the grass near a bush in a field,Rabbit,63,2sA5lBKLQZE,1408,Rabbit_ID_001,1408,reference_images/Rabbit/2sA5lBKLQZE.jpg,Animal,skipped,
Species_mp4/Rabbit/nbvzaSL3HQ0.mp4,a rabbit laying in the grass in a field of tall grass,Rabbit,63,nbvzaSL3HQ0,1408,Rabbit_ID_001,1408,reference_images/Rabbit/nbvzaSL3HQ0.jpg,Animal,skipped,
Species_mp4/Rabbit/DTF15pzLtfE.mp4,a rabbit standing in a field of grass with trees in the background,Rabbit,63,DTF15pzLtfE,1408,Rabbit_ID_001,1408,reference_images/Rabbit/DTF15pzLtfE.jpg,Animal,skipped,
Species_mp4/Rabbit/TUd-XNaktCY.mp4,a rabbit standing in the grass next to a bush of tall grass,Rabbit,63,TUd-XNaktCY,1408,Rabbit_ID_001,1408,reference_images/Rabbit/TUd-XNaktCY.jpg,Animal,skipped,
Species_mp4/Rabbit/Vh-Kj1ocAhc.mp4,a rabbit sitting in a field of green grass with a large ear,Rabbit,63,Vh-Kj1ocAhc,1408,Rabbit_ID_001,1408,reference_images/Rabbit/Vh-Kj1ocAhc.jpg,Animal,skipped,
Species_mp4/Rabbit/jcfwsbBTbSs.mp4,a rabbit sitting in a field of tall grass next to a horse,Rabbit,63,jcfwsbBTbSs,1408,Rabbit_ID_001,1408,reference_images/Rabbit/jcfwsbBTbSs.jpg,Animal,skipped,
Species_mp4/Rabbit/ksNfBzz4eCI.mp4,a rabbit in the middle of a field of tall grass,Rabbit,63,ksNfBzz4eCI,1408,Rabbit_ID_001,1408,reference_images/Rabbit/ksNfBzz4eCI.jpg,Animal,skipped,
Species_mp4/Rabbit/PjutHeMYjaE.mp4,a rabbit sitting in the grass on a cloudy day,Rabbit,63,PjutHeMYjaE,1408,Rabbit_ID_001,1408,reference_images/Rabbit/PjutHeMYjaE.jpg,Animal,skipped,
Species_mp4/Rabbit/3eCrVQ9kb-M.mp4,a rabbit sitting in the middle of a field of tall grass,Rabbit,63,3eCrVQ9kb-M,1408,Rabbit_ID_001,1408,reference_images/Rabbit/3eCrVQ9kb-M.jpg,Animal,skipped,
Species_mp4/Rabbit/rOgeBnhmp8A.mp4,a rabbit sitting in the grass looking up at something,Rabbit,63,rOgeBnhmp8A,1408,Rabbit_ID_001,1408,reference_images/Rabbit/rOgeBnhmp8A.jpg,Animal,skipped,
Species_mp4/Rabbit/XBLdR_vW9Ys.mp4,a rabbit sitting in the grass next to a tree and fence,Rabbit,63,XBLdR_vW9Ys,1409,Rabbit_ID_002,1409,reference_images/Rabbit/XBLdR_vW9Ys.jpg,Animal,skipped,
Species_mp4/Rabbit/XoUkGaAUWc0.mp4,a rabbit sitting in the grass next to a tree and a fence,Rabbit,63,XoUkGaAUWc0,1409,Rabbit_ID_002,1409,reference_images/Rabbit/XoUkGaAUWc0.jpg,Animal,skipped,
Species_mp4/Rabbit/BTal5TM9ljA.mp4,a rabbit sitting in the grass next to a tree and a fence,Rabbit,63,BTal5TM9ljA,1409,Rabbit_ID_002,1409,reference_images/Rabbit/BTal5TM9ljA.jpg,Animal,skipped,
Species_mp4/Rabbit/wk0zZdk3fgY.mp4,a rabbit sitting in the grass next to a tree and fence,Rabbit,63,wk0zZdk3fgY,1409,Rabbit_ID_002,1409,reference_images/Rabbit/wk0zZdk3fgY.jpg,Animal,skipped,
Species_mp4/Rabbit/VDlVhkjl90s.mp4,a rabbit sitting in the grass next to a fence and a tree,Rabbit,63,VDlVhkjl90s,1409,Rabbit_ID_002,1409,reference_images/Rabbit/VDlVhkjl90s.jpg,Animal,skipped,
Species_mp4/Rabbit/synZMobKkNc.mp4,a rabbit sitting in the grass next to a tree and a fence,Rabbit,63,synZMobKkNc,1409,Rabbit_ID_002,1409,reference_images/Rabbit/synZMobKkNc.jpg,Animal,skipped,
Species_mp4/Rabbit/NDwOa7omor0.mp4,a rabbit is eating a carrot in the grass by a fence,Rabbit,63,NDwOa7omor0,1410,Rabbit_ID_003,1410,reference_images/Rabbit/NDwOa7omor0.jpg,Animal,skipped,
Species_mp4/Rabbit/2JHiaT_8BSE.mp4,a rabbit is walking through a grassy field with flowers,Rabbit,63,2JHiaT_8BSE,1410,Rabbit_ID_003,1410,reference_images/Rabbit/2JHiaT_8BSE.jpg,Animal,skipped,
Species_mp4/Rabbit/FEj1N5jAFfE.mp4,a rabbit with a long tail sitting in the dirt near a cactus,Rabbit,63,FEj1N5jAFfE,1411,Rabbit_ID_004,1411,reference_images/Rabbit/FEj1N5jAFfE.jpg,Animal,skipped,
Species_mp4/Rabbit/W4I1U5wA1lM.mp4,a rabbit in a field of green grass behind a fence,Rabbit,63,W4I1U5wA1lM,1412,Rabbit_ID_005,1412,reference_images/Rabbit/W4I1U5wA1lM.jpg,Animal,skipped,
Species_mp4/Rabbit/uxteq9oOfHg.mp4,a rabbit sitting in the grass eating grass off of a dirt road,Rabbit,63,uxteq9oOfHg,1412,Rabbit_ID_005,1412,reference_images/Rabbit/uxteq9oOfHg.jpg,Animal,skipped,
Species_mp4/Rabbit/_7MGBOg1TDw.mp4,a rabbit is laying in the grass with its head down,Rabbit,63,_7MGBOg1TDw,1413,Rabbit_ID_006,1413,reference_images/Rabbit/_7MGBOg1TDw.jpg,Animal,skipped,
Species_mp4/Rabbit/rwgI4YIZYGY.mp4,a rabbit laying in the grass with its head down,Rabbit,63,rwgI4YIZYGY,1413,Rabbit_ID_006,1413,reference_images/Rabbit/rwgI4YIZYGY.jpg,Animal,skipped,
Species_mp4/Rabbit/LUmVxUBClRg.mp4,a rabbit is standing in the grass near a bush,Rabbit,63,LUmVxUBClRg,1413,Rabbit_ID_006,1413,reference_images/Rabbit/LUmVxUBClRg.jpg,Animal,skipped,
Species_mp4/Rabbit/UODBfwlWwxE.mp4,a rabbit sitting in the grass with its head turned to the side,Rabbit,63,UODBfwlWwxE,1413,Rabbit_ID_006,1413,reference_images/Rabbit/UODBfwlWwxE.jpg,Animal,skipped,
Species_mp4/Rabbit/qm1tBDpAWdE.mp4,a rabbit sitting in the grass next to a wooden fence,Rabbit,63,qm1tBDpAWdE,1414,Rabbit_ID_007,1414,reference_images/Rabbit/qm1tBDpAWdE.jpg,Animal,skipped,
Species_mp4/Rabbit/JWnIZNFP6x8.mp4,a rabbit is walking through the grass in a garden,Rabbit,63,JWnIZNFP6x8,1415,Rabbit_ID_008,1415,reference_images/Rabbit/JWnIZNFP6x8.jpg,Animal,skipped,
Species_mp4/Rabbit/OD4nVoYaPGA.mp4,a rabbit sitting next to a person with a flower pot,Rabbit,63,OD4nVoYaPGA,1416,Rabbit_ID_009,1416,reference_images/Rabbit/OD4nVoYaPGA.jpg,Animal,skipped,
Species_mp4/Rabbit/VxbcVQ-5G8w_2.mp4,a rabbit drinking water from a pond with a carrot in its mouth,Rabbit,63,VxbcVQ-5G8w_2,1417,Rabbit_ID_010,1417,reference_images/Rabbit/VxbcVQ-5G8w_2.jpg,Animal,skipped,
Species_mp4/Rabbit/VxbcVQ-5G8w_1.mp4,a rabbit drinking water from a pond with a carrot in its mouth,Rabbit,63,VxbcVQ-5G8w_1,1418,Rabbit_ID_011,1418,reference_images/Rabbit/VxbcVQ-5G8w_1.jpg,Animal,skipped,
Species_mp4/Rabbit/Ig0Uuf87FMM_1.mp4,a rabbit sitting in the woods with a stick in its mouth,Rabbit,63,Ig0Uuf87FMM_1,1419,Rabbit_ID_012,1419,reference_images/Rabbit/Ig0Uuf87FMM_1.jpg,Animal,skipped,
Species_mp4/Rabbit/44xRvhhZJmc.mp4,a rabbit sitting in a cage with a piece of wood in it ' s mouth,Rabbit,63,44xRvhhZJmc,1420,Rabbit_ID_013,1420,reference_images/Rabbit/44xRvhhZJmc.jpg,Animal,skipped,
Species_mp4/Rabbit/7VSjY-Yq8Nc.mp4,a rabbit is standing in the snow at night in the woods,Rabbit,63,7VSjY-Yq8Nc,1421,Rabbit_ID_014,1421,reference_images/Rabbit/7VSjY-Yq8Nc.jpg,Animal,skipped,
Species_mp4/Rabbit/uvjOr6aaDPc.mp4,a rabbit sitting on the floor next to a bowl of hay,Rabbit,63,uvjOr6aaDPc,1422,Rabbit_ID_015,1422,reference_images/Rabbit/uvjOr6aaDPc.jpg,Animal,skipped,
Species_mp4/Rabbit/rg6KV1fMFa4.mp4,a rabbit sitting on a rock in a garden with plants,Rabbit,63,rg6KV1fMFa4,1423,Rabbit_ID_016,1423,reference_images/Rabbit/rg6KV1fMFa4.jpg,Animal,skipped,
Species_mp4/Rabbit/SuKBMTJZ9hY.mp4,a rabbit is standing in the grass in front of a wall,Rabbit,63,SuKBMTJZ9hY,1424,Rabbit_ID_017,1424,reference_images/Rabbit/SuKBMTJZ9hY.jpg,Animal,skipped,
Species_mp4/Panda/RzX5vT3w1q8_2.mp4,a panda bear laying down in the grass next to a tree,Panda,58,RzX5vT3w1q8_2,1350,Panda_ID_000,1350,reference_images/Panda/RzX5vT3w1q8_2.jpg,Animal,skipped,
Species_mp4/Panda/fEbOil4van4.mp4,a panda bear laying on the ground eating bananas in a zoo,Panda,58,fEbOil4van4,1350,Panda_ID_000,1350,reference_images/Panda/fEbOil4van4.jpg,Animal,skipped,
Species_mp4/Panda/w7YhxZiwHyI_2.mp4,a panda bear sitting on a ledge in a zoo enclosure,Panda,58,w7YhxZiwHyI_2,1350,Panda_ID_000,1350,reference_images/Panda/w7YhxZiwHyI_2.jpg,Animal,skipped,
Species_mp4/Panda/7FEsT8sor4w.mp4,a panda bear laying on the ground eating grass in a zoo,Panda,58,7FEsT8sor4w,1350,Panda_ID_000,1350,reference_images/Panda/7FEsT8sor4w.jpg,Animal,skipped,
Species_mp4/Panda/nmVcKMzCc9c.mp4,a panda bear laying on the ground with a banana peel in its mouth,Panda,58,nmVcKMzCc9c,1350,Panda_ID_000,1350,reference_images/Panda/nmVcKMzCc9c.jpg,Animal,skipped,
Species_mp4/Panda/EZqYjslP07E.mp4,a panda bear laying on a ledge in a zoo enclosure,Panda,58,EZqYjslP07E,1351,Panda_ID_001,1351,reference_images/Panda/EZqYjslP07E.jpg,Animal,skipped,
Species_mp4/Panda/miOQyGXfMQU.mp4,a panda bear leaning against a rock wall in a zoo enclosure,Panda,58,miOQyGXfMQU,1351,Panda_ID_001,1351,reference_images/Panda/miOQyGXfMQU.jpg,Animal,skipped,
Species_mp4/Panda/KHo9vO4Tb54.mp4,a panda bear laying on a log in a zoo enclosure,Panda,58,KHo9vO4Tb54,1351,Panda_ID_001,1351,reference_images/Panda/KHo9vO4Tb54.jpg,Animal,skipped,
Species_mp4/Panda/RUg_D-qUn6w.mp4,a panda bear laying on a rock in a zoo enclosure,Panda,58,RUg_D-qUn6w,1351,Panda_ID_001,1351,reference_images/Panda/RUg_D-qUn6w.jpg,Animal,skipped,
Species_mp4/Panda/bcetjqkV9jg.mp4,a panda bear walking on dirt in a zoo enclosure,Panda,58,bcetjqkV9jg,1351,Panda_ID_001,1351,reference_images/Panda/bcetjqkV9jg.jpg,Animal,skipped,
Species_mp4/Panda/cvnbtpofvjM.mp4,a panda bear walking through a stream of water in a zoo,Panda,58,cvnbtpofvjM,1351,Panda_ID_001,1351,reference_images/Panda/cvnbtpofvjM.jpg,Animal,skipped,
Species_mp4/Panda/Ynd7KK8AW54.mp4,a panda bear eating a carrot in a forest with trees,Panda,58,Ynd7KK8AW54,1351,Panda_ID_001,1351,reference_images/Panda/Ynd7KK8AW54.jpg,Animal,skipped,
Species_mp4/Panda/zUngIeoLOtg_2.mp4,a panda bear laying on its back on the floor next to a basket,Panda,58,zUngIeoLOtg_2,1351,Panda_ID_001,1351,reference_images/Panda/zUngIeoLOtg_2.jpg,Animal,skipped,
Species_mp4/Panda/NtChzS3VVxg_2.mp4,a panda bear laying on a rock in a zoo enclosure,Panda,58,NtChzS3VVxg_2,1351,Panda_ID_001,1351,reference_images/Panda/NtChzS3VVxg_2.jpg,Animal,skipped,
Species_mp4/Panda/9nPH4668MoA.mp4,a panda bear laying down in a zoo enclosure with a fence,Panda,58,9nPH4668MoA,1351,Panda_ID_001,1351,reference_images/Panda/9nPH4668MoA.jpg,Animal,skipped,
Species_mp4/Panda/81uJDtzaaFs_1.mp4,a panda bear sitting on the ground next to a wall,Panda,58,81uJDtzaaFs_1,1351,Panda_ID_001,1351,reference_images/Panda/81uJDtzaaFs_1.jpg,Animal,skipped,
Species_mp4/Panda/ZlLVHW89avc.mp4,a panda bear sitting on a tree eating a piece of food,Panda,58,ZlLVHW89avc,1351,Panda_ID_001,1351,reference_images/Panda/ZlLVHW89avc.jpg,Animal,skipped,
Species_mp4/Panda/Trrj-Nq00WM.mp4,a panda bear laying on a rock in a zoo exhibit,Panda,58,Trrj-Nq00WM,1351,Panda_ID_001,1351,reference_images/Panda/Trrj-Nq00WM.jpg,Animal,skipped,
Species_mp4/Panda/7tWvRCsF2Pk.mp4,a panda bear sitting on the ground eating a carrot,Panda,58,7tWvRCsF2Pk,1351,Panda_ID_001,1351,reference_images/Panda/7tWvRCsF2Pk.jpg,Animal,skipped,
Species_mp4/Panda/qZBYs_eRBS0_1.mp4,a panda bear walking through a forest with a bush behind it,Panda,58,qZBYs_eRBS0_1,1351,Panda_ID_001,1351,reference_images/Panda/qZBYs_eRBS0_1.jpg,Animal,skipped,
Species_mp4/Panda/GVE8b3wqS6k.mp4,a panda bear is sleeping on a wooden bench in a zoo,Panda,58,GVE8b3wqS6k,1351,Panda_ID_001,1351,reference_images/Panda/GVE8b3wqS6k.jpg,Animal,skipped,
Species_mp4/Panda/4M2X5gDaxGM.mp4,a panda bear laying on the ground in the middle of the street,Panda,58,4M2X5gDaxGM,1351,Panda_ID_001,1351,reference_images/Panda/4M2X5gDaxGM.jpg,Animal,skipped,
Species_mp4/Panda/NtChzS3VVxg_1.mp4,a panda bear sitting on a rock in a zoo enclosure,Panda,58,NtChzS3VVxg_1,1351,Panda_ID_001,1351,reference_images/Panda/NtChzS3VVxg_1.jpg,Animal,skipped,
Species_mp4/Panda/sU-iQbnWD00.mp4,a panda bear sitting on the ground eating a carrot,Panda,58,sU-iQbnWD00,1351,Panda_ID_001,1351,reference_images/Panda/sU-iQbnWD00.jpg,Animal,skipped,
Species_mp4/Panda/qZBYs_eRBS0_3.mp4,a panda bear sitting on the ground eating some leaves,Panda,58,qZBYs_eRBS0_3,1351,Panda_ID_001,1351,reference_images/Panda/qZBYs_eRBS0_3.jpg,Animal,skipped,
Species_mp4/Panda/2Uhj9ht7jcI.mp4,a panda bear sitting on a log with a brush in its mouth,Panda,58,2Uhj9ht7jcI,1351,Panda_ID_001,1351,reference_images/Panda/2Uhj9ht7jcI.jpg,Animal,skipped,
Species_mp4/Panda/63qeiCNt3qo.mp4,a panda bear laying down in a zoo enclosure with a fence,Panda,58,63qeiCNt3qo,1351,Panda_ID_001,1351,reference_images/Panda/63qeiCNt3qo.jpg,Animal,skipped,
Species_mp4/Panda/s2qCpdWgzvY.mp4,a panda bear holding a wooden stick in its mouth,Panda,58,s2qCpdWgzvY,1351,Panda_ID_001,1351,reference_images/Panda/s2qCpdWgzvY.jpg,Animal,skipped,
Species_mp4/Panda/rvN5QjUgcTc.mp4,a panda bear sitting on a tree branch in a zoo,Panda,58,rvN5QjUgcTc,1351,Panda_ID_001,1351,reference_images/Panda/rvN5QjUgcTc.jpg,Animal,skipped,
Species_mp4/Panda/iEzQNIIi1pA.mp4,a panda bear sitting on the ground eating a banana,Panda,58,iEzQNIIi1pA,1351,Panda_ID_001,1351,reference_images/Panda/iEzQNIIi1pA.jpg,Animal,skipped,
Species_mp4/Panda/L6zC_t8xu-k.mp4,a panda bear laying down on a wooden platform with a black and white face,Panda,58,L6zC_t8xu-k,1351,Panda_ID_001,1351,reference_images/Panda/L6zC_t8xu-k.jpg,Animal,skipped,
Species_mp4/Panda/WYKQCfeBkG0.mp4,a panda bear sleeping on a branch in a zoo enclosure,Panda,58,WYKQCfeBkG0,1351,Panda_ID_001,1351,reference_images/Panda/WYKQCfeBkG0.jpg,Animal,skipped,
Species_mp4/Panda/HSHPCsf8bqU.mp4,a panda bear sitting on a rock drinking water from a pond,Panda,58,HSHPCsf8bqU,1351,Panda_ID_001,1351,reference_images/Panda/HSHPCsf8bqU.jpg,Animal,skipped,
Species_mp4/Panda/QdtSAZLCVuE.mp4,a panda bear sitting on a tree stump with its mouth open,Panda,58,QdtSAZLCVuE,1351,Panda_ID_001,1351,reference_images/Panda/QdtSAZLCVuE.jpg,Animal,skipped,
Species_mp4/Panda/9t2A_9hNO3g.mp4,a panda bear laying on a pink blanket with its head on a white and black cat,Panda,58,9t2A_9hNO3g,1351,Panda_ID_001,1351,reference_images/Panda/9t2A_9hNO3g.jpg,Animal,skipped,
Species_mp4/Panda/hccQmyNfA-U_1.mp4,a panda bear eating food from a bowl in a forest,Panda,58,hccQmyNfA-U_1,1351,Panda_ID_001,1351,reference_images/Panda/hccQmyNfA-U_1.jpg,Animal,skipped,
Species_mp4/Panda/T4aUSh93kaU.mp4,a panda bear laying down on a wooden fence in a zoo,Panda,58,T4aUSh93kaU,1351,Panda_ID_001,1351,reference_images/Panda/T4aUSh93kaU.jpg,Animal,skipped,
Species_mp4/Panda/AXrvCEVn5HM.mp4,a panda bear sitting in a tree eating a piece of food,Panda,58,AXrvCEVn5HM,1351,Panda_ID_001,1351,reference_images/Panda/AXrvCEVn5HM.jpg,Animal,skipped,
Species_mp4/Panda/KYXE2rfeTiE.mp4,a panda bear sitting on the ground eating a piece of food,Panda,58,KYXE2rfeTiE,1351,Panda_ID_001,1351,reference_images/Panda/KYXE2rfeTiE.jpg,Animal,skipped,
Species_mp4/Panda/ZY2AOpJaq1A.mp4,a panda bear sitting on a rock next to a tree,Panda,58,ZY2AOpJaq1A,1351,Panda_ID_001,1351,reference_images/Panda/ZY2AOpJaq1A.jpg,Animal,skipped,
Species_mp4/Panda/YMzD0V18B0M.mp4,a panda bear sitting on the ground eating a piece of fruit,Panda,58,YMzD0V18B0M,1351,Panda_ID_001,1351,reference_images/Panda/YMzD0V18B0M.jpg,Animal,skipped,
Species_mp4/Panda/KAlY9uybru4.mp4,a panda bear cub laying on its back on a blanket,Panda,58,KAlY9uybru4,1351,Panda_ID_001,1351,reference_images/Panda/KAlY9uybru4.jpg,Animal,skipped,
Species_mp4/Panda/W5jB84pQyCY.mp4,a panda bear climbing up a tree with its head on a branch,Panda,58,W5jB84pQyCY,1351,Panda_ID_001,1351,reference_images/Panda/W5jB84pQyCY.jpg,Animal,skipped,
Species_mp4/Panda/4NZ59WpSnoM.mp4,a panda bear with a black and white face and a white nose,Panda,58,4NZ59WpSnoM,1351,Panda_ID_001,1351,reference_images/Panda/4NZ59WpSnoM.jpg,Animal,skipped,
Species_mp4/Panda/4AXslOLjSFM_4.mp4,a panda bear eating bamboo in a grassy area with trees,Panda,58,4AXslOLjSFM_4,1351,Panda_ID_001,1351,reference_images/Panda/4AXslOLjSFM_4.jpg,Animal,skipped,
Species_mp4/Panda/DmzsxKwxTI0.mp4,a panda bear sitting on a rock eating food from a bowl,Panda,58,DmzsxKwxTI0,1351,Panda_ID_001,1351,reference_images/Panda/DmzsxKwxTI0.jpg,Animal,skipped,
Species_mp4/Panda/dZ2ukfzBpwc.mp4,a panda bear sitting on a rock in a zoo exhibit,Panda,58,dZ2ukfzBpwc,1351,Panda_ID_001,1351,reference_images/Panda/dZ2ukfzBpwc.jpg,Animal,skipped,
Species_mp4/Panda/j4cxDANUq_E_2.mp4,"a panda bear laying on a wooden bench with a sign that says mom, this is good",Panda,58,j4cxDANUq_E_2,1351,Panda_ID_001,1351,reference_images/Panda/j4cxDANUq_E_2.jpg,Animal,skipped,
Species_mp4/Panda/g1jQn8aP3e0.mp4,a panda bear sitting on a red tub with water coming out of it,Panda,58,g1jQn8aP3e0,1351,Panda_ID_001,1351,reference_images/Panda/g1jQn8aP3e0.jpg,Animal,skipped,
Species_mp4/Panda/j4cxDANUq_E_3.mp4,a panda bear laying on the ground with its head on a piece of wood,Panda,58,j4cxDANUq_E_3,1351,Panda_ID_001,1351,reference_images/Panda/j4cxDANUq_E_3.jpg,Animal,skipped,
Species_mp4/Panda/RlUXa_Z8m2U.mp4,a panda bear laying on its back on a wooden platform,Panda,58,RlUXa_Z8m2U,1351,Panda_ID_001,1351,reference_images/Panda/RlUXa_Z8m2U.jpg,Animal,skipped,
Species_mp4/Panda/8yAYDwSq_Zc_1.mp4,a panda bear laying on the ground with a caption in the background,Panda,58,8yAYDwSq_Zc_1,1352,Panda_ID_002,1352,reference_images/Panda/8yAYDwSq_Zc_1.jpg,Animal,skipped,
Species_mp4/Panda/udNAtn2Fiy4.mp4,a panda bear laying on a blanket on a wooden floor,Panda,58,udNAtn2Fiy4,1353,Panda_ID_003,1353,reference_images/Panda/udNAtn2Fiy4.jpg,Animal,skipped,
Species_mp4/Panda/zyI5b27exuQ.mp4,a panda bear laying on its back on its back on the ground,Panda,58,zyI5b27exuQ,1354,Panda_ID_004,1354,reference_images/Panda/zyI5b27exuQ.jpg,Animal,skipped,
Species_mp4/Panda/uvypOvwo6tE.mp4,a panda bear is sitting on a rock in a zoo enclosure,Panda,58,uvypOvwo6tE,1355,Panda_ID_005,1355,reference_images/Panda/uvypOvwo6tE.jpg,Animal,skipped,
Species_mp4/Panda/2oYqQrVCs8A.mp4,a panda bear eating food from a bowl in a zoo enclosure,Panda,58,2oYqQrVCs8A,1356,Panda_ID_006,1356,reference_images/Panda/2oYqQrVCs8A.jpg,Animal,skipped,
Species_mp4/Panda/27hN7M8oc5Y.mp4,a panda bear climbing up a tree in the woods,Panda,58,27hN7M8oc5Y,1357,Panda_ID_007,1357,reference_images/Panda/27hN7M8oc5Y.jpg,Animal,skipped,
Species_mp4/Panda/zygkp0QE4vg.mp4,a panda bear laying on the ground in a cage,Panda,58,zygkp0QE4vg,1358,Panda_ID_008,1358,reference_images/Panda/zygkp0QE4vg.jpg,Animal,skipped,
Species_mp4/Panda/3XJvc-acDxk.mp4,a panda bear is sitting on a tree branch and looking at something,Panda,58,3XJvc-acDxk,1359,Panda_ID_009,1359,reference_images/Panda/3XJvc-acDxk.jpg,Animal,skipped,
Species_mp4/Panda/dgscwdk4EqA_1.mp4,a panda bear laying on its back on a wooden platform,Panda,58,dgscwdk4EqA_1,1360,Panda_ID_010,1360,reference_images/Panda/dgscwdk4EqA_1.jpg,Animal,skipped,
Species_mp4/Panda/YBHZ37rxCU0.mp4,a panda bear standing in a cage at a zoo looking at the camera,Panda,58,YBHZ37rxCU0,1361,Panda_ID_011,1361,reference_images/Panda/YBHZ37rxCU0.jpg,Animal,skipped,
Species_mp4/Panda/B-7hRBJeSO0.mp4,a panda bear is climbing up a tree in the woods,Panda,58,B-7hRBJeSO0,1362,Panda_ID_012,1362,reference_images/Panda/B-7hRBJeSO0.jpg,Animal,skipped,
Species_mp4/Panda/Afy2WhiyKdI_1.mp4,a panda is being filmed by a cameraman in a zoo,Panda,58,Afy2WhiyKdI_1,1363,Panda_ID_013,1363,reference_images/Panda/Afy2WhiyKdI_1.jpg,Animal,skipped,
Species_mp4/Dog/ZkCh1GfNTRs.mp4,a dog is walking in a yard with a fence and a tree,Dog,19,ZkCh1GfNTRs,432,Dog_ID_000,432,reference_images/Dog/ZkCh1GfNTRs.jpg,Animal,skipped,
Species_mp4/Dog/7ixichYJCVI_3.mp4,a dog eating out of a bowl on the floor,Dog,19,7ixichYJCVI_3,433,Dog_ID_001,433,reference_images/Dog/7ixichYJCVI_3.jpg,Animal,skipped,
Species_mp4/Dog/7ixichYJCVI_1.mp4,a dog is eating out of a bowl in a living room,Dog,19,7ixichYJCVI_1,433,Dog_ID_001,433,reference_images/Dog/7ixichYJCVI_1.jpg,Animal,skipped,
Species_mp4/Dog/PzzLDh_ziyA.mp4,a dog laying on the floor next to a window with a cat sleeping on it,Dog,19,PzzLDh_ziyA,434,Dog_ID_002,434,reference_images/Dog/PzzLDh_ziyA.jpg,Animal,skipped,
Species_mp4/Dog/BhbRzXj3qIk.mp4,a dog is playing with a toy in the yard,Dog,19,BhbRzXj3qIk,435,Dog_ID_003,435,reference_images/Dog/BhbRzXj3qIk.jpg,Animal,skipped,
Species_mp4/Dog/dpZb9BbV5RU.mp4,a dog standing on a brick walkway next to a door,Dog,19,dpZb9BbV5RU,436,Dog_ID_004,436,reference_images/Dog/dpZb9BbV5RU.jpg,Animal,skipped,
Species_mp4/Dog/3zDL2KqeGB8.mp4,a dog sitting on a bed with a pillow on it,Dog,19,3zDL2KqeGB8,436,Dog_ID_004,436,reference_images/Dog/3zDL2KqeGB8.jpg,Animal,skipped,
Species_mp4/Dog/f2ciDMFDYC0.mp4,a dog wearing a hat laying on a bed with a sign,Dog,19,f2ciDMFDYC0,436,Dog_ID_004,436,reference_images/Dog/f2ciDMFDYC0.jpg,Animal,skipped,
Species_mp4/Dog/KkbLjX2HwKo.mp4,a dog laying on a couch with its tongue out,Dog,19,KkbLjX2HwKo,436,Dog_ID_004,436,reference_images/Dog/KkbLjX2HwKo.jpg,Animal,skipped,
Species_mp4/Dog/eN_zf3GkLRg.mp4,a dog laying on a bed with its tongue out,Dog,19,eN_zf3GkLRg,436,Dog_ID_004,436,reference_images/Dog/eN_zf3GkLRg.jpg,Animal,skipped,
Species_mp4/Dog/utIrZeiq-Nk.mp4,a dog sitting on the floor in front of a door,Dog,19,utIrZeiq-Nk,436,Dog_ID_004,436,reference_images/Dog/utIrZeiq-Nk.jpg,Animal,skipped,
Species_mp4/Dog/qTXGKizC5r8.mp4,a dog is eating out of a bowl on the floor,Dog,19,qTXGKizC5r8,436,Dog_ID_004,436,reference_images/Dog/qTXGKizC5r8.jpg,Animal,skipped,
Species_mp4/Dog/kRswvnZewPM.mp4,a dog is eating out of a bowl on the sidewalk,Dog,19,kRswvnZewPM,436,Dog_ID_004,436,reference_images/Dog/kRswvnZewPM.jpg,Animal,skipped,
Species_mp4/Dog/2rQKpIIHwxk.mp4,a dog laying on a blanket with a banana in its mouth,Dog,19,2rQKpIIHwxk,436,Dog_ID_004,436,reference_images/Dog/2rQKpIIHwxk.jpg,Animal,skipped,
Species_mp4/Dog/vUZ0t7qXRsA.mp4,a dog is sitting on the floor looking up at the camera,Dog,19,vUZ0t7qXRsA,437,Dog_ID_005,437,reference_images/Dog/vUZ0t7qXRsA.jpg,Animal,skipped,
Species_mp4/Dog/2ojM-qCxiRk.mp4,a dog laying on the floor next to a tennis ball,Dog,19,2ojM-qCxiRk,438,Dog_ID_006,438,reference_images/Dog/2ojM-qCxiRk.jpg,Animal,skipped,
Species_mp4/Dog/uGx-s-FTGtg_2.mp4,a dog is eating out of a bowl on the floor,Dog,19,uGx-s-FTGtg_2,439,Dog_ID_007,439,reference_images/Dog/uGx-s-FTGtg_2.jpg,Animal,skipped,
Species_mp4/Dog/xlnE_Sx8dHs.mp4,a dog is playing in a puddle of water with a stick,Dog,19,xlnE_Sx8dHs,440,Dog_ID_008,440,reference_images/Dog/xlnE_Sx8dHs.jpg,Animal,skipped,
Species_mp4/Dog/0vqH3gy1Ccg.mp4,a dog is playing with a water hose in a stream,Dog,19,0vqH3gy1Ccg,440,Dog_ID_008,440,reference_images/Dog/0vqH3gy1Ccg.jpg,Animal,skipped,
Species_mp4/Dog/hIzyWQXMVUE_2.mp4,a dog is standing in a cage with a pillow on it,Dog,19,hIzyWQXMVUE_2,441,Dog_ID_009,441,reference_images/Dog/hIzyWQXMVUE_2.jpg,Animal,skipped,
Species_mp4/Dog/hIzyWQXMVUE_1.mp4,a dog standing on a mattress in a cage with a dog,Dog,19,hIzyWQXMVUE_1,441,Dog_ID_009,441,reference_images/Dog/hIzyWQXMVUE_1.jpg,Animal,skipped,
Species_mp4/Dog/HCkucujdBjc.mp4,a dog is drinking water from a bowl in the yard,Dog,19,HCkucujdBjc,442,Dog_ID_010,442,reference_images/Dog/HCkucujdBjc.jpg,Animal,skipped,
Species_mp4/Dog/sjBBugHGBLw.mp4,a dog standing in the snow with a green toy in its mouth,Dog,19,sjBBugHGBLw,443,Dog_ID_011,443,reference_images/Dog/sjBBugHGBLw.jpg,Animal,skipped,
Species_mp4/Dog/CD22J0GMrKo.mp4,a dog sitting on the floor looking at a bowl of food,Dog,19,CD22J0GMrKo,444,Dog_ID_012,444,reference_images/Dog/CD22J0GMrKo.jpg,Animal,skipped,
Species_mp4/Dog/MhB7IvQhKmo.mp4,a dog laying on the ground with a hose in its mouth,Dog,19,MhB7IvQhKmo,445,Dog_ID_013,445,reference_images/Dog/MhB7IvQhKmo.jpg,Animal,skipped,
Species_mp4/Dog/ny6cVP2UTTA.mp4,a dog is drinking water from a water fountain on the sidewalk,Dog,19,ny6cVP2UTTA,446,Dog_ID_014,446,reference_images/Dog/ny6cVP2UTTA.jpg,Animal,skipped,
Species_mp4/Dog/vwwmP5UMPEw.mp4,a dog laying on the ground,Dog,19,vwwmP5UMPEw,447,Dog_ID_015,447,reference_images/Dog/vwwmP5UMPEw.jpg,Animal,skipped,
Species_mp4/Dog/iH8CusW_M4Q.mp4,a dog is playing in a pool in the yard,Dog,19,iH8CusW_M4Q,448,Dog_ID_016,448,reference_images/Dog/iH8CusW_M4Q.jpg,Animal,skipped,
Species_mp4/Dog/w7xIG5rLRkY.mp4,a dog is standing in a field with a pole in it ' s mouth,Dog,19,w7xIG5rLRkY,449,Dog_ID_017,449,reference_images/Dog/w7xIG5rLRkY.jpg,Animal,skipped,
Species_mp4/Dog/rS_Z2KrRCtc.mp4,a dog laying on the ground in front of a house,Dog,19,rS_Z2KrRCtc,450,Dog_ID_018,450,reference_images/Dog/rS_Z2KrRCtc.jpg,Animal,skipped,
Species_mp4/Dog/opCEb82UNaI.mp4,a dog is drinking water from a plastic container on the ground,Dog,19,opCEb82UNaI,451,Dog_ID_019,451,reference_images/Dog/opCEb82UNaI.jpg,Animal,skipped,
Species_mp4/Dog/NgcQiHkL9Yw_1.mp4,a dog is laying on a blanket with a blanket around it,Dog,19,NgcQiHkL9Yw_1,452,Dog_ID_020,452,reference_images/Dog/NgcQiHkL9Yw_1.jpg,Animal,skipped,
Species_mp4/Dog/NgcQiHkL9Yw_2.mp4,a dog is curled up in a blanket on a bed,Dog,19,NgcQiHkL9Yw_2,452,Dog_ID_020,452,reference_images/Dog/NgcQiHkL9Yw_2.jpg,Animal,skipped,
Species_mp4/Dog/bruAOPbPTwQ_2.mp4,a dog is eating food from a paper towel on the floor,Dog,19,bruAOPbPTwQ_2,453,Dog_ID_021,453,reference_images/Dog/bruAOPbPTwQ_2.jpg,Animal,skipped,
Species_mp4/Dog/bruAOPbPTwQ_1.mp4,a dog is eating food from a bowl on the floor,Dog,19,bruAOPbPTwQ_1,453,Dog_ID_021,453,reference_images/Dog/bruAOPbPTwQ_1.jpg,Animal,skipped,
Species_mp4/Dog/PduVsvVtzlg.mp4,a dog laying on the floor with its head on the floor,Dog,19,PduVsvVtzlg,454,Dog_ID_022,454,reference_images/Dog/PduVsvVtzlg.jpg,Animal,skipped,
Species_mp4/Dog/xB0_-27ivlM.mp4,a dog is standing on the ground eating something off of the ground,Dog,19,xB0_-27ivlM,455,Dog_ID_023,455,reference_images/Dog/xB0_-27ivlM.jpg,Animal,skipped,
Species_mp4/Dog/xk0PnLdZBck.mp4,a dog laying on the floor eating from a bowl,Dog,19,xk0PnLdZBck,456,Dog_ID_024,456,reference_images/Dog/xk0PnLdZBck.jpg,Animal,skipped,
Species_mp4/Dog/yx6OGzdpzgc.mp4,a dog is standing in the dirt near a fence,Dog,19,yx6OGzdpzgc,457,Dog_ID_025,457,reference_images/Dog/yx6OGzdpzgc.jpg,Animal,skipped,
Species_mp4/Dog/iyMbzf9hCUU_1.mp4,a dog standing in shallow water with rocks and grass,Dog,19,iyMbzf9hCUU_1,458,Dog_ID_026,458,reference_images/Dog/iyMbzf9hCUU_1.jpg,Animal,skipped,
Species_mp4/Dog/iyMbzf9hCUU_2.mp4,a dog is standing in the water drinking from a pond,Dog,19,iyMbzf9hCUU_2,458,Dog_ID_026,458,reference_images/Dog/iyMbzf9hCUU_2.jpg,Animal,skipped,
Species_mp4/Dog/heUlWJgStZ8.mp4,a dog laying on a couch in a living room next to a fan,Dog,19,heUlWJgStZ8,459,Dog_ID_027,459,reference_images/Dog/heUlWJgStZ8.jpg,Animal,skipped,
Species_mp4/Dog/GhjJf52CYY8.mp4,a dog standing on its hind legs in a caged area,Dog,19,GhjJf52CYY8,460,Dog_ID_028,460,reference_images/Dog/GhjJf52CYY8.jpg,Animal,skipped,
Species_mp4/Dog/Qvd13NhAUgI.mp4,a dog laying on the floor with its head on the floor,Dog,19,Qvd13NhAUgI,461,Dog_ID_029,461,reference_images/Dog/Qvd13NhAUgI.jpg,Animal,skipped,
Species_mp4/Dog/D88CV_GjCww.mp4,a dog is eating a piece of chocolate from a bowl,Dog,19,D88CV_GjCww,462,Dog_ID_030,462,reference_images/Dog/D88CV_GjCww.jpg,Animal,skipped,
Species_mp4/Dog/47OOTXBhn6U.mp4,a dog is standing in the grass near a tree with berries,Dog,19,47OOTXBhn6U,463,Dog_ID_031,463,reference_images/Dog/47OOTXBhn6U.jpg,Animal,skipped,
Species_mp4/Dog/iWhGvGQ6Shc.mp4,a dog is sitting on a couch with his head on the arm,Dog,19,iWhGvGQ6Shc,464,Dog_ID_032,464,reference_images/Dog/iWhGvGQ6Shc.jpg,Animal,skipped,
Species_mp4/Dog/5hdiWtvn9hc.mp4,a dog standing in a field of tall grass with a head turned,Dog,19,5hdiWtvn9hc,465,Dog_ID_033,465,reference_images/Dog/5hdiWtvn9hc.jpg,Animal,skipped,
Species_mp4/Dog/6ZbWNocZVKY.mp4,a dog drinking water from a bucket in a dirty room,Dog,19,6ZbWNocZVKY,466,Dog_ID_034,466,reference_images/Dog/6ZbWNocZVKY.jpg,Animal,skipped,
Species_mp4/Dog/cHqqoZZNpyI.mp4,a dog laying on the ground in the grass with its head resting on the ground,Dog,19,cHqqoZZNpyI,467,Dog_ID_035,467,reference_images/Dog/cHqqoZZNpyI.jpg,Animal,skipped,
Species_mp4/Dog/C_nFOgs3mdE.mp4,a dog laying on the floor next to a bike in a room,Dog,19,C_nFOgs3mdE,468,Dog_ID_036,468,reference_images/Dog/C_nFOgs3mdE.jpg,Animal,skipped,
Species_mp4/Dog/wUg8TjKnzfI.mp4,a dog is walking in the grass near a bush and a path,Dog,19,wUg8TjKnzfI,469,Dog_ID_037,469,reference_images/Dog/wUg8TjKnzfI.jpg,Animal,skipped,
Species_mp4/Dog/JUmUv5wn2xw.mp4,a dog laying on a blanket on a floor with its head on a pillow,Dog,19,JUmUv5wn2xw,470,Dog_ID_038,470,reference_images/Dog/JUmUv5wn2xw.jpg,Animal,skipped,
Species_mp4/Dog/CZhLz8LTrEI.mp4,a dog chewing on a piece of food on the floor,Dog,19,CZhLz8LTrEI,470,Dog_ID_038,470,reference_images/Dog/CZhLz8LTrEI.jpg,Animal,skipped,
Species_mp4/Dog/g_w9_Z5gkuo.mp4,a dog eating food out of a bowl on the ground,Dog,19,g_w9_Z5gkuo,471,Dog_ID_039,471,reference_images/Dog/g_w9_Z5gkuo.jpg,Animal,skipped,
Species_mp4/Dog/PO-MxdPLqJ8.mp4,a dog is playing with a hose in the driveway,Dog,19,PO-MxdPLqJ8,472,Dog_ID_040,472,reference_images/Dog/PO-MxdPLqJ8.jpg,Animal,skipped,
Species_mp4/Dog/I94Mc5oalf0.mp4,a dog laying on a bed with a blanket on it,Dog,19,I94Mc5oalf0,473,Dog_ID_041,473,reference_images/Dog/I94Mc5oalf0.jpg,Animal,skipped,
Species_mp4/Dog/No099LR7IOs.mp4,a dog eating food from a bowl on the ground,Dog,19,No099LR7IOs,474,Dog_ID_042,474,reference_images/Dog/No099LR7IOs.jpg,Animal,skipped,
Species_mp4/Dog/iJvQ8KLk51w.mp4,a dog is laying on a bed with a banana on it,Dog,19,iJvQ8KLk51w,475,Dog_ID_043,475,reference_images/Dog/iJvQ8KLk51w.jpg,Animal,skipped,
Species_mp4/Dog/t387Sj7u_60.mp4,a dog is looking at the camera while standing on a rug,Dog,19,t387Sj7u_60,476,Dog_ID_044,476,reference_images/Dog/t387Sj7u_60.jpg,Animal,skipped,
Species_mp4/Dog/2fjB8mt3qt4.mp4,a dog laying on the floor with its head on the floor,Dog,19,2fjB8mt3qt4,477,Dog_ID_045,477,reference_images/Dog/2fjB8mt3qt4.jpg,Animal,skipped,
Species_mp4/Dog/bUoQTI5WGaw.mp4,a dog is standing in the woods at night looking for food,Dog,19,bUoQTI5WGaw,478,Dog_ID_046,478,reference_images/Dog/bUoQTI5WGaw.jpg,Animal,skipped,
Species_mp4/Dog/CHNr7rKeSqU.mp4,a dog is standing on a mat in a cage,Dog,19,CHNr7rKeSqU,479,Dog_ID_047,479,reference_images/Dog/CHNr7rKeSqU.jpg,Animal,skipped,
Species_mp4/Dog/gs44pPf5O3s.mp4,a dog is chewing on a biscuit while being fed,Dog,19,gs44pPf5O3s,480,Dog_ID_048,480,reference_images/Dog/gs44pPf5O3s.jpg,Animal,skipped,
Species_mp4/Dog/8WFy4SKS4GY.mp4,a dog laying on the floor with its head on the floor,Dog,19,8WFy4SKS4GY,481,Dog_ID_049,481,reference_images/Dog/8WFy4SKS4GY.jpg,Animal,skipped,
Species_mp4/Dog/I9ztIh1mKFw.mp4,a dog is sleeping on a couch with a remote control,Dog,19,I9ztIh1mKFw,482,Dog_ID_050,482,reference_images/Dog/I9ztIh1mKFw.jpg,Animal,skipped,
Species_mp4/Dog/josclgwxnu4.mp4,a dog sitting on a toilet in a bathroom next to a shower,Dog,19,josclgwxnu4,483,Dog_ID_051,483,reference_images/Dog/josclgwxnu4.jpg,Animal,skipped,
Species_mp4/Dog/TRmJysHhcrY.mp4,a dog tied to a pole with a leash on it,Dog,19,TRmJysHhcrY,484,Dog_ID_052,484,reference_images/Dog/TRmJysHhcrY.jpg,Animal,skipped,
Species_mp4/Dog/v1cxJJ9pSQM.mp4,a dog with a leash on standing in the grass,Dog,19,v1cxJJ9pSQM,485,Dog_ID_053,485,reference_images/Dog/v1cxJJ9pSQM.jpg,Animal,skipped,
Species_mp4/Dog/RE9G0CU6Dvs.mp4,a dog walking down a road with a ball,Dog,19,RE9G0CU6Dvs,486,Dog_ID_054,486,reference_images/Dog/RE9G0CU6Dvs.jpg,Animal,skipped,
Species_mp4/Dog/jDZacoE62tw.mp4,a dog laying on the floor next to a filing cabinet,Dog,19,jDZacoE62tw,487,Dog_ID_055,487,reference_images/Dog/jDZacoE62tw.jpg,Animal,skipped,
Species_mp4/Dog/TmFeRx1URbQ.mp4,a dog is sitting on a rock in a zoo enclosure,Dog,19,TmFeRx1URbQ,488,Dog_ID_056,488,reference_images/Dog/TmFeRx1URbQ.jpg,Animal,skipped,
Species_mp4/Dog/n7RMX79VXTg.mp4,a dog sitting on the floor outside of a door with a ball in its mouth,Dog,19,n7RMX79VXTg,489,Dog_ID_057,489,reference_images/Dog/n7RMX79VXTg.jpg,Animal,skipped,
Species_mp4/Dog/OfJNeZVbxso_1.mp4,a dog is sniffing the ground in the grass near a fence,Dog,19,OfJNeZVbxso_1,490,Dog_ID_058,490,reference_images/Dog/OfJNeZVbxso_1.jpg,Animal,skipped,
Species_mp4/Dog/Cg_J8Q0N7Uc.mp4,a dog is sitting on a brick sidewalk with emoticions around it,Dog,19,Cg_J8Q0N7Uc,491,Dog_ID_059,491,reference_images/Dog/Cg_J8Q0N7Uc.jpg,Animal,skipped,
Species_mp4/Dog/JzMUNwdhi80.mp4,a dog is playing with a toy in the yard,Dog,19,JzMUNwdhi80,492,Dog_ID_060,492,reference_images/Dog/JzMUNwdhi80.jpg,Animal,skipped,
Species_mp4/Dog/xX-TMLgypLM.mp4,a dog drinking water out of a metal bowl on a patio,Dog,19,xX-TMLgypLM,492,Dog_ID_060,492,reference_images/Dog/xX-TMLgypLM.jpg,Animal,skipped,
Species_mp4/Dog/2ln3j_4A1BA.mp4,a dog is sleeping on a couch with its head on the pillow,Dog,19,2ln3j_4A1BA,493,Dog_ID_061,493,reference_images/Dog/2ln3j_4A1BA.jpg,Animal,skipped,
Species_mp4/Dog/mAZaLaa7FIs_2.mp4,a dog eating out of a bowl on the floor next to a dish,Dog,19,mAZaLaa7FIs_2,494,Dog_ID_062,494,reference_images/Dog/mAZaLaa7FIs_2.jpg,Animal,skipped,
Species_mp4/Dog/dv3A1ToIULc.mp4,a dog is standing in the grass near a fence,Dog,19,dv3A1ToIULc,495,Dog_ID_063,495,reference_images/Dog/dv3A1ToIULc.jpg,Animal,skipped,
Species_mp4/Dog/eVQGeup9y4M.mp4,a dog is sitting in the grass near a white fence,Dog,19,eVQGeup9y4M,496,Dog_ID_064,496,reference_images/Dog/eVQGeup9y4M.jpg,Animal,skipped,
Species_mp4/Dog/qAcudBCVwNE.mp4,a dog laying on its back on a couch with a green blanket,Dog,19,qAcudBCVwNE,497,Dog_ID_065,497,reference_images/Dog/qAcudBCVwNE.jpg,Animal,skipped,
Species_mp4/Dog/NkvJiIrSlw8.mp4,a dog is walking in the grass with a frisbee in its mouth,Dog,19,NkvJiIrSlw8,498,Dog_ID_066,498,reference_images/Dog/NkvJiIrSlw8.jpg,Animal,skipped,
Species_mp4/Dog/4pT41-XmvvI.mp4,a dog is eating a piece of bread on the sidewalk,Dog,19,4pT41-XmvvI,499,Dog_ID_067,499,reference_images/Dog/4pT41-XmvvI.jpg,Animal,skipped,
Species_mp4/Dog/mEEk4SAPAfE.mp4,a dog laying on a desk in a dark room,Dog,19,mEEk4SAPAfE,500,Dog_ID_068,500,reference_images/Dog/mEEk4SAPAfE.jpg,Animal,skipped,
Species_mp4/Dog/WqNZwN-SFGk.mp4,a dog laying on the ground next to a potted plant,Dog,19,WqNZwN-SFGk,500,Dog_ID_068,500,reference_images/Dog/WqNZwN-SFGk.jpg,Animal,skipped,
Species_mp4/Dog/rqaWUgCuhfw.mp4,a dog laying on the floor with its head on the floor,Dog,19,rqaWUgCuhfw,500,Dog_ID_068,500,reference_images/Dog/rqaWUgCuhfw.jpg,Animal,skipped,
Species_mp4/Dog/JS1b3sdjF48_1.mp4,a dog laying on a bed with a blanket on it,Dog,19,JS1b3sdjF48_1,501,Dog_ID_069,501,reference_images/Dog/JS1b3sdjF48_1.jpg,Animal,skipped,
Species_mp4/Dog/3pUA0wbc02U.mp4,a dog laying on a couch with its head on a pillow,Dog,19,3pUA0wbc02U,502,Dog_ID_070,502,reference_images/Dog/3pUA0wbc02U.jpg,Animal,skipped,
Species_mp4/Dog/1v4U0MuJ1ic.mp4,a dog sitting on a bed with a pillow on it,Dog,19,1v4U0MuJ1ic,502,Dog_ID_070,502,reference_images/Dog/1v4U0MuJ1ic.jpg,Animal,skipped,
Species_mp4/Dog/xjFdSqxnDzE.mp4,a dog laying on a bed with a quote on it,Dog,19,xjFdSqxnDzE,503,Dog_ID_071,503,reference_images/Dog/xjFdSqxnDzE.jpg,Animal,skipped,
Species_mp4/Dog/hkNtPSq4RIc.mp4,a dog sleeping on a bed with a blanket and a pillow,Dog,19,hkNtPSq4RIc,504,Dog_ID_072,504,reference_images/Dog/hkNtPSq4RIc.jpg,Animal,skipped,
Species_mp4/Dog/jCFbqoAjNe4.mp4,a dog sleeping on a bed with a blanket on it,Dog,19,jCFbqoAjNe4,504,Dog_ID_072,504,reference_images/Dog/jCFbqoAjNe4.jpg,Animal,skipped,
Species_mp4/Dog/qguAehtTsJs.mp4,a dog is walking along a path with a leash,Dog,19,qguAehtTsJs,505,Dog_ID_073,505,reference_images/Dog/qguAehtTsJs.jpg,Animal,skipped,
Species_mp4/Dog/iO_-LY9Acx4.mp4,a dog sleeping with a stuffed animal on a couch,Dog,19,iO_-LY9Acx4,506,Dog_ID_074,506,reference_images/Dog/iO_-LY9Acx4.jpg,Animal,skipped,
Species_mp4/Dog/tT0-ASgcf44.mp4,a dog laying on its back on a bed in a room,Dog,19,tT0-ASgcf44,507,Dog_ID_075,507,reference_images/Dog/tT0-ASgcf44.jpg,Animal,skipped,
Species_mp4/Dog/PpgE2BdP3HU.mp4,a dog standing on the ground with its head in the ground,Dog,19,PpgE2BdP3HU,508,Dog_ID_076,508,reference_images/Dog/PpgE2BdP3HU.jpg,Animal,skipped,
Species_mp4/Dog/-YilTq_XFwk.mp4,a dog laying on a bed in a room with a window,Dog,19,-YilTq_XFwk,509,Dog_ID_077,509,reference_images/Dog/-YilTq_XFwk.jpg,Animal,skipped,
Species_mp4/Dog/7Y280O7lKYY.mp4,a dog laying on the floor with a stuffed animal in its mouth,Dog,19,7Y280O7lKYY,510,Dog_ID_078,510,reference_images/Dog/7Y280O7lKYY.jpg,Animal,skipped,
Species_mp4/Dog/5ZVox0HgRCQ.mp4,a dog standing on a towel with a ball in it ' s mouth,Dog,19,5ZVox0HgRCQ,511,Dog_ID_079,511,reference_images/Dog/5ZVox0HgRCQ.jpg,Animal,skipped,
Species_mp4/Dog/Wxjpc45pdFo.mp4,a dog is chewing on a piece of watermelon on the ground,Dog,19,Wxjpc45pdFo,512,Dog_ID_080,512,reference_images/Dog/Wxjpc45pdFo.jpg,Animal,skipped,
Species_mp4/Dog/c5pcWtqV1Ps.mp4,a dog standing next to each other near a bucket,Dog,19,c5pcWtqV1Ps,513,Dog_ID_081,513,reference_images/Dog/c5pcWtqV1Ps.jpg,Animal,skipped,
Species_mp4/Dog/GE4U5u1j-Ms.mp4,a dog is playing with a toy on the floor in the living room,Dog,19,GE4U5u1j-Ms,514,Dog_ID_082,514,reference_images/Dog/GE4U5u1j-Ms.jpg,Animal,skipped,
Species_mp4/Dog/cO03-_otR1Y.mp4,a dog sniffing a ball in the grass near a concrete wall,Dog,19,cO03-_otR1Y,515,Dog_ID_083,515,reference_images/Dog/cO03-_otR1Y.jpg,Animal,skipped,
Species_mp4/Dog/oeq_w76MQ-k.mp4,a dog is drinking water from a hose while being held by a person,Dog,19,oeq_w76MQ-k,516,Dog_ID_084,516,reference_images/Dog/oeq_w76MQ-k.jpg,Animal,skipped,
Species_mp4/Dog/VeTEOnrpEaY.mp4,a dog is drinking water from a puddle on the floor,Dog,19,VeTEOnrpEaY,517,Dog_ID_085,517,reference_images/Dog/VeTEOnrpEaY.jpg,Animal,skipped,
Species_mp4/Dog/pOu7DHD5X8U.mp4,a dog laying on the floor with its tongue out,Dog,19,pOu7DHD5X8U,518,Dog_ID_086,518,reference_images/Dog/pOu7DHD5X8U.jpg,Animal,skipped,
Species_mp4/Dog/vr1_4KPYu24.mp4,a dog laying in a dog bed on the floor,Dog,19,vr1_4KPYu24,519,Dog_ID_087,519,reference_images/Dog/vr1_4KPYu24.jpg,Animal,skipped,
Species_mp4/Dog/8Z6ht_5HTuY.mp4,a dog laying on the floor with its head on the floor,Dog,19,8Z6ht_5HTuY,520,Dog_ID_088,520,reference_images/Dog/8Z6ht_5HTuY.jpg,Animal,skipped,
Species_mp4/Dog/3k4COoXZwIE_3.mp4,a dog laying on a rock in a pile of hay,Dog,19,3k4COoXZwIE_3,521,Dog_ID_089,521,reference_images/Dog/3k4COoXZwIE_3.jpg,Animal,skipped,
Species_mp4/Dog/EqXYT2AH7Gg_2.mp4,a dog laying on the ground in the dirt near a rock,Dog,19,EqXYT2AH7Gg_2,522,Dog_ID_090,522,reference_images/Dog/EqXYT2AH7Gg_2.jpg,Animal,skipped,
Species_mp4/Dog/Bs-tq5y9sfg.mp4,a dog laying in the grass with its head on a stick,Dog,19,Bs-tq5y9sfg,522,Dog_ID_090,522,reference_images/Dog/Bs-tq5y9sfg.jpg,Animal,skipped,
Species_mp4/Dog/INtvFCb5umU_3.mp4,a dog fighting in a field,Dog,19,INtvFCb5umU_3,522,Dog_ID_090,522,reference_images/Dog/INtvFCb5umU_3.jpg,Animal,skipped,
Species_mp4/Dog/EqXYT2AH7Gg_1.mp4,a dog laying on the ground in the dirt with its head on the ground,Dog,19,EqXYT2AH7Gg_1,522,Dog_ID_090,522,reference_images/Dog/EqXYT2AH7Gg_1.jpg,Animal,skipped,
Species_mp4/Dog/eX7iCMl-4xs.mp4,a dog standing next to a dead animal on a dirt ground,Dog,19,eX7iCMl-4xs,522,Dog_ID_090,522,reference_images/Dog/eX7iCMl-4xs.jpg,Animal,skipped,
Species_mp4/Dog/EzOa0ooi6iE.mp4,a dog laying on a brick walkway in a backyard,Dog,19,EzOa0ooi6iE,523,Dog_ID_091,523,reference_images/Dog/EzOa0ooi6iE.jpg,Animal,skipped,
Species_mp4/Dog/jZh3-vFAkfg.mp4,a dog is standing on a rug with a toy in it ' s mouth,Dog,19,jZh3-vFAkfg,524,Dog_ID_092,524,reference_images/Dog/jZh3-vFAkfg.jpg,Animal,skipped,
Species_mp4/Dog/qYBcbLUMRX4.mp4,a dog sitting in the grass with a leash on it ' s neck,Dog,19,qYBcbLUMRX4,525,Dog_ID_093,525,reference_images/Dog/qYBcbLUMRX4.jpg,Animal,skipped,
Species_mp4/Dog/Cp8GFRmqhOI_1.mp4,a dog is sitting on a couch with pillows and blankets,Dog,19,Cp8GFRmqhOI_1,526,Dog_ID_094,526,reference_images/Dog/Cp8GFRmqhOI_1.jpg,Animal,skipped,
Species_mp4/Dog/DfDHnjneDaM_2.mp4,a dog running in a field,Dog,19,DfDHnjneDaM_2,527,Dog_ID_095,527,reference_images/Dog/DfDHnjneDaM_2.jpg,Animal,skipped,
Species_mp4/Dog/J5l1xIrLQKw.mp4,a dog laying on a rug on the floor next to a shower,Dog,19,J5l1xIrLQKw,528,Dog_ID_096,528,reference_images/Dog/J5l1xIrLQKw.jpg,Animal,skipped,
Species_mp4/Dog/snkYsxLNbGw.mp4,a dog is standing next to a fence with a bucket,Dog,19,snkYsxLNbGw,529,Dog_ID_097,529,reference_images/Dog/snkYsxLNbGw.jpg,Animal,skipped,
Species_mp4/Dog/TKPaZ5_7HAQ.mp4,a dog laying on a persons lap with its head on a persons lap,Dog,19,TKPaZ5_7HAQ,530,Dog_ID_098,530,reference_images/Dog/TKPaZ5_7HAQ.jpg,Animal,skipped,
Species_mp4/Dog/NazlQTb-2TY.mp4,a dog standing in a small plastic dog bed with a leash,Dog,19,NazlQTb-2TY,531,Dog_ID_099,531,reference_images/Dog/NazlQTb-2TY.jpg,Animal,skipped,
Species_mp4/Dog/b-18fDBY3H4.mp4,a dog on a scooter is standing on a stick,Dog,19,b-18fDBY3H4,532,Dog_ID_100,532,reference_images/Dog/b-18fDBY3H4.jpg,Animal,skipped,
Species_mp4/Dog/gCFwwfHzUU4.mp4,a dog standing in a field with a tennis ball in its mouth,Dog,19,gCFwwfHzUU4,533,Dog_ID_101,533,reference_images/Dog/gCFwwfHzUU4.jpg,Animal,skipped,
Species_mp4/Dog/vdtku41Snaw.mp4,a dog sitting on the floor in a room next to a chair,Dog,19,vdtku41Snaw,534,Dog_ID_102,534,reference_images/Dog/vdtku41Snaw.jpg,Animal,skipped,
Species_mp4/Dog/SJr1mFyurPE.mp4,a dog sitting on the floor next to a toilet in a bathroom,Dog,19,SJr1mFyurPE,535,Dog_ID_103,535,reference_images/Dog/SJr1mFyurPE.jpg,Animal,skipped,
Species_mp4/Dog/L2Ds3c5Z1eU.mp4,a dog eating a piece of meat in a yard,Dog,19,L2Ds3c5Z1eU,536,Dog_ID_104,536,reference_images/Dog/L2Ds3c5Z1eU.jpg,Animal,skipped,
Species_mp4/Dog/lD2J93dwoWI.mp4,a dog laying on the floor with its head on the table,Dog,19,lD2J93dwoWI,537,Dog_ID_105,537,reference_images/Dog/lD2J93dwoWI.jpg,Animal,skipped,
Species_mp4/Dog/aUlhz5Ev-pQ.mp4,a dog laying on the ground eating out of a bowl,Dog,19,aUlhz5Ev-pQ,538,Dog_ID_106,538,reference_images/Dog/aUlhz5Ev-pQ.jpg,Animal,skipped,
Species_mp4/Dog/n9XXyvI46hE.mp4,a dog eating a piece of watermelon on the ground,Dog,19,n9XXyvI46hE,539,Dog_ID_107,539,reference_images/Dog/n9XXyvI46hE.jpg,Animal,skipped,
Species_mp4/Dog/W4r58Cn3QWg.mp4,a dog laying on a bed with a blanket on it,Dog,19,W4r58Cn3QWg,540,Dog_ID_108,540,reference_images/Dog/W4r58Cn3QWg.jpg,Animal,skipped,
Species_mp4/Dog/bcvqyDqfPuU.mp4,a dog laying on its back on the floor with its paws up,Dog,19,bcvqyDqfPuU,541,Dog_ID_109,541,reference_images/Dog/bcvqyDqfPuU.jpg,Animal,skipped,
Species_mp4/Dog/lo5V4uHNwVE_2.mp4,a dog sniffing the grass in a park with a leash,Dog,19,lo5V4uHNwVE_2,542,Dog_ID_110,542,reference_images/Dog/lo5V4uHNwVE_2.jpg,Animal,skipped,
Species_mp4/Dog/pJY7FB-SErE.mp4,a dog is eating a piece of bread on the floor,Dog,19,pJY7FB-SErE,543,Dog_ID_111,543,reference_images/Dog/pJY7FB-SErE.jpg,Animal,skipped,
Species_mp4/Dog/4dqO0sVpeKY.mp4,a dog laying on a bean bag chair in a corner,Dog,19,4dqO0sVpeKY,544,Dog_ID_112,544,reference_images/Dog/4dqO0sVpeKY.jpg,Animal,skipped,
Species_mp4/Dog/OfJNeZVbxso_2.mp4,a dog standing in the grass with a black coat,Dog,19,OfJNeZVbxso_2,545,Dog_ID_113,545,reference_images/Dog/OfJNeZVbxso_2.jpg,Animal,skipped,
Species_mp4/Dog/7AtR7LPPFpQ.mp4,a dog standing next to a bowl of water on a tiled floor,Dog,19,7AtR7LPPFpQ,546,Dog_ID_114,546,reference_images/Dog/7AtR7LPPFpQ.jpg,Animal,skipped,
Species_mp4/Dog/9R8TklEf4SY.mp4,a dog is standing on the floor in front of a tv,Dog,19,9R8TklEf4SY,547,Dog_ID_115,547,reference_images/Dog/9R8TklEf4SY.jpg,Animal,skipped,
Species_mp4/Dog/ldRBhVxuORU_1.mp4,a dog is sitting in the grass and looking at the camera,Dog,19,ldRBhVxuORU_1,548,Dog_ID_116,548,reference_images/Dog/ldRBhVxuORU_1.jpg,Animal,skipped,
Species_mp4/Dog/4kin5OP7JJs.mp4,a dog is eating food from a bowl on the floor,Dog,19,4kin5OP7JJs,549,Dog_ID_117,549,reference_images/Dog/4kin5OP7JJs.jpg,Animal,skipped,
Species_mp4/Dog/FUBkYbAribo.mp4,a dog standing in the mud near a small pond of water,Dog,19,FUBkYbAribo,550,Dog_ID_118,550,reference_images/Dog/FUBkYbAribo.jpg,Animal,skipped,
Species_mp4/Dog/0iVfKR1L_j8.mp4,a dog is standing in the grass near some trees,Dog,19,0iVfKR1L_j8,551,Dog_ID_119,551,reference_images/Dog/0iVfKR1L_j8.jpg,Animal,skipped,
Species_mp4/Dog/Fx70-uvwyNw.mp4,a dog is tied to a chain and sniffing a dead animal,Dog,19,Fx70-uvwyNw,552,Dog_ID_120,552,reference_images/Dog/Fx70-uvwyNw.jpg,Animal,skipped,
Species_mp4/Dog/5XAHItEJkOM.mp4,a dog laying on a couch with a toy in its mouth,Dog,19,5XAHItEJkOM,553,Dog_ID_121,553,reference_images/Dog/5XAHItEJkOM.jpg,Animal,skipped,
Species_mp4/Dog/thGZZU7I2zE.mp4,a dog in a vest sniffing a plant in a room,Dog,19,thGZZU7I2zE,554,Dog_ID_122,554,reference_images/Dog/thGZZU7I2zE.jpg,Animal,skipped,
Species_mp4/Dog/Tjw7p-fSWyQ_2.mp4,a dog eating out of a bowl on the floor in a kitchen,Dog,19,Tjw7p-fSWyQ_2,555,Dog_ID_123,555,reference_images/Dog/Tjw7p-fSWyQ_2.jpg,Animal,skipped,
Species_mp4/Dog/Tjw7p-fSWyQ_3.mp4,a dog is eating out of a bowl on the floor,Dog,19,Tjw7p-fSWyQ_3,555,Dog_ID_123,555,reference_images/Dog/Tjw7p-fSWyQ_3.jpg,Animal,skipped,
Species_mp4/Dog/Tjw7p-fSWyQ_1.mp4,a dog is eating out of a bowl on the floor,Dog,19,Tjw7p-fSWyQ_1,555,Dog_ID_123,555,reference_images/Dog/Tjw7p-fSWyQ_1.jpg,Animal,skipped,
Species_mp4/Dog/JxS0khEdE8Y_2.mp4,a dog laying on the floor next to a chair,Dog,19,JxS0khEdE8Y_2,556,Dog_ID_124,556,reference_images/Dog/JxS0khEdE8Y_2.jpg,Animal,skipped,
Species_mp4/Dog/3RinpTt750I.mp4,a dog is sniffing the grass in the backyard with a toy,Dog,19,3RinpTt750I,557,Dog_ID_125,557,reference_images/Dog/3RinpTt750I.jpg,Animal,skipped,
Species_mp4/Dog/nz4t6Uab_lg.mp4,a dog laying on the floor with its head on a stuffed animal,Dog,19,nz4t6Uab_lg,558,Dog_ID_126,558,reference_images/Dog/nz4t6Uab_lg.jpg,Animal,skipped,
Species_mp4/Dog/nQRCOzp80dI.mp4,a dog standing in a field of grass with a frisbee in its mouth,Dog,19,nQRCOzp80dI,559,Dog_ID_127,559,reference_images/Dog/nQRCOzp80dI.jpg,Animal,skipped,
Species_mp4/Dog/dY8-fiqjnBQ.mp4,a dog is standing in the grass with a leash,Dog,19,dY8-fiqjnBQ,560,Dog_ID_128,560,reference_images/Dog/dY8-fiqjnBQ.jpg,Animal,skipped,
Species_mp4/Dog/8evU0j1RrW8.mp4,a dog is eating out of a bowl on the floor,Dog,19,8evU0j1RrW8,561,Dog_ID_129,561,reference_images/Dog/8evU0j1RrW8.jpg,Animal,skipped,
Species_mp4/Dog/lX1gJBLgRog_1.mp4,a dog laying on the floor next to a table with a dog laying on it,Dog,19,lX1gJBLgRog_1,562,Dog_ID_130,562,reference_images/Dog/lX1gJBLgRog_1.jpg,Animal,skipped,
Species_mp4/Dog/C_hPEwKQS9k.mp4,a dog laying on the floor with its head on the floor,Dog,19,C_hPEwKQS9k,563,Dog_ID_131,563,reference_images/Dog/C_hPEwKQS9k.jpg,Animal,skipped,
Species_mp4/Dog/TTyuQuGE8XA.mp4,a dog and cat sitting on a couch with their backs on each other,Dog,19,TTyuQuGE8XA,564,Dog_ID_132,564,reference_images/Dog/TTyuQuGE8XA.jpg,Animal,skipped,
Species_mp4/Dog/AciV20etIiw.mp4,a dog is standing on a tile floor with a yellow tag in its mouth,Dog,19,AciV20etIiw,565,Dog_ID_133,565,reference_images/Dog/AciV20etIiw.jpg,Animal,skipped,
Species_mp4/Dog/MUABlh_t9YI.mp4,a dog is standing in the grass with a leash,Dog,19,MUABlh_t9YI,566,Dog_ID_134,566,reference_images/Dog/MUABlh_t9YI.jpg,Animal,skipped,
Species_mp4/Dog/mLGc4CA5haQ.mp4,a dog is sleeping on a persons lap with his head on a laptop,Dog,19,mLGc4CA5haQ,567,Dog_ID_135,567,reference_images/Dog/mLGc4CA5haQ.jpg,Animal,skipped,
Species_mp4/Dog/-Ijipj3ZxW4.mp4,a dog is standing in the grass with a sprinkler in its mouth,Dog,19,-Ijipj3ZxW4,568,Dog_ID_136,568,reference_images/Dog/-Ijipj3ZxW4.jpg,Animal,skipped,
Species_mp4/Dog/R2mmHH_lxK4.mp4,a dog laying on a couch with its head on a pillow,Dog,19,R2mmHH_lxK4,569,Dog_ID_137,569,reference_images/Dog/R2mmHH_lxK4.jpg,Animal,skipped,
Species_mp4/Dog/SO5fNwB7moA.mp4,a dog standing on a tiled floor next to a red cart,Dog,19,SO5fNwB7moA,570,Dog_ID_138,570,reference_images/Dog/SO5fNwB7moA.jpg,Animal,skipped,
Species_mp4/Dog/FLZyHocSk3o.mp4,a dog laying on a bed with a blanket on it,Dog,19,FLZyHocSk3o,571,Dog_ID_139,571,reference_images/Dog/FLZyHocSk3o.jpg,Animal,skipped,
Species_mp4/Dog/ImBx3_uX3_I.mp4,a dog laying on a couch next to a baby crib,Dog,19,ImBx3_uX3_I,572,Dog_ID_140,572,reference_images/Dog/ImBx3_uX3_I.jpg,Animal,skipped,
Species_mp4/Dog/o6yZRA0sxV4.mp4,a dog laying on a rug with a carrot in it ' s mouth,Dog,19,o6yZRA0sxV4,573,Dog_ID_141,573,reference_images/Dog/o6yZRA0sxV4.jpg,Animal,skipped,
Species_mp4/Dog/MOop4mgDwDw_1.mp4,a dog is walking through the snow in the woods,Dog,19,MOop4mgDwDw_1,574,Dog_ID_142,574,reference_images/Dog/MOop4mgDwDw_1.jpg,Animal,skipped,
Species_mp4/Dog/jAaguEZ54XI.mp4,a dog laying in a dog bed on a tiled floor,Dog,19,jAaguEZ54XI,575,Dog_ID_143,575,reference_images/Dog/jAaguEZ54XI.jpg,Animal,skipped,
Species_mp4/Dog/00cQFKiCrqs.mp4,a dog is sniffing a ball in the grass near a fence,Dog,19,00cQFKiCrqs,576,Dog_ID_144,576,reference_images/Dog/00cQFKiCrqs.jpg,Animal,skipped,
Species_mp4/Dog/CjU4VU5at54.mp4,a dog laying on a bed with a blue blanket on it,Dog,19,CjU4VU5at54,577,Dog_ID_145,577,reference_images/Dog/CjU4VU5at54.jpg,Animal,skipped,
Species_mp4/Dog/eBIIhnb8L40.mp4,a dog laying on a mat with food in a bowl,Dog,19,eBIIhnb8L40,578,Dog_ID_146,578,reference_images/Dog/eBIIhnb8L40.jpg,Animal,skipped,
Species_mp4/Dog/c-LLiCn1yL4.mp4,a dog standing next to a pole with a sign on it,Dog,19,c-LLiCn1yL4,579,Dog_ID_147,579,reference_images/Dog/c-LLiCn1yL4.jpg,Animal,skipped,
Species_mp4/Dog/lMegKW3PcVc.mp4,a dog laying on a patio with its head on a mouse,Dog,19,lMegKW3PcVc,580,Dog_ID_148,580,reference_images/Dog/lMegKW3PcVc.jpg,Animal,skipped,
Species_mp4/Dog/JxS0khEdE8Y_1.mp4,a dog sleeping on a couch with a watermelon,Dog,19,JxS0khEdE8Y_1,581,Dog_ID_149,581,reference_images/Dog/JxS0khEdE8Y_1.jpg,Animal,skipped,
Species_mp4/Dog/mbEa9NYRmy0.mp4,a dog is standing in the woods looking at a cat,Dog,19,mbEa9NYRmy0,582,Dog_ID_150,582,reference_images/Dog/mbEa9NYRmy0.jpg,Animal,skipped,
Species_mp4/Dog/UNjCVBMj02g.mp4,a dog is standing in the grass with its head in the air,Dog,19,UNjCVBMj02g,583,Dog_ID_151,583,reference_images/Dog/UNjCVBMj02g.jpg,Animal,skipped,
Species_mp4/Dog/UTL0knSZrUc_2.mp4,a dog with a sad look on its face looking up,Dog,19,UTL0knSZrUc_2,584,Dog_ID_152,584,reference_images/Dog/UTL0knSZrUc_2.jpg,Animal,skipped,
Species_mp4/Dog/NhSeRrGXmxI.mp4,a dog walking on a sidewalk next to a wooden fence,Dog,19,NhSeRrGXmxI,585,Dog_ID_153,585,reference_images/Dog/NhSeRrGXmxI.jpg,Animal,skipped,
Species_mp4/Dog/gNOfYuYvQck.mp4,a dog is eating out of a bowl on the floor,Dog,19,gNOfYuYvQck,586,Dog_ID_154,586,reference_images/Dog/gNOfYuYvQck.jpg,Animal,skipped,
Species_mp4/Dog/KF4ZjNx6G08.mp4,a dog in a field with a person in a coat,Dog,19,KF4ZjNx6G08,587,Dog_ID_155,587,reference_images/Dog/KF4ZjNx6G08.jpg,Animal,skipped,
Species_mp4/Dog/vt6Z0u14p88.mp4,a dog with a pink hat on its head and a pink bow on its head,Dog,19,vt6Z0u14p88,588,Dog_ID_156,588,reference_images/Dog/vt6Z0u14p88.jpg,Animal,skipped,
Species_mp4/Dog/AuSuEQoV1xw.mp4,a dog laying on a couch with its head on the pillow,Dog,19,AuSuEQoV1xw,589,Dog_ID_157,589,reference_images/Dog/AuSuEQoV1xw.jpg,Animal,skipped,
Species_mp4/Dog/-b3OPbvhND4.mp4,a dog is sniffing a ball in the grass near a fence,Dog,19,-b3OPbvhND4,590,Dog_ID_158,590,reference_images/Dog/-b3OPbvhND4.jpg,Animal,skipped,
Species_mp4/Dog/GDD7HPVvkK4.mp4,a dog laying on the floor in front of a tv,Dog,19,GDD7HPVvkK4,591,Dog_ID_159,591,reference_images/Dog/GDD7HPVvkK4.jpg,Animal,skipped,
Species_mp4/Dog/j4sT2dj7VPI.mp4,a dog chewing on a banana on a purple surface,Dog,19,j4sT2dj7VPI,592,Dog_ID_160,592,reference_images/Dog/j4sT2dj7VPI.jpg,Animal,skipped,
Species_mp4/Dog/bhui_l45IcI.mp4,a dog in a suit is standing on the grass with a leash,Dog,19,bhui_l45IcI,593,Dog_ID_161,593,reference_images/Dog/bhui_l45IcI.jpg,Animal,skipped,
Species_mp4/Dog/GPrQhsem3vI.mp4,a dog is laying on a bed with a blanket on it,Dog,19,GPrQhsem3vI,594,Dog_ID_162,594,reference_images/Dog/GPrQhsem3vI.jpg,Animal,skipped,
Species_mp4/Dog/uS74HADL_7c.mp4,a dog laying on the floor with its head on a person ' s lap,Dog,19,uS74HADL_7c,595,Dog_ID_163,595,reference_images/Dog/uS74HADL_7c.jpg,Animal,skipped,
Species_mp4/Dog/poWE3aGtVQM.mp4,a dog is standing in the grass with its head down,Dog,19,poWE3aGtVQM,596,Dog_ID_164,596,reference_images/Dog/poWE3aGtVQM.jpg,Animal,skipped,
Species_mp4/Dog/KpjuO3Q-ARA.mp4,a dog laying on a bench with its head on the back of it,Dog,19,KpjuO3Q-ARA,597,Dog_ID_165,597,reference_images/Dog/KpjuO3Q-ARA.jpg,Animal,skipped,
Species_mp4/Dog/Sfw-4Sm9fTQ.mp4,a dog laying on a blanket with its head on a pillow,Dog,19,Sfw-4Sm9fTQ,598,Dog_ID_166,598,reference_images/Dog/Sfw-4Sm9fTQ.jpg,Animal,skipped,
Species_mp4/Dog/HZrEZKZbkC4.mp4,a dog laying on the floor next to a wall with its head on the floor,Dog,19,HZrEZKZbkC4,599,Dog_ID_167,599,reference_images/Dog/HZrEZKZbkC4.jpg,Animal,skipped,
Species_mp4/Dog/_riP6hNX5co.mp4,a dog laying on a couch with a blanket on it,Dog,19,_riP6hNX5co,600,Dog_ID_168,600,reference_images/Dog/_riP6hNX5co.jpg,Animal,skipped,
Species_mp4/Dog/bcVHBW3tCvo.mp4,a dog laying on its back on a couch with its head on the back of the couch,Dog,19,bcVHBW3tCvo,601,Dog_ID_169,601,reference_images/Dog/bcVHBW3tCvo.jpg,Animal,skipped,
Species_mp4/Dog/9vNaHVBFCZo_2.mp4,a dog standing on a step in a bathroom next to a toilet,Dog,19,9vNaHVBFCZo_2,602,Dog_ID_170,602,reference_images/Dog/9vNaHVBFCZo_2.jpg,Animal,skipped,
Species_mp4/Dog/O5UPizCTGsk_1.mp4,a dog on a leash is sniffing a yellow object on the sidewalk,Dog,19,O5UPizCTGsk_1,603,Dog_ID_171,603,reference_images/Dog/O5UPizCTGsk_1.jpg,Animal,skipped,
Species_mp4/Dog/slCJXZaJdAo.mp4,a dog laying on a bed in a room next to a heater,Dog,19,slCJXZaJdAo,604,Dog_ID_172,604,reference_images/Dog/slCJXZaJdAo.jpg,Animal,skipped,
Species_mp4/Dog/HennmWzr0wE.mp4,a dog laying on a bed with a stuffed animal,Dog,19,HennmWzr0wE,605,Dog_ID_173,605,reference_images/Dog/HennmWzr0wE.jpg,Animal,skipped,
Species_mp4/Dog/a3-skErzLyQ.mp4,a dog is sleeping on a couch with a pillow on it,Dog,19,a3-skErzLyQ,606,Dog_ID_174,606,reference_images/Dog/a3-skErzLyQ.jpg,Animal,skipped,
Species_mp4/Dog/eDlYHTYcj8o.mp4,a dog standing on a patio next to a green bucket,Dog,19,eDlYHTYcj8o,607,Dog_ID_175,607,reference_images/Dog/eDlYHTYcj8o.jpg,Animal,skipped,
Species_mp4/Dog/Fxp3oNKyYkg.mp4,a dog laying on a pillow on the floor in front of a tv,Dog,19,Fxp3oNKyYkg,608,Dog_ID_176,608,reference_images/Dog/Fxp3oNKyYkg.jpg,Animal,skipped,
Species_mp4/Dog/5tsebWQWzGg.mp4,a dog laying on a couch with a bottle of beer,Dog,19,5tsebWQWzGg,609,Dog_ID_177,609,reference_images/Dog/5tsebWQWzGg.jpg,Animal,skipped,
Species_mp4/Dog/dOMK7zMK5ks.mp4,a dog with its tongue out and its tongue out,Dog,19,dOMK7zMK5ks,610,Dog_ID_178,610,reference_images/Dog/dOMK7zMK5ks.jpg,Animal,skipped,
Species_mp4/Dog/C43dZwLYNkc.mp4,a dog standing on a wooden table next to a bowl,Dog,19,C43dZwLYNkc,611,Dog_ID_179,611,reference_images/Dog/C43dZwLYNkc.jpg,Animal,skipped,
Species_mp4/Seal/KZ8JMbPWvMQ.mp4,a seal laying on the ground in the sand with its eyes closed,Seal,68,KZ8JMbPWvMQ,1482,Seal_ID_000,1482,reference_images/Seal/KZ8JMbPWvMQ.jpg,Animal,skipped,
Species_mp4/Seal/oMcrcXf045A.mp4,a seal laying on the sand with its head on the ground,Seal,68,oMcrcXf045A,1482,Seal_ID_000,1482,reference_images/Seal/oMcrcXf045A.jpg,Animal,skipped,
Species_mp4/Seal/kxQf0lnpJgE.mp4,a seal laying on a rock in the water with its head on the rock,Seal,68,kxQf0lnpJgE,1482,Seal_ID_000,1482,reference_images/Seal/kxQf0lnpJgE.jpg,Animal,skipped,
Species_mp4/Seal/Nk3Cl7dytYQ.mp4,a seal laying on the beach with its head on the sand,Seal,68,Nk3Cl7dytYQ,1482,Seal_ID_000,1482,reference_images/Seal/Nk3Cl7dytYQ.jpg,Animal,skipped,
Species_mp4/Seal/SlCVtGFkk_c.mp4,a seal laying on the sand in the sand with its head on the ground,Seal,68,SlCVtGFkk_c,1482,Seal_ID_000,1482,reference_images/Seal/SlCVtGFkk_c.jpg,Animal,skipped,
Species_mp4/Seal/EUOkCaXGeHg.mp4,a seal laying on a rocky beach next to a rock,Seal,68,EUOkCaXGeHg,1482,Seal_ID_000,1482,reference_images/Seal/EUOkCaXGeHg.jpg,Animal,skipped,
Species_mp4/Seal/JM3TLhBEv9M.mp4,a seal laying on the beach with its head on the ground,Seal,68,JM3TLhBEv9M,1482,Seal_ID_000,1482,reference_images/Seal/JM3TLhBEv9M.jpg,Animal,skipped,
Species_mp4/Seal/-QhInrMrg34.mp4,a seal laying on a rock near the ocean with waves,Seal,68,-QhInrMrg34,1482,Seal_ID_000,1482,reference_images/Seal/-QhInrMrg34.jpg,Animal,skipped,
Species_mp4/Seal/or08i9wC8bA.mp4,a seal laying in the mud on the beach,Seal,68,or08i9wC8bA,1482,Seal_ID_000,1482,reference_images/Seal/or08i9wC8bA.jpg,Animal,skipped,
Species_mp4/Seal/43EtrCfNKNM.mp4,a seal laying on the sand with its head on the ground,Seal,68,43EtrCfNKNM,1482,Seal_ID_000,1482,reference_images/Seal/43EtrCfNKNM.jpg,Animal,skipped,
Species_mp4/Seal/Jl3d5ABNu_A.mp4,a seal laying on the sand in the sand with its head down,Seal,68,Jl3d5ABNu_A,1482,Seal_ID_000,1482,reference_images/Seal/Jl3d5ABNu_A.jpg,Animal,skipped,
Species_mp4/Seal/OAm8_qCF5SE.mp4,a seal laying on the ground with its head on the ground,Seal,68,OAm8_qCF5SE,1482,Seal_ID_000,1482,reference_images/Seal/OAm8_qCF5SE.jpg,Animal,skipped,
Species_mp4/Seal/gNL-KQnpm6E.mp4,a seal laying on the ground with its head on the ground,Seal,68,gNL-KQnpm6E,1482,Seal_ID_000,1482,reference_images/Seal/gNL-KQnpm6E.jpg,Animal,skipped,
Species_mp4/Seal/YHMxC4l5mkw.mp4,a seal laying on the beach next to the water,Seal,68,YHMxC4l5mkw,1482,Seal_ID_000,1482,reference_images/Seal/YHMxC4l5mkw.jpg,Animal,skipped,
Species_mp4/Seal/TlQc6opzo_c.mp4,a seal laying on a bed with a brush in its mouth,Seal,68,TlQc6opzo_c,1483,Seal_ID_001,1483,reference_images/Seal/TlQc6opzo_c.jpg,Animal,skipped,
Species_mp4/Seal/i45rI5znuEM.mp4,a seal laying on a metal grate in the snow,Seal,68,i45rI5znuEM,1483,Seal_ID_001,1483,reference_images/Seal/i45rI5znuEM.jpg,Animal,skipped,
Species_mp4/Seal/qCWsSpw7L_Y.mp4,a seal laying on the beach next to the water,Seal,68,qCWsSpw7L_Y,1484,Seal_ID_002,1484,reference_images/Seal/qCWsSpw7L_Y.jpg,Animal,skipped,
Species_mp4/Seal/M1fz0Q5xtyQ.mp4,a seal laying on the beach with its head on the sand,Seal,68,M1fz0Q5xtyQ,1485,Seal_ID_003,1485,reference_images/Seal/M1fz0Q5xtyQ.jpg,Animal,skipped,
Species_mp4/Seal/amX52cLSrYI.mp4,a seal laying on the beach with ice and water,Seal,68,amX52cLSrYI,1486,Seal_ID_004,1486,reference_images/Seal/amX52cLSrYI.jpg,Animal,skipped,
Species_mp4/Seal/dedl4SsFCAo.mp4,a seal laying on the beach with ice and water in the background,Seal,68,dedl4SsFCAo,1486,Seal_ID_004,1486,reference_images/Seal/dedl4SsFCAo.jpg,Animal,skipped,
Species_mp4/Seal/uvw56tvko7M.mp4,a seal laying on top of an ice floer on top of a snow covered ground,Seal,68,uvw56tvko7M,1487,Seal_ID_005,1487,reference_images/Seal/uvw56tvko7M.jpg,Animal,skipped,
Species_mp4/Seal/wOyoZq7dxKA.mp4,a seal laying on top of a piece of ice in the ocean,Seal,68,wOyoZq7dxKA,1487,Seal_ID_005,1487,reference_images/Seal/wOyoZq7dxKA.jpg,Animal,skipped,
Species_mp4/Seal/Xck-goGTRVo.mp4,a seal laying on the snow with its eyes closed,Seal,68,Xck-goGTRVo,1487,Seal_ID_005,1487,reference_images/Seal/Xck-goGTRVo.jpg,Animal,skipped,
Species_mp4/Seal/5_B5osv5xLo.mp4,a seal laying on the snow in the middle of the day,Seal,68,5_B5osv5xLo,1487,Seal_ID_005,1487,reference_images/Seal/5_B5osv5xLo.jpg,Animal,skipped,
Species_mp4/Seal/KRRCsLo9sa8.mp4,a seal laying on top of a pile of sand on a beach,Seal,68,KRRCsLo9sa8,1488,Seal_ID_006,1488,reference_images/Seal/KRRCsLo9sa8.jpg,Animal,skipped,
Species_mp4/Seal/megeZ8zhKJ0.mp4,a seal laying on the snow with a penguin in the background,Seal,68,megeZ8zhKJ0,1489,Seal_ID_007,1489,reference_images/Seal/megeZ8zhKJ0.jpg,Animal,skipped,
Species_mp4/Seal/u7hlfewno_4.mp4,a seal laying on the snow with its eyes closed,Seal,68,u7hlfewno_4,1489,Seal_ID_007,1489,reference_images/Seal/u7hlfewno_4.jpg,Animal,skipped,
Species_mp4/Seal/SiVFHHjKL4U.mp4,a seal laying on the snow with its eyes closed,Seal,68,SiVFHHjKL4U,1489,Seal_ID_007,1489,reference_images/Seal/SiVFHHjKL4U.jpg,Animal,skipped,
Species_mp4/Seal/Y-B706MSTzM.mp4,a seal laying on the snow with a caption of a video,Seal,68,Y-B706MSTzM,1489,Seal_ID_007,1489,reference_images/Seal/Y-B706MSTzM.jpg,Animal,skipped,
Species_mp4/Seal/jWr4IY1FFwo.mp4,a seal on the beach with a surfboard in the background,Seal,68,jWr4IY1FFwo,1490,Seal_ID_008,1490,reference_images/Seal/jWr4IY1FFwo.jpg,Animal,skipped,
Species_mp4/Seal/IfhcpgishSg.mp4,a seal laying on a green mat in a pool,Seal,68,IfhcpgishSg,1491,Seal_ID_009,1491,reference_images/Seal/IfhcpgishSg.jpg,Animal,skipped,
Species_mp4/Seal/BfmlDuA1Fn0.mp4,a seal laying on the sand on a beach with a red ball,Seal,68,BfmlDuA1Fn0,1492,Seal_ID_010,1492,reference_images/Seal/BfmlDuA1Fn0.jpg,Animal,skipped,
Species_mp4/Seal/79NQlOfwXyc.mp4,a seal laying on the beach with its head in the sand,Seal,68,79NQlOfwXyc,1493,Seal_ID_011,1493,reference_images/Seal/79NQlOfwXyc.jpg,Animal,skipped,
Species_mp4/Seal/MSpxMMN6Yns.mp4,a seal laying on the beach with its head in the sand,Seal,68,MSpxMMN6Yns,1493,Seal_ID_011,1493,reference_images/Seal/MSpxMMN6Yns.jpg,Animal,skipped,
Species_mp4/Seal/VxQuhkBT3cw.mp4,a seal laying on a rock in the sand on a beach,Seal,68,VxQuhkBT3cw,1493,Seal_ID_011,1493,reference_images/Seal/VxQuhkBT3cw.jpg,Animal,skipped,
Species_mp4/Seal/v6AHR1mcpuY.mp4,a seal laying on the sand with its head in the sand,Seal,68,v6AHR1mcpuY,1493,Seal_ID_011,1493,reference_images/Seal/v6AHR1mcpuY.jpg,Animal,skipped,
Species_mp4/SeaLion/JmsKXT0cEGk.mp4,a sea lion resting on a rock in the sun,SeaLion,67,JmsKXT0cEGk,1480,SeaLion_ID_000,1480,reference_images/SeaLion/JmsKXT0cEGk.jpg,Animal,skipped,
Species_mp4/Seal/j_Wz3dSGoLY.mp4,a seal laying on the sand with its head on a shoe,Seal,68,j_Wz3dSGoLY,1494,Seal_ID_012,1494,reference_images/Seal/j_Wz3dSGoLY.jpg,Animal,skipped,
Species_mp4/Seal/f7kYb0nbiSo.mp4,a seal laying on the ground in the sand with rocks,Seal,68,f7kYb0nbiSo,1495,Seal_ID_013,1495,reference_images/Seal/f7kYb0nbiSo.jpg,Animal,skipped,
Species_mp4/Seal/Trzu1h6JYvE.mp4,a seal laying on a rock with a shoe in its mouth,Seal,68,Trzu1h6JYvE,1496,Seal_ID_014,1496,reference_images/Seal/Trzu1h6JYvE.jpg,Animal,skipped,
Species_mp4/Seal/qB4nrYyh76g.mp4,a seal in the water with its head above the water,Seal,68,qB4nrYyh76g,1497,Seal_ID_015,1497,reference_images/Seal/qB4nrYyh76g.jpg,Animal,skipped,
Species_mp4/Seal/izuum9sHSUg.mp4,a seal laying on the beach next to the ocean,Seal,68,izuum9sHSUg,1498,Seal_ID_016,1498,reference_images/Seal/izuum9sHSUg.jpg,Animal,skipped,
Species_mp4/Seal/FjreEC5Kh5E.mp4,a seal laying on the grass near a body of water,Seal,68,FjreEC5Kh5E,1499,Seal_ID_017,1499,reference_images/Seal/FjreEC5Kh5E.jpg,Animal,skipped,
Species_mp4/Seal/BifXLjpB4kI.mp4,a seal laying on the beach with its head on the sand,Seal,68,BifXLjpB4kI,1500,Seal_ID_018,1500,reference_images/Seal/BifXLjpB4kI.jpg,Animal,skipped,
Species_mp4/Seal/KA-cPFVaTiM.mp4,a seal laying on a table with its mouth open,Seal,68,KA-cPFVaTiM,1501,Seal_ID_019,1501,reference_images/Seal/KA-cPFVaTiM.jpg,Animal,skipped,
Species_mp4/Seal/u8eB3JX_j54.mp4,a seal laying on the sand in the sand by the water,Seal,68,u8eB3JX_j54,1502,Seal_ID_020,1502,reference_images/Seal/u8eB3JX_j54.jpg,Animal,skipped,
Species_mp4/Seal/zZUBr0LTzGA.mp4,a seal laying on the ground in the grass with its head on the ground,Seal,68,zZUBr0LTzGA,1503,Seal_ID_021,1503,reference_images/Seal/zZUBr0LTzGA.jpg,Animal,skipped,
Species_mp4/Seal/0thoEkrzBcE.mp4,a seal is laying on the rocks by the water,Seal,68,0thoEkrzBcE,1504,Seal_ID_022,1504,reference_images/Seal/0thoEkrzBcE.jpg,Animal,skipped,
Species_mp4/Seal/0gYzVmSBYPk.mp4,a seal laying on the ground with its head in the sand,Seal,68,0gYzVmSBYPk,1505,Seal_ID_023,1505,reference_images/Seal/0gYzVmSBYPk.jpg,Animal,skipped,
Species_mp4/Seal/Kki2OwxtSRU.mp4,a sealfish laying on the ground with its head in the water,Seal,68,Kki2OwxtSRU,1505,Seal_ID_023,1505,reference_images/Seal/Kki2OwxtSRU.jpg,Animal,skipped,
Species_mp4/Seal/jtBvmvyTCtU.mp4,a seal swimming in a body of water next to rocks,Seal,68,jtBvmvyTCtU,1506,Seal_ID_024,1506,reference_images/Seal/jtBvmvyTCtU.jpg,Animal,skipped,
Species_mp4/Seal/EzQMIE0-BMw.mp4,a seal swimming in a pool of water next to rocks,Seal,68,EzQMIE0-BMw,1507,Seal_ID_025,1507,reference_images/Seal/EzQMIE0-BMw.jpg,Animal,skipped,
Species_mp4/Seal/qRaBBmx0LL8.mp4,a seal laying in the snow with its head out,Seal,68,qRaBBmx0LL8,1508,Seal_ID_026,1508,reference_images/Seal/qRaBBmx0LL8.jpg,Animal,skipped,
Species_mp4/Seal/kzCG9a9ZEG4.mp4,a seal laying on the beach next to a pier,Seal,68,kzCG9a9ZEG4,1509,Seal_ID_027,1509,reference_images/Seal/kzCG9a9ZEG4.jpg,Animal,skipped,
Species_mp4/Seal/wXoHSx0Dk3w.mp4,a seal laying on a sandy beach with mountains in the background,Seal,68,wXoHSx0Dk3w,1510,Seal_ID_028,1510,reference_images/Seal/wXoHSx0Dk3w.jpg,Animal,skipped,
Species_mp4/Seal/2r4odS6-aPk.mp4,a seal laying on the ground with its head on the ground,Seal,68,2r4odS6-aPk,1511,Seal_ID_029,1511,reference_images/Seal/2r4odS6-aPk.jpg,Animal,skipped,
Species_mp4/Seal/5a9WcdHVID8.mp4,a seal laying on the ground next to a rock wall,Seal,68,5a9WcdHVID8,1512,Seal_ID_030,1512,reference_images/Seal/5a9WcdHVID8.jpg,Animal,skipped,
Species_mp4/Seal/cpPeuj8SmO4.mp4,a seal is swimming in the water near a wall,Seal,68,cpPeuj8SmO4,1513,Seal_ID_031,1513,reference_images/Seal/cpPeuj8SmO4.jpg,Animal,skipped,
Species_mp4/Seal/_kDJxweDfIw.mp4,a seal sitting on a rock in the middle of the ocean,Seal,68,_kDJxweDfIw,1514,Seal_ID_032,1514,reference_images/Seal/_kDJxweDfIw.jpg,Animal,skipped,
Species_mp4/Seal/Yr26OatEnRw.mp4,a seal laying on the beach with a dead animal in the sand,Seal,68,Yr26OatEnRw,1515,Seal_ID_033,1515,reference_images/Seal/Yr26OatEnRw.jpg,Animal,skipped,
Species_mp4/Seal/Fbl_bOsd_Kw.mp4,a seal laying on the sand in the sand with its head on the ground,Seal,68,Fbl_bOsd_Kw,1516,Seal_ID_034,1516,reference_images/Seal/Fbl_bOsd_Kw.jpg,Animal,skipped,
Species_mp4/Seal/rwXFEovWiGQ.mp4,a seal laying on the sand with its head on its back,Seal,68,rwXFEovWiGQ,1516,Seal_ID_034,1516,reference_images/Seal/rwXFEovWiGQ.jpg,Animal,skipped,
Species_mp4/Seal/lz5T6QpqIUM.mp4,a seal swimming in the ocean with a fish in its mouth,Seal,68,lz5T6QpqIUM,1517,Seal_ID_035,1517,reference_images/Seal/lz5T6QpqIUM.jpg,Animal,skipped,
Species_mp4/Seal/QECWUEKsS04.mp4,a seal in a pool with a hose attached to it ' s nose,Seal,68,QECWUEKsS04,1518,Seal_ID_036,1518,reference_images/Seal/QECWUEKsS04.jpg,Animal,skipped,
Species_mp4/Seal/tqY07pjsSJ4_1.mp4,a seal is swimming in the water with its head above the water,Seal,68,tqY07pjsSJ4_1,1518,Seal_ID_036,1518,reference_images/Seal/tqY07pjsSJ4_1.jpg,Animal,skipped,
Species_mp4/Seal/Uh0Tl6pSj10.mp4,a seal laying on a rock in a glass enclosure,Seal,68,Uh0Tl6pSj10,1518,Seal_ID_036,1518,reference_images/Seal/Uh0Tl6pSj10.jpg,Animal,skipped,
Species_mp4/Seal/MUB4zyEKEPk.mp4,a seal laying on a rock in the water with its head on the ground,Seal,68,MUB4zyEKEPk,1519,Seal_ID_037,1519,reference_images/Seal/MUB4zyEKEPk.jpg,Animal,skipped,
Species_mp4/Seal/DLFcToSS9z0.mp4,a seal laying on a rock in the middle of the ocean,Seal,68,DLFcToSS9z0,1519,Seal_ID_037,1519,reference_images/Seal/DLFcToSS9z0.jpg,Animal,skipped,
Species_mp4/SeaLion/zCwLvT0tztA.mp4,a sea lion laying on a rock in a pool,SeaLion,67,zCwLvT0tztA,1481,SeaLion_ID_001,1481,reference_images/SeaLion/zCwLvT0tztA.jpg,Animal,skipped,
Species_mp4/Seal/G2ugz7nRhK0.mp4,a seal laying on the beach with its head on the sand,Seal,68,G2ugz7nRhK0,1520,Seal_ID_038,1520,reference_images/Seal/G2ugz7nRhK0.jpg,Animal,skipped,
Species_mp4/Seal/SKvx4V_AUXk.mp4,a seal laying on a rock looking at the camera,Seal,68,SKvx4V_AUXk,1521,Seal_ID_039,1521,reference_images/Seal/SKvx4V_AUXk.jpg,Animal,skipped,
Species_mp4/Seal/GJTafi2Vq8Y.mp4,a seal laying on a rock in a zoo enclosure,Seal,68,GJTafi2Vq8Y,1522,Seal_ID_040,1522,reference_images/Seal/GJTafi2Vq8Y.jpg,Animal,skipped,
Species_mp4/Seal/zC00TiqM_VA.mp4,a seal laying on a rock with a bottle of water in the background,Seal,68,zC00TiqM_VA,1523,Seal_ID_041,1523,reference_images/Seal/zC00TiqM_VA.jpg,Animal,skipped,
Species_mp4/Seal/AVL0fsP5Inc.mp4,a seal laying on a rock in the ocean near the shore,Seal,68,AVL0fsP5Inc,1524,Seal_ID_042,1524,reference_images/Seal/AVL0fsP5Inc.jpg,Animal,skipped,
Species_mp4/Seal/h8AOEiSgkd0.mp4,a seal swimming in a pool of water with a fish in it,Seal,68,h8AOEiSgkd0,1525,Seal_ID_043,1525,reference_images/Seal/h8AOEiSgkd0.jpg,Animal,skipped,
Species_mp4/Seal/WLMut8PZcV4.mp4,a seal laying on the beach with waves crashing in the background,Seal,68,WLMut8PZcV4,1526,Seal_ID_044,1526,reference_images/Seal/WLMut8PZcV4.jpg,Animal,skipped,
Species_mp4/Seal/J6m4xKRvlWw.mp4,a seal laying on top of a pile of ice in the ocean,Seal,68,J6m4xKRvlWw,1527,Seal_ID_045,1527,reference_images/Seal/J6m4xKRvlWw.jpg,Animal,skipped,
Species_mp4/Seal/n1GGo6D9Ysw.mp4,a seal sitting on the ice in the middle of the ocean,Seal,68,n1GGo6D9Ysw,1528,Seal_ID_046,1528,reference_images/Seal/n1GGo6D9Ysw.jpg,Animal,skipped,
Species_mp4/Seal/vYEQbHYYHmo.mp4,a seal laying on the beach with a dog in the sand,Seal,68,vYEQbHYYHmo,1529,Seal_ID_047,1529,reference_images/Seal/vYEQbHYYHmo.jpg,Animal,skipped,
Species_mp4/Jaguar/urwo8QcCMgA.mp4,a jaguar walking across a river next to a grass covered bank,Jaguar,37,urwo8QcCMgA,1083,Jaguar_ID_000,1083,reference_images/Jaguar/urwo8QcCMgA.jpg,Animal,skipped,
Species_mp4/Jaguar/ycWOvqwriyM.mp4,a jaguar walking in the water with a soccer ball in its mouth,Jaguar,37,ycWOvqwriyM,1083,Jaguar_ID_000,1083,reference_images/Jaguar/ycWOvqwriyM.jpg,Animal,skipped,
Species_mp4/Jaguar/wWeOg3z47Ps.mp4,a jaguar in a zoo enclosure drinking water from a pond,Jaguar,37,wWeOg3z47Ps,1084,Jaguar_ID_001,1084,reference_images/Jaguar/wWeOg3z47Ps.jpg,Animal,skipped,
Species_mp4/Jaguar/RmEz0Mhks6Y.mp4,a jaguar laying down in the grass with its eyes closed,Jaguar,37,RmEz0Mhks6Y,1084,Jaguar_ID_001,1084,reference_images/Jaguar/RmEz0Mhks6Y.jpg,Animal,skipped,
Species_mp4/Jaguar/hnFYSF670q8.mp4,a jaguar laying on a log in a zoo enclosure,Jaguar,37,hnFYSF670q8,1084,Jaguar_ID_001,1084,reference_images/Jaguar/hnFYSF670q8.jpg,Animal,skipped,
Species_mp4/Jaguar/MXa3ZFqPPtE.mp4,a jaguar laying down in the shade of a tree in the jungle,Jaguar,37,MXa3ZFqPPtE,1084,Jaguar_ID_001,1084,reference_images/Jaguar/MXa3ZFqPPtE.jpg,Animal,skipped,
Species_mp4/Jaguar/GUOYKmsR0IA_1.mp4,a jaguar laying under a tree in the shade of a tree,Jaguar,37,GUOYKmsR0IA_1,1084,Jaguar_ID_001,1084,reference_images/Jaguar/GUOYKmsR0IA_1.jpg,Animal,skipped,
Species_mp4/Jaguar/TDQpKPKTpUs.mp4,a jaguar drinking water from a river in the jungle,Jaguar,37,TDQpKPKTpUs,1084,Jaguar_ID_001,1084,reference_images/Jaguar/TDQpKPKTpUs.jpg,Animal,skipped,
Species_mp4/Jaguar/jWTVTyVCRxI.mp4,a jaguar is climbing a tree in the jungle and is sleeping,Jaguar,37,jWTVTyVCRxI,1084,Jaguar_ID_001,1084,reference_images/Jaguar/jWTVTyVCRxI.jpg,Animal,skipped,
Species_mp4/Jaguar/sThFNb0pR14.mp4,a jaguar drinking water from a pond in the jungle,Jaguar,37,sThFNb0pR14,1084,Jaguar_ID_001,1084,reference_images/Jaguar/sThFNb0pR14.jpg,Animal,skipped,
Species_mp4/Jaguar/6LwObwmidHY.mp4,a jaguar walking on a rock ledge in a zoo enclosure,Jaguar,37,6LwObwmidHY,1085,Jaguar_ID_002,1085,reference_images/Jaguar/6LwObwmidHY.jpg,Animal,skipped,
Species_mp4/Jaguar/BRiG6M-LBB4.mp4,a jaguar in the water with a duck in the background,Jaguar,37,BRiG6M-LBB4,1086,Jaguar_ID_003,1086,reference_images/Jaguar/BRiG6M-LBB4.jpg,Animal,skipped,
Species_mp4/Jaguar/dQIXI37bi9w.mp4,a jaguar drinking water from a river with rocks in the background,Jaguar,37,dQIXI37bi9w,1087,Jaguar_ID_004,1087,reference_images/Jaguar/dQIXI37bi9w.jpg,Animal,skipped,
Species_mp4/Jaguar/-Dea4DcF_Bw_2.mp4,a jaguar cub sleeping on a blanket in a zoo enclosure,Jaguar,37,-Dea4DcF_Bw_2,1088,Jaguar_ID_005,1088,reference_images/Jaguar/-Dea4DcF_Bw_2.jpg,Animal,skipped,
Species_mp4/Jaguar/-Dea4DcF_Bw_1.mp4,a jaguar cub sleeping on a blanket in a glass enclosure,Jaguar,37,-Dea4DcF_Bw_1,1088,Jaguar_ID_005,1088,reference_images/Jaguar/-Dea4DcF_Bw_1.jpg,Animal,skipped,
Species_mp4/Jaguar/yBgxEo85-hU.mp4,a jaguar standing in a zoo enclosure with a tree stump,Jaguar,37,yBgxEo85-hU,1089,Jaguar_ID_006,1089,reference_images/Jaguar/yBgxEo85-hU.jpg,Animal,skipped,
Species_mp4/Jaguar/7U_TZaA0UE4.mp4,a jaguar drinking water from a pond with a deer in the background,Jaguar,37,7U_TZaA0UE4,1090,Jaguar_ID_007,1090,reference_images/Jaguar/7U_TZaA0UE4.jpg,Animal,skipped,
Species_mp4/Jaguar/ZEz4w_i2vjM.mp4,a jaguar in a zoo enclosure drinking water from a stream,Jaguar,37,ZEz4w_i2vjM,1091,Jaguar_ID_008,1091,reference_images/Jaguar/ZEz4w_i2vjM.jpg,Animal,skipped,
Species_mp4/Jaguar/DjpsYUpEIDE.mp4,a jaguar drinking water from a puddle in the middle of a field,Jaguar,37,DjpsYUpEIDE,1092,Jaguar_ID_009,1092,reference_images/Jaguar/DjpsYUpEIDE.jpg,Animal,skipped,
Species_mp4/Jaguar/quDp5QsEs1w.mp4,a jaguar sitting on a ledge in a zoo enclosure,Jaguar,37,quDp5QsEs1w,1093,Jaguar_ID_010,1093,reference_images/Jaguar/quDp5QsEs1w.jpg,Animal,skipped,
Species_mp4/Jaguar/sV4gFgKkuos.mp4,a jaguar sitting on a dirt road in the middle of a field,Jaguar,37,sV4gFgKkuos,1094,Jaguar_ID_011,1094,reference_images/Jaguar/sV4gFgKkuos.jpg,Animal,skipped,
Species_mp4/Jaguar/xsfimZm3Cxk.mp4,a jaguar sitting on a rock in a grassy area next to a tree,Jaguar,37,xsfimZm3Cxk,1095,Jaguar_ID_012,1095,reference_images/Jaguar/xsfimZm3Cxk.jpg,Animal,skipped,
Species_mp4/Jaguar/EAlXZAStSqk.mp4,a jaguar in the dark with a glowing eye in the woods,Jaguar,37,EAlXZAStSqk,1096,Jaguar_ID_013,1096,reference_images/Jaguar/EAlXZAStSqk.jpg,Animal,skipped,
Species_mp4/Jaguar/vcw-vQVyZsM.mp4,a jaguar drinking water from a river at night,Jaguar,37,vcw-vQVyZsM,1097,Jaguar_ID_014,1097,reference_images/Jaguar/vcw-vQVyZsM.jpg,Animal,skipped,
Species_mp4/RedPanda/d_kUyIeG9es.mp4,a red panda sitting in the sun with its head turned,RedPanda,65,d_kUyIeG9es,1452,RedPanda_ID_000,1452,reference_images/RedPanda/d_kUyIeG9es.jpg,Animal,skipped,
Species_mp4/RedPanda/6EXkVlrUGXI.mp4,a red panda walking around in the grass next to a fence,RedPanda,65,6EXkVlrUGXI,1452,RedPanda_ID_000,1452,reference_images/RedPanda/6EXkVlrUGXI.jpg,Animal,skipped,
Species_mp4/RedPanda/QCLEiiHbILk.mp4,a red panda sitting on top of a wooden post,RedPanda,65,QCLEiiHbILk,1452,RedPanda_ID_000,1452,reference_images/RedPanda/QCLEiiHbILk.jpg,Animal,skipped,
Species_mp4/RedPanda/UQei6GkgT6w.mp4,a red panda sitting in a tree with its head out,RedPanda,65,UQei6GkgT6w,1452,RedPanda_ID_000,1452,reference_images/RedPanda/UQei6GkgT6w.jpg,Animal,skipped,
Species_mp4/RedPanda/wdeZxE-UV9g_4.mp4,a red panda sitting on the ground next to a rock,RedPanda,65,wdeZxE-UV9g_4,1452,RedPanda_ID_000,1452,reference_images/RedPanda/wdeZxE-UV9g_4.jpg,Animal,skipped,
Species_mp4/RedPanda/41KU8L0kO1A.mp4,a red panda eating a piece of food in its paws,RedPanda,65,41KU8L0kO1A,1452,RedPanda_ID_000,1452,reference_images/RedPanda/41KU8L0kO1A.jpg,Animal,skipped,
Species_mp4/RedPanda/H1M92SjH1_0_1.mp4,a red panda sitting on a tree branch in a forest,RedPanda,65,H1M92SjH1_0_1,1452,RedPanda_ID_000,1452,reference_images/RedPanda/H1M92SjH1_0_1.jpg,Animal,skipped,
Species_mp4/RedPanda/UDd3IuDB9g4.mp4,a red panda resting on a table with its head on the table,RedPanda,65,UDd3IuDB9g4,1452,RedPanda_ID_000,1452,reference_images/RedPanda/UDd3IuDB9g4.jpg,Animal,skipped,
Species_mp4/RedPanda/4eG8tLd3NoY.mp4,a red panda in a cage hanging from a tree,RedPanda,65,4eG8tLd3NoY,1452,RedPanda_ID_000,1452,reference_images/RedPanda/4eG8tLd3NoY.jpg,Animal,skipped,
Species_mp4/RedPanda/5WwuPZlFGsk.mp4,a red panda laying on a wooden platform next to a tree,RedPanda,65,5WwuPZlFGsk,1452,RedPanda_ID_000,1452,reference_images/RedPanda/5WwuPZlFGsk.jpg,Animal,skipped,
Species_mp4/RedPanda/7591ZbXI3Dg.mp4,a red panda sitting in the dirt near a tree and some leaves,RedPanda,65,7591ZbXI3Dg,1452,RedPanda_ID_000,1452,reference_images/RedPanda/7591ZbXI3Dg.jpg,Animal,skipped,
Species_mp4/RedPanda/Rd44TkQ26mQ_1.mp4,a red panda sleeping on a wooden platform in a zoo,RedPanda,65,Rd44TkQ26mQ_1,1452,RedPanda_ID_000,1452,reference_images/RedPanda/Rd44TkQ26mQ_1.jpg,Animal,skipped,
Species_mp4/RedPanda/HwXYjgw99lg.mp4,a red panda drinking water from a metal bowl in the woods,RedPanda,65,HwXYjgw99lg,1452,RedPanda_ID_000,1452,reference_images/RedPanda/HwXYjgw99lg.jpg,Animal,skipped,
Species_mp4/RedPanda/R7UM24r7Z10.mp4,a red panda laying on a log in a zoo enclosure,RedPanda,65,R7UM24r7Z10,1452,RedPanda_ID_000,1452,reference_images/RedPanda/R7UM24r7Z10.jpg,Animal,skipped,
Species_mp4/RedPanda/9sGZKCIwe_o.mp4,a red panda sleeping in a wooden enclosure with a wooden fence,RedPanda,65,9sGZKCIwe_o,1452,RedPanda_ID_000,1452,reference_images/RedPanda/9sGZKCIwe_o.jpg,Animal,skipped,
Species_mp4/RedPanda/hIu23OOY644.mp4,a red panda is eating grass in a field of rocks,RedPanda,65,hIu23OOY644,1452,RedPanda_ID_000,1452,reference_images/RedPanda/hIu23OOY644.jpg,Animal,skipped,
Species_mp4/RedPanda/V0tSJvyVQcs.mp4,a red panda laying down with a stuffed animal in its mouth,RedPanda,65,V0tSJvyVQcs,1452,RedPanda_ID_000,1452,reference_images/RedPanda/V0tSJvyVQcs.jpg,Animal,skipped,
Species_mp4/RedPanda/iqIZkaw21_w.mp4,a red panda bear laying on the ground next to a white egg,RedPanda,65,iqIZkaw21_w,1452,RedPanda_ID_000,1452,reference_images/RedPanda/iqIZkaw21_w.jpg,Animal,skipped,
Species_mp4/RedPanda/g9d3LKxFjjk.mp4,a red panda sleeping on a roof with its eyes closed,RedPanda,65,g9d3LKxFjjk,1452,RedPanda_ID_000,1452,reference_images/RedPanda/g9d3LKxFjjk.jpg,Animal,skipped,
Species_mp4/RedPanda/eSXPmTPRegg.mp4,a red panda sitting on a tree branch with its eyes closed,RedPanda,65,eSXPmTPRegg,1452,RedPanda_ID_000,1452,reference_images/RedPanda/eSXPmTPRegg.jpg,Animal,skipped,
Species_mp4/RedPanda/j2XSAMgdnXQ.mp4,a red panda laying in the grass with its head on its paws,RedPanda,65,j2XSAMgdnXQ,1452,RedPanda_ID_000,1452,reference_images/RedPanda/j2XSAMgdnXQ.jpg,Animal,skipped,
Species_mp4/RedPanda/-7xPX2KRBrU.mp4,a red panda is eating grass in a zoo enclosure,RedPanda,65,-7xPX2KRBrU,1452,RedPanda_ID_000,1452,reference_images/RedPanda/-7xPX2KRBrU.jpg,Animal,skipped,
Species_mp4/RedPanda/xVehx0MYzJ0.mp4,a red panda sleeping in a tree,RedPanda,65,xVehx0MYzJ0,1452,RedPanda_ID_000,1452,reference_images/RedPanda/xVehx0MYzJ0.jpg,Animal,skipped,
Species_mp4/RedPanda/AXd_mzHi8aY.mp4,a red panda bear laying down with its head on a persons hand,RedPanda,65,AXd_mzHi8aY,1452,RedPanda_ID_000,1452,reference_images/RedPanda/AXd_mzHi8aY.jpg,Animal,skipped,
Species_mp4/RedPanda/MWe4FP9IgaA.mp4,a red panda bear eating leaves from a tree in a zoo,RedPanda,65,MWe4FP9IgaA,1452,RedPanda_ID_000,1452,reference_images/RedPanda/MWe4FP9IgaA.jpg,Animal,skipped,
Species_mp4/RedPanda/KLGqoOcgF8E.mp4,a red panda sleeping on a tree branch in a zoo,RedPanda,65,KLGqoOcgF8E,1452,RedPanda_ID_000,1452,reference_images/RedPanda/KLGqoOcgF8E.jpg,Animal,skipped,
Species_mp4/RedPanda/Md9Qeva48o8.mp4,a red panda sitting on a tree branch eating a plant,RedPanda,65,Md9Qeva48o8,1452,RedPanda_ID_000,1452,reference_images/RedPanda/Md9Qeva48o8.jpg,Animal,skipped,
Species_mp4/RedPanda/RmCWHgdZz10_1.mp4,a red panda sleeping on a tree branch in a zoo enclosure,RedPanda,65,RmCWHgdZz10_1,1452,RedPanda_ID_000,1452,reference_images/RedPanda/RmCWHgdZz10_1.jpg,Animal,skipped,
Species_mp4/RedPanda/vuGpiVMRQt0.mp4,a red panda sleeping in a box in a tree,RedPanda,65,vuGpiVMRQt0,1452,RedPanda_ID_000,1452,reference_images/RedPanda/vuGpiVMRQt0.jpg,Animal,skipped,
Species_mp4/RedPanda/6vr6UpHXu3k.mp4,a red panda sleeping on a log in a zoo enclosure,RedPanda,65,6vr6UpHXu3k,1452,RedPanda_ID_000,1452,reference_images/RedPanda/6vr6UpHXu3k.jpg,Animal,skipped,
Species_mp4/RedPanda/CEu_AzfGofQ.mp4,a red panda eating bamboo in a tree in a forest,RedPanda,65,CEu_AzfGofQ,1452,RedPanda_ID_000,1452,reference_images/RedPanda/CEu_AzfGofQ.jpg,Animal,skipped,
Species_mp4/RedPanda/lpSqh_tHoTI.mp4,a red panda bear with white fur and a black nose,RedPanda,65,lpSqh_tHoTI,1452,RedPanda_ID_000,1452,reference_images/RedPanda/lpSqh_tHoTI.jpg,Animal,skipped,
Species_mp4/RedPanda/RmCWHgdZz10_2.mp4,a red panda sitting on a tree branch in a zoo enclosure,RedPanda,65,RmCWHgdZz10_2,1452,RedPanda_ID_000,1452,reference_images/RedPanda/RmCWHgdZz10_2.jpg,Animal,skipped,
Species_mp4/RedPanda/Hb9NQwPDbbg.mp4,a red panda climbing over a log in a forest,RedPanda,65,Hb9NQwPDbbg,1452,RedPanda_ID_000,1452,reference_images/RedPanda/Hb9NQwPDbbg.jpg,Animal,skipped,
Species_mp4/RedPanda/Rd44TkQ26mQ_2.mp4,a red panda sitting on a tree branch in a zoo,RedPanda,65,Rd44TkQ26mQ_2,1452,RedPanda_ID_000,1452,reference_images/RedPanda/Rd44TkQ26mQ_2.jpg,Animal,skipped,
Species_mp4/RedPanda/CdoqRQ4rhjM.mp4,a red panda laying down on a blanket with its head on the ground,RedPanda,65,CdoqRQ4rhjM,1452,RedPanda_ID_000,1452,reference_images/RedPanda/CdoqRQ4rhjM.jpg,Animal,skipped,
Species_mp4/RedPanda/8QA7JpuMizw.mp4,a red panda sleeping on the ground next to a plant,RedPanda,65,8QA7JpuMizw,1452,RedPanda_ID_000,1452,reference_images/RedPanda/8QA7JpuMizw.jpg,Animal,skipped,
Species_mp4/RedPanda/moD-R6ljsRw.mp4,a red panda laying on the ground in the grass,RedPanda,65,moD-R6ljsRw,1453,RedPanda_ID_001,1453,reference_images/RedPanda/moD-R6ljsRw.jpg,Animal,skipped,
Species_mp4/RedPanda/ktLwAnb0aQI.mp4,a red panda eating grass in a grassy area with leaves,RedPanda,65,ktLwAnb0aQI,1453,RedPanda_ID_001,1453,reference_images/RedPanda/ktLwAnb0aQI.jpg,Animal,skipped,
Species_mp4/RedPanda/PMX5IG_V-8U.mp4,a red panda sitting on a tree branch in the forest,RedPanda,65,PMX5IG_V-8U,1454,RedPanda_ID_002,1454,reference_images/RedPanda/PMX5IG_V-8U.jpg,Animal,skipped,
Species_mp4/RedPanda/rRbMyK4cevQ.mp4,a red panda sleeping in a tree with its head on a branch,RedPanda,65,rRbMyK4cevQ,1454,RedPanda_ID_002,1454,reference_images/RedPanda/rRbMyK4cevQ.jpg,Animal,skipped,
Species_mp4/RedPanda/n5RhedaYAsI_1.mp4,a red panda sitting in a tree in the snow,RedPanda,65,n5RhedaYAsI_1,1454,RedPanda_ID_002,1454,reference_images/RedPanda/n5RhedaYAsI_1.jpg,Animal,skipped,
Species_mp4/RedPanda/SYOXpA_FrYc.mp4,a red panda walking across a lush green forest next to a river,RedPanda,65,SYOXpA_FrYc,1455,RedPanda_ID_003,1455,reference_images/RedPanda/SYOXpA_FrYc.jpg,Animal,skipped,
Species_mp4/Fox/DpdOTifXpMA_3.mp4,a fox is eating a piece of food from a person ' s hand,Fox,23,DpdOTifXpMA_3,741,Fox_ID_000,741,reference_images/Fox/DpdOTifXpMA_3.jpg,Animal,skipped,
Species_mp4/Fox/ttq9KD1YxlI.mp4,a fox walking next to a bowl of food on a floor,Fox,23,ttq9KD1YxlI,742,Fox_ID_001,742,reference_images/Fox/ttq9KD1YxlI.jpg,Animal,skipped,
Species_mp4/Fox/_hWzW-4pA3c.mp4,a fox standing on a gravel ground next to a bowl of food,Fox,23,_hWzW-4pA3c,742,Fox_ID_001,742,reference_images/Fox/_hWzW-4pA3c.jpg,Animal,skipped,
Species_mp4/Fox/xEbqbnl6HAM_1.mp4,a fox laying in the grass behind a fence looking at the camera,Fox,23,xEbqbnl6HAM_1,742,Fox_ID_001,742,reference_images/Fox/xEbqbnl6HAM_1.jpg,Animal,skipped,
Species_mp4/Fox/wfBnZSv76Gs.mp4,a fox walking through the grass and dirt in a field,Fox,23,wfBnZSv76Gs,742,Fox_ID_001,742,reference_images/Fox/wfBnZSv76Gs.jpg,Animal,skipped,
Species_mp4/Fox/7nsEYlIl4cA.mp4,a fox standing next to a bowl of food on a floor,Fox,23,7nsEYlIl4cA,742,Fox_ID_001,742,reference_images/Fox/7nsEYlIl4cA.jpg,Animal,skipped,
Species_mp4/Fox/35L-Zl_CVss.mp4,a fox laying down in a wooden box with its head resting on the side,Fox,23,35L-Zl_CVss,743,Fox_ID_002,743,reference_images/Fox/35L-Zl_CVss.jpg,Animal,skipped,
Species_mp4/Fox/cfJpl0WLrcA.mp4,a fox curled up sleeping in a pile of hay,Fox,23,cfJpl0WLrcA,743,Fox_ID_002,743,reference_images/Fox/cfJpl0WLrcA.jpg,Animal,skipped,
Species_mp4/Fox/X6RWqwhn-Mc.mp4,a fox is standing on a black surface with a black background,Fox,23,X6RWqwhn-Mc,743,Fox_ID_002,743,reference_images/Fox/X6RWqwhn-Mc.jpg,Animal,skipped,
Species_mp4/Fox/679aiVRb2Kk.mp4,a fox curled up sleeping on the ground,Fox,23,679aiVRb2Kk,743,Fox_ID_002,743,reference_images/Fox/679aiVRb2Kk.jpg,Animal,skipped,
Species_mp4/Fox/A3zmyKK2sDQ.mp4,a foxy puppy standing on a rug,Fox,23,A3zmyKK2sDQ,743,Fox_ID_002,743,reference_images/Fox/A3zmyKK2sDQ.jpg,Animal,skipped,
Species_mp4/Fox/FcXlFsRh3QQ.mp4,a fox sleeping on a rock in a cave with its eyes closed,Fox,23,FcXlFsRh3QQ,743,Fox_ID_002,743,reference_images/Fox/FcXlFsRh3QQ.jpg,Animal,skipped,
Species_mp4/Fox/6HEWbE68FUo.mp4,a fox laying in the grass next to a birdbath,Fox,23,6HEWbE68FUo,744,Fox_ID_003,744,reference_images/Fox/6HEWbE68FUo.jpg,Animal,skipped,
Species_mp4/Fox/uw7i-LdID98_2.mp4,a fox laying on the ground next to a wooden pole,Fox,23,uw7i-LdID98_2,745,Fox_ID_004,745,reference_images/Fox/uw7i-LdID98_2.jpg,Animal,skipped,
Species_mp4/Fox/uw7i-LdID98_1.mp4,a fox laying on the ground next to a wooden post,Fox,23,uw7i-LdID98_1,745,Fox_ID_004,745,reference_images/Fox/uw7i-LdID98_1.jpg,Animal,skipped,
Species_mp4/Fox/xKI_Bt0GHL4_1.mp4,a fox curled up sleeping in the grass on a sunny day,Fox,23,xKI_Bt0GHL4_1,746,Fox_ID_005,746,reference_images/Fox/xKI_Bt0GHL4_1.jpg,Animal,skipped,
Species_mp4/Fox/xKI_Bt0GHL4_2.mp4,a fox curled up in the grass with its eyes closed,Fox,23,xKI_Bt0GHL4_2,746,Fox_ID_005,746,reference_images/Fox/xKI_Bt0GHL4_2.jpg,Animal,skipped,
Species_mp4/Fox/BXON-1RCHWA.mp4,a fox is standing in the grass near a tree,Fox,23,BXON-1RCHWA,747,Fox_ID_006,747,reference_images/Fox/BXON-1RCHWA.jpg,Animal,skipped,
Species_mp4/Fox/YoF6uhYv60c.mp4,a fox and a dead bird in a field of grass,Fox,23,YoF6uhYv60c,748,Fox_ID_007,748,reference_images/Fox/YoF6uhYv60c.jpg,Animal,skipped,
Species_mp4/Fox/qf39fie-n6k.mp4,a fox eating food in a field with trees in the background,Fox,23,qf39fie-n6k,748,Fox_ID_007,748,reference_images/Fox/qf39fie-n6k.jpg,Animal,skipped,
Species_mp4/Fox/n5KxXOJtoxc_2.mp4,a fox and a badger are eating a dead animal in the woods,Fox,23,n5KxXOJtoxc_2,748,Fox_ID_007,748,reference_images/Fox/n5KxXOJtoxc_2.jpg,Animal,skipped,
Species_mp4/Fox/DaJ6mdIFNG0.mp4,a fox is eating grass in a field with a bird in it ' s mouth,Fox,23,DaJ6mdIFNG0,749,Fox_ID_008,749,reference_images/Fox/DaJ6mdIFNG0.jpg,Animal,skipped,
Species_mp4/Fox/O2NHxHJrJbQ_2.mp4,a fox standing on a grass covered bank next to a forest,Fox,23,O2NHxHJrJbQ_2,750,Fox_ID_009,750,reference_images/Fox/O2NHxHJrJbQ_2.jpg,Animal,skipped,
Species_mp4/Fox/O2NHxHJrJbQ_1.mp4,a fox cub standing in the grass next to a river,Fox,23,O2NHxHJrJbQ_1,750,Fox_ID_009,750,reference_images/Fox/O2NHxHJrJbQ_1.jpg,Animal,skipped,
Species_mp4/Fox/x280o083tzk.mp4,a fox standing on a table in front of a house at night,Fox,23,x280o083tzk,751,Fox_ID_010,751,reference_images/Fox/x280o083tzk.jpg,Animal,skipped,
Species_mp4/Fox/_yVCx2Qz4zE.mp4,a fox laying in a field of tall grass with a bird nearby,Fox,23,_yVCx2Qz4zE,752,Fox_ID_011,752,reference_images/Fox/_yVCx2Qz4zE.jpg,Animal,skipped,
Species_mp4/Fox/VlhLEhJEWpE.mp4,a fox laying on its back in the grass with its head on its back,Fox,23,VlhLEhJEWpE,753,Fox_ID_012,753,reference_images/Fox/VlhLEhJEWpE.jpg,Animal,skipped,
Species_mp4/Fox/n5KxXOJtoxc_1.mp4,a fox in a field of grass with a bird in its mouth,Fox,23,n5KxXOJtoxc_1,754,Fox_ID_013,754,reference_images/Fox/n5KxXOJtoxc_1.jpg,Animal,skipped,
Species_mp4/Fox/OnLIJ233dsw.mp4,a fox eating out of a bowl on a patio next to a building,Fox,23,OnLIJ233dsw,754,Fox_ID_013,754,reference_images/Fox/OnLIJ233dsw.jpg,Animal,skipped,
Species_mp4/Fox/cC1nzVwI-FY.mp4,a fox standing in the sand near bushes and bushes,Fox,23,cC1nzVwI-FY,754,Fox_ID_013,754,reference_images/Fox/cC1nzVwI-FY.jpg,Animal,skipped,
Species_mp4/Fox/713ViMY8Wwc_1.mp4,a fox curled up on a roof in front of a tree,Fox,23,713ViMY8Wwc_1,755,Fox_ID_014,755,reference_images/Fox/713ViMY8Wwc_1.jpg,Animal,skipped,
Species_mp4/Fox/WfiRzjOPbJQ.mp4,a fox laying on the sidewalk next to a potted plant,Fox,23,WfiRzjOPbJQ,756,Fox_ID_015,756,reference_images/Fox/WfiRzjOPbJQ.jpg,Animal,skipped,
Species_mp4/Fox/v5RtJm3GvCs.mp4,a fox is standing in the woods at night,Fox,23,v5RtJm3GvCs,757,Fox_ID_016,757,reference_images/Fox/v5RtJm3GvCs.jpg,Animal,skipped,
Species_mp4/Fox/y7JaXjOmZt0.mp4,a fox is walking through the woods at night,Fox,23,y7JaXjOmZt0,757,Fox_ID_016,757,reference_images/Fox/y7JaXjOmZt0.jpg,Animal,skipped,
Species_mp4/Fox/NkZYTi8whPE.mp4,a fox is walking through the tall grass in the field,Fox,23,NkZYTi8whPE,758,Fox_ID_017,758,reference_images/Fox/NkZYTi8whPE.jpg,Animal,skipped,
Species_mp4/Fox/4u6-0nDjOjk.mp4,a fox is standing in the woods at night,Fox,23,4u6-0nDjOjk,759,Fox_ID_018,759,reference_images/Fox/4u6-0nDjOjk.jpg,Animal,skipped,
Species_mp4/Fox/E6eMAVqYGGs.mp4,a fox is sleeping in the snow outside in the snow,Fox,23,E6eMAVqYGGs,760,Fox_ID_019,760,reference_images/Fox/E6eMAVqYGGs.jpg,Animal,skipped,
Species_mp4/Fox/b4BqVcUmXYg.mp4,a fox in the snow near a rock wall and trees,Fox,23,b4BqVcUmXYg,761,Fox_ID_020,761,reference_images/Fox/b4BqVcUmXYg.jpg,Animal,skipped,
Species_mp4/Fox/srFqVYSvRkY_3.mp4,a fox standing in the snow next to a tree,Fox,23,srFqVYSvRkY_3,762,Fox_ID_021,762,reference_images/Fox/srFqVYSvRkY_3.jpg,Animal,skipped,
Species_mp4/Fox/srFqVYSvRkY_4.mp4,a fox is eating a dead animal in the snow,Fox,23,srFqVYSvRkY_4,762,Fox_ID_021,762,reference_images/Fox/srFqVYSvRkY_4.jpg,Animal,skipped,
Species_mp4/Fox/tWN74tAW7v8.mp4,a fox in the woods looking for food in the trees,Fox,23,tWN74tAW7v8,763,Fox_ID_022,763,reference_images/Fox/tWN74tAW7v8.jpg,Animal,skipped,
Species_mp4/Fox/CPARR6KKKwI_2.mp4,a fox sitting in the snow in a field of tall grass,Fox,23,CPARR6KKKwI_2,764,Fox_ID_023,764,reference_images/Fox/CPARR6KKKwI_2.jpg,Animal,skipped,
Species_mp4/Fox/CPARR6KKKwI_1.mp4,a fox in a field of snow with a blurry background,Fox,23,CPARR6KKKwI_1,764,Fox_ID_023,764,reference_images/Fox/CPARR6KKKwI_1.jpg,Animal,skipped,
Species_mp4/Fox/xAANWbFFTaM.mp4,a fox is running through a field with a frisbee in its mouth,Fox,23,xAANWbFFTaM,765,Fox_ID_024,765,reference_images/Fox/xAANWbFFTaM.jpg,Animal,skipped,
Species_mp4/Fox/mGilmvoCIZ0.mp4,a fox terrier and his dog are on the green carpet,Fox,23,mGilmvoCIZ0,766,Fox_ID_025,766,reference_images/Fox/mGilmvoCIZ0.jpg,Animal,skipped,
Species_mp4/Fox/-4xQ8WcXOl0.mp4,a fox sitting in the snow with its mouth open,Fox,23,-4xQ8WcXOl0,767,Fox_ID_026,767,reference_images/Fox/-4xQ8WcXOl0.jpg,Animal,skipped,
Species_mp4/Fox/ceyCfIuH0yQ_2.mp4,a fox laying on the ground in the woods with its eyes closed,Fox,23,ceyCfIuH0yQ_2,768,Fox_ID_027,768,reference_images/Fox/ceyCfIuH0yQ_2.jpg,Animal,skipped,
Species_mp4/Fox/ceyCfIuH0yQ_1.mp4,a fox is hiding behind a bushy bushy bushy bushy bushy bushy bushy bushy bushy bushy bushy bushy bushy bushy bushy bushy bushy bushy,Fox,23,ceyCfIuH0yQ_1,768,Fox_ID_027,768,reference_images/Fox/ceyCfIuH0yQ_1.jpg,Animal,skipped,
Species_mp4/Fox/lkSBXCFiNaw.mp4,a fox is walking through the woods at night,Fox,23,lkSBXCFiNaw,769,Fox_ID_028,769,reference_images/Fox/lkSBXCFiNaw.jpg,Animal,skipped,
Species_mp4/Fox/YN5CYjCkLRs_1.mp4,a fox is playing with a ball in the grass,Fox,23,YN5CYjCkLRs_1,770,Fox_ID_029,770,reference_images/Fox/YN5CYjCkLRs_1.jpg,Animal,skipped,
Species_mp4/Fox/nm4GRcTFLfs_1.mp4,a fox is playing with a cat in a messy room,Fox,23,nm4GRcTFLfs_1,771,Fox_ID_030,771,reference_images/Fox/nm4GRcTFLfs_1.jpg,Animal,skipped,
Species_mp4/Fox/713ViMY8Wwc_2.mp4,a fox sleeping on a snow covered table in a fenced in area,Fox,23,713ViMY8Wwc_2,772,Fox_ID_031,772,reference_images/Fox/713ViMY8Wwc_2.jpg,Animal,skipped,
Species_mp4/Fox/ujJ_uUmLIYc_1.mp4,a fox is walking on the concrete steps outside of a building,Fox,23,ujJ_uUmLIYc_1,773,Fox_ID_032,773,reference_images/Fox/ujJ_uUmLIYc_1.jpg,Animal,skipped,
Species_mp4/Fox/kTe_Yjn4H2k.mp4,a fox is walking through a narrow alley way with a stone wall,Fox,23,kTe_Yjn4H2k,774,Fox_ID_033,774,reference_images/Fox/kTe_Yjn4H2k.jpg,Animal,skipped,
Species_mp4/Fox/spciq6GLe34.mp4,a fox is walking in the grass at night in the dark,Fox,23,spciq6GLe34,775,Fox_ID_034,775,reference_images/Fox/spciq6GLe34.jpg,Animal,skipped,
Species_mp4/Fox/T_N02tYrP_c.mp4,a fox sitting on the ground in a wooded area,Fox,23,T_N02tYrP_c,776,Fox_ID_035,776,reference_images/Fox/T_N02tYrP_c.jpg,Animal,skipped,
Species_mp4/Fox/gUpsIQ1x9jg.mp4,a fox drinking water from a black tank in the woods,Fox,23,gUpsIQ1x9jg,777,Fox_ID_036,777,reference_images/Fox/gUpsIQ1x9jg.jpg,Animal,skipped,
Species_mp4/Fox/ma_2SKx7ryc.mp4,a fox is standing in the snow with a bucket in its mouth,Fox,23,ma_2SKx7ryc,778,Fox_ID_037,778,reference_images/Fox/ma_2SKx7ryc.jpg,Animal,skipped,
Species_mp4/Fox/Zf_cT9Vpsg0.mp4,a fox is standing in the snow with a blue hat,Fox,23,Zf_cT9Vpsg0,779,Fox_ID_038,779,reference_images/Fox/Zf_cT9Vpsg0.jpg,Animal,skipped,
Species_mp4/Fox/RcfJmUCvzjA.mp4,a fox is walking through the woods at night,Fox,23,RcfJmUCvzjA,780,Fox_ID_039,780,reference_images/Fox/RcfJmUCvzjA.jpg,Animal,skipped,
Species_mp4/Fox/2zxqF5i8Zao_2.mp4,a fox is walking through the grass at night in the dark,Fox,23,2zxqF5i8Zao_2,780,Fox_ID_039,780,reference_images/Fox/2zxqF5i8Zao_2.jpg,Animal,skipped,
Species_mp4/Fox/zLbloYRjD8w.mp4,a fox is standing in the dark with its paw on a light,Fox,23,zLbloYRjD8w,781,Fox_ID_040,781,reference_images/Fox/zLbloYRjD8w.jpg,Animal,skipped,
Species_mp4/Fox/FmXyfQT4jw0.mp4,a fox in a field of grass and trees in the background,Fox,23,FmXyfQT4jw0,782,Fox_ID_041,782,reference_images/Fox/FmXyfQT4jw0.jpg,Animal,skipped,
Species_mp4/Fox/TGdluQQ86tA.mp4,a fox is standing on a wall in the dark,Fox,23,TGdluQQ86tA,783,Fox_ID_042,783,reference_images/Fox/TGdluQQ86tA.jpg,Animal,skipped,
Species_mp4/Fox/mGcoGzGttlI.mp4,a fox is walking through a field of grass near a fence,Fox,23,mGcoGzGttlI,784,Fox_ID_043,784,reference_images/Fox/mGcoGzGttlI.jpg,Animal,skipped,
Species_mp4/Fox/u4-ACbHc0sU.mp4,a fox is standing on rocks and looking at a flower,Fox,23,u4-ACbHc0sU,785,Fox_ID_044,785,reference_images/Fox/u4-ACbHc0sU.jpg,Animal,skipped,
Species_mp4/Fox/TgS8vqNHb0o.mp4,a fox eating food from a bowl on a wooden table,Fox,23,TgS8vqNHb0o,786,Fox_ID_045,786,reference_images/Fox/TgS8vqNHb0o.jpg,Animal,skipped,
Species_mp4/Fox/uHQaQz_tD4s.mp4,a fox is eating grass in a fenced in area,Fox,23,uHQaQz_tD4s,787,Fox_ID_046,787,reference_images/Fox/uHQaQz_tD4s.jpg,Animal,skipped,
Species_mp4/Fox/8fWHyll0FZw.mp4,a fox is standing on a log in the woods at night,Fox,23,8fWHyll0FZw,788,Fox_ID_047,788,reference_images/Fox/8fWHyll0FZw.jpg,Animal,skipped,
Species_mp4/Fox/rPunlVUa718.mp4,a fox laying on the ground in a field with grass,Fox,23,rPunlVUa718,789,Fox_ID_048,789,reference_images/Fox/rPunlVUa718.jpg,Animal,skipped,
Species_mp4/Fox/PoXR2luhU6E.mp4,a fox laying on a rock in a zoo enclosure,Fox,23,PoXR2luhU6E,790,Fox_ID_049,790,reference_images/Fox/PoXR2luhU6E.jpg,Animal,skipped,
Species_mp4/Fox/q7WE5HCJNdk.mp4,a fox laying in the mud next to a tire in the dirt,Fox,23,q7WE5HCJNdk,791,Fox_ID_050,791,reference_images/Fox/q7WE5HCJNdk.jpg,Animal,skipped,
Species_mp4/Fox/gROWUpKjJo4.mp4,a fox laying on a cage with a blue blanket on it,Fox,23,gROWUpKjJo4,792,Fox_ID_051,792,reference_images/Fox/gROWUpKjJo4.jpg,Animal,skipped,
Species_mp4/Kangaroo/31YPrv4i7Uw.mp4,a kangaroo is walking through a grassy area behind a hammock,Kangaroo,38,31YPrv4i7Uw,1098,Kangaroo_ID_000,1098,reference_images/Kangaroo/31YPrv4i7Uw.jpg,Animal,skipped,
Species_mp4/Kangaroo/7mi7sybKvv4.mp4,a kangaroo is standing up and holding a woman in a shirt,Kangaroo,38,7mi7sybKvv4,1099,Kangaroo_ID_001,1099,reference_images/Kangaroo/7mi7sybKvv4.jpg,Animal,skipped,
Species_mp4/Kangaroo/66kxKZAxlPo.mp4,a kangaroo standing on its hind legs eating a piece of food,Kangaroo,38,66kxKZAxlPo,1099,Kangaroo_ID_001,1099,reference_images/Kangaroo/66kxKZAxlPo.jpg,Animal,skipped,
Species_mp4/Kangaroo/B47TFKYCQ3w.mp4,a kangaroo standing on its hind legs in the desert,Kangaroo,38,B47TFKYCQ3w,1099,Kangaroo_ID_001,1099,reference_images/Kangaroo/B47TFKYCQ3w.jpg,Animal,skipped,
Species_mp4/Kangaroo/C7p1Lc9wIME.mp4,a kangaroo standing on its hind legs in the grass,Kangaroo,38,C7p1Lc9wIME,1099,Kangaroo_ID_001,1099,reference_images/Kangaroo/C7p1Lc9wIME.jpg,Animal,skipped,
Species_mp4/Kangaroo/rIVjsZvCpUM.mp4,a kangaroo standing on its hind legs holding a leaf in its paws,Kangaroo,38,rIVjsZvCpUM,1099,Kangaroo_ID_001,1099,reference_images/Kangaroo/rIVjsZvCpUM.jpg,Animal,skipped,
Species_mp4/Kangaroo/IcbPrsqPZAU.mp4,a kangaroo standing on its hind legs with a leaf in its mouth,Kangaroo,38,IcbPrsqPZAU,1099,Kangaroo_ID_001,1099,reference_images/Kangaroo/IcbPrsqPZAU.jpg,Animal,skipped,
Species_mp4/Kangaroo/WK32d93S0tE.mp4,a kangaroo standing on its hind legs in the desert,Kangaroo,38,WK32d93S0tE,1099,Kangaroo_ID_001,1099,reference_images/Kangaroo/WK32d93S0tE.jpg,Animal,skipped,
Species_mp4/Kangaroo/5quZrvI_MqE_2.mp4,a kangaroo standing on its hind legs in the grass,Kangaroo,38,5quZrvI_MqE_2,1099,Kangaroo_ID_001,1099,reference_images/Kangaroo/5quZrvI_MqE_2.jpg,Animal,skipped,
Species_mp4/Kangaroo/uzfFItqjEis.mp4,a kangaroo standing on its hind legs eating a banana in a park,Kangaroo,38,uzfFItqjEis,1099,Kangaroo_ID_001,1099,reference_images/Kangaroo/uzfFItqjEis.jpg,Animal,skipped,
Species_mp4/Kangaroo/q0ojFaPl-rw.mp4,a kangaroo is eating grass in a zoo enclosure,Kangaroo,38,q0ojFaPl-rw,1100,Kangaroo_ID_002,1100,reference_images/Kangaroo/q0ojFaPl-rw.jpg,Animal,skipped,
Species_mp4/Kangaroo/2_z9dMCXsF0.mp4,a kangaroo is eating grass in a field with a stick,Kangaroo,38,2_z9dMCXsF0,1100,Kangaroo_ID_002,1100,reference_images/Kangaroo/2_z9dMCXsF0.jpg,Animal,skipped,
Species_mp4/Kangaroo/ZnazhxPbu8Q.mp4,a kangaroo standing in the grass,Kangaroo,38,ZnazhxPbu8Q,1101,Kangaroo_ID_003,1101,reference_images/Kangaroo/ZnazhxPbu8Q.jpg,Animal,skipped,
Species_mp4/Kangaroo/rErGs9gRjGY.mp4,a kangaroo walking through the tall grass,Kangaroo,38,rErGs9gRjGY,1102,Kangaroo_ID_004,1102,reference_images/Kangaroo/rErGs9gRjGY.jpg,Animal,skipped,
Species_mp4/Kangaroo/-fkDMlHUsbA.mp4,a kangaroo standing in a field behind a fence with a dog,Kangaroo,38,-fkDMlHUsbA,1103,Kangaroo_ID_005,1103,reference_images/Kangaroo/-fkDMlHUsbA.jpg,Animal,skipped,
Species_mp4/Kangaroo/j56sD4meJlg.mp4,a kangaroo laying on the ground in the shade of a tree,Kangaroo,38,j56sD4meJlg,1104,Kangaroo_ID_006,1104,reference_images/Kangaroo/j56sD4meJlg.jpg,Animal,skipped,
Species_mp4/Kangaroo/syt5WcD84ks.mp4,a kangaroo standing on a gravel ground next to a rock,Kangaroo,38,syt5WcD84ks,1104,Kangaroo_ID_006,1104,reference_images/Kangaroo/syt5WcD84ks.jpg,Animal,skipped,
Species_mp4/Kangaroo/6nANG4XixF8.mp4,a kangaroo standing on a log in the woods eating something,Kangaroo,38,6nANG4XixF8,1104,Kangaroo_ID_006,1104,reference_images/Kangaroo/6nANG4XixF8.jpg,Animal,skipped,
Species_mp4/Kangaroo/vawmbizALuw.mp4,a kangaroo eating out of a bowl in a zoo enclosure,Kangaroo,38,vawmbizALuw,1104,Kangaroo_ID_006,1104,reference_images/Kangaroo/vawmbizALuw.jpg,Animal,skipped,
Species_mp4/Kangaroo/_YelSkGxI8Y.mp4,a kangaroo is walking around in the grass near a fence,Kangaroo,38,_YelSkGxI8Y,1104,Kangaroo_ID_006,1104,reference_images/Kangaroo/_YelSkGxI8Y.jpg,Animal,skipped,
Species_mp4/Kangaroo/OH-2yE1fB5Y.mp4,a kangaroo sitting in the grass with a baby kangaroo in its mouth,Kangaroo,38,OH-2yE1fB5Y,1104,Kangaroo_ID_006,1104,reference_images/Kangaroo/OH-2yE1fB5Y.jpg,Animal,skipped,
Species_mp4/Kangaroo/xpI3Brb3jew.mp4,a kangaroo eating an orange in its enclosure at the zoo,Kangaroo,38,xpI3Brb3jew,1104,Kangaroo_ID_006,1104,reference_images/Kangaroo/xpI3Brb3jew.jpg,Animal,skipped,
Species_mp4/Kangaroo/ej-WTZNqq5o.mp4,a kangaroo eating carrots in the middle of a field,Kangaroo,38,ej-WTZNqq5o,1104,Kangaroo_ID_006,1104,reference_images/Kangaroo/ej-WTZNqq5o.jpg,Animal,skipped,
Species_mp4/Kangaroo/8fIXIyHoc6U.mp4,a kangaroo standing on a rock next to a body of water,Kangaroo,38,8fIXIyHoc6U,1104,Kangaroo_ID_006,1104,reference_images/Kangaroo/8fIXIyHoc6U.jpg,Animal,skipped,
Species_mp4/Kangaroo/Z97Gg_hkIUM.mp4,a kangaroo standing on a snowy hill with a tree in the background,Kangaroo,38,Z97Gg_hkIUM,1104,Kangaroo_ID_006,1104,reference_images/Kangaroo/Z97Gg_hkIUM.jpg,Animal,skipped,
Species_mp4/Kangaroo/Q-X6XNLVyMM.mp4,a kangaroo standing in the grass looking at something in the distance,Kangaroo,38,Q-X6XNLVyMM,1104,Kangaroo_ID_006,1104,reference_images/Kangaroo/Q-X6XNLVyMM.jpg,Animal,skipped,
Species_mp4/Kangaroo/jAkiLga-bAA.mp4,a kangaroo sitting in the grass next to a trash can,Kangaroo,38,jAkiLga-bAA,1104,Kangaroo_ID_006,1104,reference_images/Kangaroo/jAkiLga-bAA.jpg,Animal,skipped,
Species_mp4/Kangaroo/8wvcxbTo8JI.mp4,a kangaroo standing in the grass next to a tree in the woods,Kangaroo,38,8wvcxbTo8JI,1104,Kangaroo_ID_006,1104,reference_images/Kangaroo/8wvcxbTo8JI.jpg,Animal,skipped,
Species_mp4/Kangaroo/J_UtOUgXlXM.mp4,a kangaroo standing on grass with a carrot in its mouth,Kangaroo,38,J_UtOUgXlXM,1104,Kangaroo_ID_006,1104,reference_images/Kangaroo/J_UtOUgXlXM.jpg,Animal,skipped,
Species_mp4/Kangaroo/uiibcaYeQ5o.mp4,a kangaroo is eating grass in a field with blue flowers,Kangaroo,38,uiibcaYeQ5o,1105,Kangaroo_ID_007,1105,reference_images/Kangaroo/uiibcaYeQ5o.jpg,Animal,skipped,
Species_mp4/Kangaroo/qW5UWSSZ4ZM.mp4,a kangaroo standing on its hind legs in a caged area,Kangaroo,38,qW5UWSSZ4ZM,1106,Kangaroo_ID_008,1106,reference_images/Kangaroo/qW5UWSSZ4ZM.jpg,Animal,skipped,
Species_mp4/Kangaroo/qRu9qOvXAR0.mp4,a kangaroo standing on the ground in front of a fence,Kangaroo,38,qRu9qOvXAR0,1106,Kangaroo_ID_008,1106,reference_images/Kangaroo/qRu9qOvXAR0.jpg,Animal,skipped,
Species_mp4/Kangaroo/IDnqrRQ-dwQ.mp4,a kangaroo sitting on the ground in front of a fence,Kangaroo,38,IDnqrRQ-dwQ,1106,Kangaroo_ID_008,1106,reference_images/Kangaroo/IDnqrRQ-dwQ.jpg,Animal,skipped,
Species_mp4/Kangaroo/jzTZ5ahqCbQ.mp4,a kangaroo standing in a field at night with a black background,Kangaroo,38,jzTZ5ahqCbQ,1107,Kangaroo_ID_009,1107,reference_images/Kangaroo/jzTZ5ahqCbQ.jpg,Animal,skipped,
Species_mp4/Kangaroo/ivzKm_ANHuk.mp4,a kangaroo sitting on the ground next to a bike,Kangaroo,38,ivzKm_ANHuk,1108,Kangaroo_ID_010,1108,reference_images/Kangaroo/ivzKm_ANHuk.jpg,Animal,skipped,
Species_mp4/Kangaroo/WR5mXtmD7uE.mp4,a kangaroo standing on a rock wall next to a potted plant,Kangaroo,38,WR5mXtmD7uE,1109,Kangaroo_ID_011,1109,reference_images/Kangaroo/WR5mXtmD7uE.jpg,Animal,skipped,
Species_mp4/Kangaroo/uKi0pXhQitE.mp4,a kangaroo standing on its hind legs eating a piece of fruit,Kangaroo,38,uKi0pXhQitE,1110,Kangaroo_ID_012,1110,reference_images/Kangaroo/uKi0pXhQitE.jpg,Animal,skipped,
Species_mp4/Kangaroo/BhgPJmxGwOw.mp4,a kangaroo standing in front of a wooden fence with a bush,Kangaroo,38,BhgPJmxGwOw,1110,Kangaroo_ID_012,1110,reference_images/Kangaroo/BhgPJmxGwOw.jpg,Animal,skipped,
Species_mp4/Kangaroo/SXepw5oOsvs.mp4,a kangaroo standing in the leaves eating a piece of food,Kangaroo,38,SXepw5oOsvs,1111,Kangaroo_ID_013,1111,reference_images/Kangaroo/SXepw5oOsvs.jpg,Animal,skipped,
Species_mp4/Kangaroo/syrkKI4XhYY.mp4,a kangaroo standing in the grass next to a bush and trees,Kangaroo,38,syrkKI4XhYY,1112,Kangaroo_ID_014,1112,reference_images/Kangaroo/syrkKI4XhYY.jpg,Animal,skipped,
Species_mp4/Kangaroo/-FYcUHyboUI_1.mp4,a kangaroo standing on a wooden platform eating grass in a zoo,Kangaroo,38,-FYcUHyboUI_1,1113,Kangaroo_ID_015,1113,reference_images/Kangaroo/-FYcUHyboUI_1.jpg,Animal,skipped,
Species_mp4/Kangaroo/-FYcUHyboUI_2.mp4,a kangaroo standing on a wooden platform next to a metal fence,Kangaroo,38,-FYcUHyboUI_2,1113,Kangaroo_ID_015,1113,reference_images/Kangaroo/-FYcUHyboUI_2.jpg,Animal,skipped,
Species_mp4/Kangaroo/-FYcUHyboUI_3.mp4,a kangaroo walking down a walkway with a man standing on the other side,Kangaroo,38,-FYcUHyboUI_3,1113,Kangaroo_ID_015,1113,reference_images/Kangaroo/-FYcUHyboUI_3.jpg,Animal,skipped,
Species_mp4/Kangaroo/8BIXHff9qt0.mp4,a kangaroo standing on its hind legs next to a blue birdbath,Kangaroo,38,8BIXHff9qt0,1114,Kangaroo_ID_016,1114,reference_images/Kangaroo/8BIXHff9qt0.jpg,Animal,skipped,
Species_mp4/Kangaroo/JyjEVXofeZc.mp4,a kangaroo standing in the grass with its head down,Kangaroo,38,JyjEVXofeZc,1115,Kangaroo_ID_017,1115,reference_images/Kangaroo/JyjEVXofeZc.jpg,Animal,skipped,
Species_mp4/Kangaroo/KiO3aqwNMG4.mp4,a kangaroo standing on a wooden floor next to a tree,Kangaroo,38,KiO3aqwNMG4,1116,Kangaroo_ID_018,1116,reference_images/Kangaroo/KiO3aqwNMG4.jpg,Animal,skipped,
Species_mp4/Kangaroo/G_nx0N1DNIA.mp4,a kangaroo standing in the woods with its back to the camera,Kangaroo,38,G_nx0N1DNIA,1117,Kangaroo_ID_019,1117,reference_images/Kangaroo/G_nx0N1DNIA.jpg,Animal,skipped,
Species_mp4/Kangaroo/uShRuaA8Uig.mp4,a kangaroo standing on a rock in the middle of a rocky area,Kangaroo,38,uShRuaA8Uig,1118,Kangaroo_ID_020,1118,reference_images/Kangaroo/uShRuaA8Uig.jpg,Animal,skipped,
Species_mp4/Kangaroo/avOAlEWavY4.mp4,a kangaroo cub in the grass eating a plant in the wild,Kangaroo,38,avOAlEWavY4,1119,Kangaroo_ID_021,1119,reference_images/Kangaroo/avOAlEWavY4.jpg,Animal,skipped,
Species_mp4/Kangaroo/vlfPyHzVUt4.mp4,a kangaroo standing in the grass with a piece of food in its mouth,Kangaroo,38,vlfPyHzVUt4,1120,Kangaroo_ID_022,1120,reference_images/Kangaroo/vlfPyHzVUt4.jpg,Animal,skipped,
Species_mp4/Kangaroo/lM1j2iNbqYo.mp4,a kangaroo standing in a field with a ball in its mouth,Kangaroo,38,lM1j2iNbqYo,1120,Kangaroo_ID_022,1120,reference_images/Kangaroo/lM1j2iNbqYo.jpg,Animal,skipped,
Species_mp4/Kangaroo/OgAxXnBhgw0.mp4,a kangaroo is walking through the grass with a stick,Kangaroo,38,OgAxXnBhgw0,1121,Kangaroo_ID_023,1121,reference_images/Kangaroo/OgAxXnBhgw0.jpg,Animal,skipped,
Species_mp4/Kangaroo/zJqj9uzDlME.mp4,a kangaroo is sitting on the grass and eating something,Kangaroo,38,zJqj9uzDlME,1122,Kangaroo_ID_024,1122,reference_images/Kangaroo/zJqj9uzDlME.jpg,Animal,skipped,
Species_mp4/Kangaroo/1DHtkymKFsc.mp4,a kangaroo standing on a rock eating grass in the sun,Kangaroo,38,1DHtkymKFsc,1123,Kangaroo_ID_025,1123,reference_images/Kangaroo/1DHtkymKFsc.jpg,Animal,skipped,
Species_mp4/Kangaroo/7Xai4rn8-oI.mp4,a kangaroo standing on top of a lush green field next to a forest,Kangaroo,38,7Xai4rn8-oI,1124,Kangaroo_ID_026,1124,reference_images/Kangaroo/7Xai4rn8-oI.jpg,Animal,skipped,
Species_mp4/Kangaroo/jyPPsDhzRco.mp4,a kangaroo is walking in the dark with a bush behind it,Kangaroo,38,jyPPsDhzRco,1125,Kangaroo_ID_027,1125,reference_images/Kangaroo/jyPPsDhzRco.jpg,Animal,skipped,
Species_mp4/Kangaroo/jn1l0Sr33NY_2.mp4,a kangaroo is walking through the brush in the woods,Kangaroo,38,jn1l0Sr33NY_2,1126,Kangaroo_ID_028,1126,reference_images/Kangaroo/jn1l0Sr33NY_2.jpg,Animal,skipped,
Species_mp4/Kangaroo/oCILBjfxss0.mp4,a kangaroo standing on its hind legs in the dirt,Kangaroo,38,oCILBjfxss0,1127,Kangaroo_ID_029,1127,reference_images/Kangaroo/oCILBjfxss0.jpg,Animal,skipped,
Species_mp4/Kangaroo/0HCzt5OpNpk.mp4,a kangaroo in a cage looking out of the window,Kangaroo,38,0HCzt5OpNpk,1128,Kangaroo_ID_030,1128,reference_images/Kangaroo/0HCzt5OpNpk.jpg,Animal,skipped,
Species_mp4/Kangaroo/q0PwxBxEs5s.mp4,a kangaroo standing on its hind legs on a tiled floor,Kangaroo,38,q0PwxBxEs5s,1129,Kangaroo_ID_031,1129,reference_images/Kangaroo/q0PwxBxEs5s.jpg,Animal,skipped,
Species_mp4/Kangaroo/1KW5H7-XNZM.mp4,a kangaroo standing in dirt area next to a fence and building,Kangaroo,38,1KW5H7-XNZM,1130,Kangaroo_ID_032,1130,reference_images/Kangaroo/1KW5H7-XNZM.jpg,Animal,skipped,
Species_mp4/Kangaroo/sazGgHaYhug.mp4,a kangaroo standing on its hind legs with a banana in its mouth,Kangaroo,38,sazGgHaYhug,1131,Kangaroo_ID_033,1131,reference_images/Kangaroo/sazGgHaYhug.jpg,Animal,skipped,
Species_mp4/Kangaroo/jGzac4IZiQ8.mp4,a kangaroo standing in front of a window eating a plant,Kangaroo,38,jGzac4IZiQ8,1131,Kangaroo_ID_033,1131,reference_images/Kangaroo/jGzac4IZiQ8.jpg,Animal,skipped,
Species_mp4/Kangaroo/jn1l0Sr33NY_1.mp4,a kangaroo standing in the middle of a forest with a stick in its mouth,Kangaroo,38,jn1l0Sr33NY_1,1132,Kangaroo_ID_034,1132,reference_images/Kangaroo/jn1l0Sr33NY_1.jpg,Animal,skipped,
Species_mp4/Kangaroo/CdkZr4IHPd4.mp4,a kangaroo in a cage with a dog in it,Kangaroo,38,CdkZr4IHPd4,1133,Kangaroo_ID_035,1133,reference_images/Kangaroo/CdkZr4IHPd4.jpg,Animal,skipped,
Species_mp4/Kangaroo/LQuLCN0hst4.mp4,a kangaroo laying on its back in the dirt with its head down,Kangaroo,38,LQuLCN0hst4,1134,Kangaroo_ID_036,1134,reference_images/Kangaroo/LQuLCN0hst4.jpg,Animal,skipped,
Species_mp4/Kangaroo/EKipfpifEis.mp4,a kangaroo standing in the middle of a forest with lots of leaves,Kangaroo,38,EKipfpifEis,1135,Kangaroo_ID_037,1135,reference_images/Kangaroo/EKipfpifEis.jpg,Animal,skipped,
Species_mp4/Kangaroo/ZKCd7AGz2ZE.mp4,a kangaroo standing in the middle of a dirt field next to trees,Kangaroo,38,ZKCd7AGz2ZE,1136,Kangaroo_ID_038,1136,reference_images/Kangaroo/ZKCd7AGz2ZE.jpg,Animal,skipped,
Species_mp4/Kangaroo/Xw0sn3iJ0cA.mp4,a kangaroo in the grass looking for food in the wild,Kangaroo,38,Xw0sn3iJ0cA,1137,Kangaroo_ID_039,1137,reference_images/Kangaroo/Xw0sn3iJ0cA.jpg,Animal,skipped,
Species_mp4/Kangaroo/vKVNYNFF3Js.mp4,a kangaroo standing in the grass looking up at a bush,Kangaroo,38,vKVNYNFF3Js,1138,Kangaroo_ID_040,1138,reference_images/Kangaroo/vKVNYNFF3Js.jpg,Animal,skipped,
Species_mp4/Kangaroo/GJQbJhdYKxo.mp4,a kangaroo is eating grass in a grassy field with a bird,Kangaroo,38,GJQbJhdYKxo,1139,Kangaroo_ID_041,1139,reference_images/Kangaroo/GJQbJhdYKxo.jpg,Animal,skipped,
Species_mp4/Kangaroo/4_Z2R_RwGyU.mp4,a kangaroo standing next to a water trough on a cement floor,Kangaroo,38,4_Z2R_RwGyU,1140,Kangaroo_ID_042,1140,reference_images/Kangaroo/4_Z2R_RwGyU.jpg,Animal,skipped,
Species_mp4/Kangaroo/OxIjN2aPAPs.mp4,a kangaroo is eating grass in a field with a tree,Kangaroo,38,OxIjN2aPAPs,1141,Kangaroo_ID_043,1141,reference_images/Kangaroo/OxIjN2aPAPs.jpg,Animal,skipped,
Species_mp4/Kangaroo/rjNwvCXmoj8.mp4,a kangaroo standing together in a zoo,Kangaroo,38,rjNwvCXmoj8,1142,Kangaroo_ID_044,1142,reference_images/Kangaroo/rjNwvCXmoj8.jpg,Animal,skipped,
Species_mp4/Kangaroo/H2SYck3ch2E.mp4,a kangaroo standing in the grass in a wooded area,Kangaroo,38,H2SYck3ch2E,1143,Kangaroo_ID_045,1143,reference_images/Kangaroo/H2SYck3ch2E.jpg,Animal,skipped,
Species_mp4/Kangaroo/4IWhlS8muEs.mp4,a kangaroo is walking in the grass with a bird in its mouth,Kangaroo,38,4IWhlS8muEs,1144,Kangaroo_ID_046,1144,reference_images/Kangaroo/4IWhlS8muEs.jpg,Animal,skipped,
Species_mp4/Kangaroo/zlsMJqNCG9Q.mp4,a kangaroo is eating food in the middle of the forest,Kangaroo,38,zlsMJqNCG9Q,1145,Kangaroo_ID_047,1145,reference_images/Kangaroo/zlsMJqNCG9Q.jpg,Animal,skipped,
Species_mp4/Kangaroo/xjs3W0nTkKg.mp4,a kangaroo laying on the ground with its head on a stick,Kangaroo,38,xjs3W0nTkKg,1146,Kangaroo_ID_048,1146,reference_images/Kangaroo/xjs3W0nTkKg.jpg,Animal,skipped,
Species_mp4/Kangaroo/Y2p79higShY.mp4,a kangaroo standing on the ground eating grass in the dark,Kangaroo,38,Y2p79higShY,1147,Kangaroo_ID_049,1147,reference_images/Kangaroo/Y2p79higShY.jpg,Animal,skipped,
Species_mp4/Kangaroo/rl6GgmN8uU0_1.mp4,a kangaroo drinking water from a hole in the ground,Kangaroo,38,rl6GgmN8uU0_1,1148,Kangaroo_ID_050,1148,reference_images/Kangaroo/rl6GgmN8uU0_1.jpg,Animal,skipped,
Species_mp4/Kangaroo/dqF9S5J4yoM.mp4,a kangaroo standing on a pile of leaves in a yard,Kangaroo,38,dqF9S5J4yoM,1149,Kangaroo_ID_051,1149,reference_images/Kangaroo/dqF9S5J4yoM.jpg,Animal,skipped,
Species_mp4/Tarsier/oPB8g5xDSEA.mp4,a tarsier monkey sitting on a tree branch with its mouth open,Tarsier,74,oPB8g5xDSEA,1637,Tarsier_ID_000,1637,reference_images/Tarsier/oPB8g5xDSEA.jpg,Animal,skipped,
Species_mp4/Tarsier/av4yh4PiHw8.mp4,a tarsier monkey sitting on a tree branch with its mouth open,Tarsier,74,av4yh4PiHw8,1637,Tarsier_ID_000,1637,reference_images/Tarsier/av4yh4PiHw8.jpg,Animal,skipped,
Species_mp4/Tarsier/yzYhQV038PE_2.mp4,a tarsier sitting on a tree branch in a forest,Tarsier,74,yzYhQV038PE_2,1637,Tarsier_ID_000,1637,reference_images/Tarsier/yzYhQV038PE_2.jpg,Animal,skipped,
Species_mp4/Tarsier/yzYhQV038PE_1.mp4,a tarsier sitting on a tree branch in a forest,Tarsier,74,yzYhQV038PE_1,1637,Tarsier_ID_000,1637,reference_images/Tarsier/yzYhQV038PE_1.jpg,Animal,skipped,
Species_mp4/Tarsier/gGsKDjvwVM8.mp4,a tarsier monkey sitting on a tree branch in a forest,Tarsier,74,gGsKDjvwVM8,1637,Tarsier_ID_000,1637,reference_images/Tarsier/gGsKDjvwVM8.jpg,Animal,skipped,
Species_mp4/Meerkat/Cxaal7o5ias.mp4,a meerkat laying on the ground in front of a rock wall,Meerkat,49,Cxaal7o5ias,1270,Meerkat_ID_000,1270,reference_images/Meerkat/Cxaal7o5ias.jpg,Animal,skipped,
Species_mp4/Meerkat/LejGbIDfGhM.mp4,a meerkat with a ball in its mouth on the ground,Meerkat,49,LejGbIDfGhM,1271,Meerkat_ID_001,1271,reference_images/Meerkat/LejGbIDfGhM.jpg,Animal,skipped,
Species_mp4/Meerkat/GL9e6vw2yVE.mp4,a meerkat standing on its hind legs against a rock,Meerkat,49,GL9e6vw2yVE,1272,Meerkat_ID_002,1272,reference_images/Meerkat/GL9e6vw2yVE.jpg,Animal,skipped,
Species_mp4/Meerkat/C2vZq0aZaeQ.mp4,a meerkat sitting on its hind legs in a dirt area,Meerkat,49,C2vZq0aZaeQ,1272,Meerkat_ID_002,1272,reference_images/Meerkat/C2vZq0aZaeQ.jpg,Animal,skipped,
Species_mp4/Meerkat/-nSMsZyZkr8.mp4,a meerkat sitting on a rock in a zoo enclosure,Meerkat,49,-nSMsZyZkr8,1272,Meerkat_ID_002,1272,reference_images/Meerkat/-nSMsZyZkr8.jpg,Animal,skipped,
Species_mp4/Meerkat/K8k15F60pis.mp4,a meerkat sitting on a table looking out a window,Meerkat,49,K8k15F60pis,1272,Meerkat_ID_002,1272,reference_images/Meerkat/K8k15F60pis.jpg,Animal,skipped,
Species_mp4/Meerkat/svf5BWBzU_g.mp4,a meerkat sitting on a rock looking at the camera,Meerkat,49,svf5BWBzU_g,1272,Meerkat_ID_002,1272,reference_images/Meerkat/svf5BWBzU_g.jpg,Animal,skipped,
Species_mp4/Meerkat/WJUZ-pNHoRw.mp4,a meerkat sitting on a rock in a zoo enclosure,Meerkat,49,WJUZ-pNHoRw,1272,Meerkat_ID_002,1272,reference_images/Meerkat/WJUZ-pNHoRw.jpg,Animal,skipped,
Species_mp4/Meerkat/_WJofipk0Mo.mp4,a meerkat sitting on the ground in the dirt,Meerkat,49,_WJofipk0Mo,1272,Meerkat_ID_002,1272,reference_images/Meerkat/_WJofipk0Mo.jpg,Animal,skipped,
Species_mp4/Meerkat/56e07rAG718.mp4,a meerkat standing in a hole in the dirt,Meerkat,49,56e07rAG718,1273,Meerkat_ID_003,1273,reference_images/Meerkat/56e07rAG718.jpg,Animal,skipped,
Species_mp4/Meerkat/zYRf7DBkhwc.mp4,a meerkaton drinking water from a pond in a zoo enclosure,Meerkat,49,zYRf7DBkhwc,1274,Meerkat_ID_004,1274,reference_images/Meerkat/zYRf7DBkhwc.jpg,Animal,skipped,
Species_mp4/Meerkat/QKtb8_RUk1s.mp4,a meerkats are walking through the dry grass in the wild,Meerkat,49,QKtb8_RUk1s,1275,Meerkat_ID_005,1275,reference_images/Meerkat/QKtb8_RUk1s.jpg,Animal,skipped,
Species_mp4/Meerkat/YUSa0mNhXNs_2.mp4,a meerkats are sleeping on the ground in front of a window,Meerkat,49,YUSa0mNhXNs_2,1276,Meerkat_ID_006,1276,reference_images/Meerkat/YUSa0mNhXNs_2.jpg,Animal,skipped,
Species_mp4/Meerkat/x14RzcmhGzQ.mp4,a meerkat sitting on the ground eating a piece of food,Meerkat,49,x14RzcmhGzQ,1277,Meerkat_ID_007,1277,reference_images/Meerkat/x14RzcmhGzQ.jpg,Animal,skipped,
Species_mp4/Meerkat/ZQ-ZNOx9EGI.mp4,a meerkats are playing with a toy on a tree,Meerkat,49,ZQ-ZNOx9EGI,1277,Meerkat_ID_007,1277,reference_images/Meerkat/ZQ-ZNOx9EGI.jpg,Animal,skipped,
Species_mp4/Meerkat/FN25WsMy12A.mp4,a meerkats are eating a dead animal in the dirt,Meerkat,49,FN25WsMy12A,1277,Meerkat_ID_007,1277,reference_images/Meerkat/FN25WsMy12A.jpg,Animal,skipped,
Species_mp4/Meerkat/0c30iCg0wb4.mp4,a meerkats are sitting in a bathtub with their tongue out,Meerkat,49,0c30iCg0wb4,1277,Meerkat_ID_007,1277,reference_images/Meerkat/0c30iCg0wb4.jpg,Animal,skipped,
Species_mp4/Meerkat/PVGUavGYd_w.mp4,a meerkat sitting in a crate in a dark room,Meerkat,49,PVGUavGYd_w,1277,Meerkat_ID_007,1277,reference_images/Meerkat/PVGUavGYd_w.jpg,Animal,skipped,
Species_mp4/Meerkat/tPKIlSMVnjk.mp4,a meerkat sitting on a table with a piece of fruit in its mouth,Meerkat,49,tPKIlSMVnjk,1277,Meerkat_ID_007,1277,reference_images/Meerkat/tPKIlSMVnjk.jpg,Animal,skipped,
Species_mp4/Meerkat/XoGIUY9yBOs.mp4,a meerkat walking in the dirt in a field,Meerkat,49,XoGIUY9yBOs,1278,Meerkat_ID_008,1278,reference_images/Meerkat/XoGIUY9yBOs.jpg,Animal,skipped,
Species_mp4/Meerkat/jpG99ebH7JI.mp4,a meerkat laying on the ground in a zoo enclosure,Meerkat,49,jpG99ebH7JI,1279,Meerkat_ID_009,1279,reference_images/Meerkat/jpG99ebH7JI.jpg,Animal,skipped,
Species_mp4/Meerkat/TlogrzqAb_M.mp4,a meerkat laying on a bed with a pillow and a blanket,Meerkat,49,TlogrzqAb_M,1280,Meerkat_ID_010,1280,reference_images/Meerkat/TlogrzqAb_M.jpg,Animal,skipped,
Species_mp4/Meerkat/8AabRmdifF8.mp4,a meerkat standing in dirt with its mouth open,Meerkat,49,8AabRmdifF8,1281,Meerkat_ID_011,1281,reference_images/Meerkat/8AabRmdifF8.jpg,Animal,skipped,
Species_mp4/Meerkat/2tZ8T6OVYkI.mp4,a meerkat walking through the dirt in a zoo enclosure,Meerkat,49,2tZ8T6OVYkI,1282,Meerkat_ID_012,1282,reference_images/Meerkat/2tZ8T6OVYkI.jpg,Animal,skipped,
Species_mp4/Bear/hJ2bwcYzt_8.mp4,a bear in the water with a fish in its mouth,Bear,7,hJ2bwcYzt_8,32,Bear_ID_000,32,reference_images/Bear/hJ2bwcYzt_8.jpg,Animal,skipped,
Species_mp4/Bear/lgYVVOJOrCA_2.mp4,a bear in the water with a fish in its mouth,Bear,7,lgYVVOJOrCA_2,32,Bear_ID_000,32,reference_images/Bear/lgYVVOJOrCA_2.jpg,Animal,skipped,
Species_mp4/Bear/xF2k0Ct0qYU.mp4,a bear eating a fish in the water with a bird in the background,Bear,7,xF2k0Ct0qYU,32,Bear_ID_000,32,reference_images/Bear/xF2k0Ct0qYU.jpg,Animal,skipped,
Species_mp4/Bear/XfdZ3WEqhQs_1.mp4,a bear is standing in the water with a fish in its mouth,Bear,7,XfdZ3WEqhQs_1,32,Bear_ID_000,32,reference_images/Bear/XfdZ3WEqhQs_1.jpg,Animal,skipped,
Species_mp4/Bear/MwtAFoTbfZk.mp4,a bear is eating a fish in the water with a fish in its mouth,Bear,7,MwtAFoTbfZk,32,Bear_ID_000,32,reference_images/Bear/MwtAFoTbfZk.jpg,Animal,skipped,
Species_mp4/Bear/dA6TCH6fvGU.mp4,a bear sitting in shallow water with its mouth open,Bear,7,dA6TCH6fvGU,32,Bear_ID_000,32,reference_images/Bear/dA6TCH6fvGU.jpg,Animal,skipped,
Species_mp4/Bear/3T1xHAV2t-o.mp4,a bear climbing over a tree trunk in a zoo enclosure,Bear,7,3T1xHAV2t-o,33,Bear_ID_001,33,reference_images/Bear/3T1xHAV2t-o.jpg,Animal,skipped,
Species_mp4/Bear/Aou_YGqU5Vo.mp4,a bear is walking through the tall grass in the woods,Bear,7,Aou_YGqU5Vo,34,Bear_ID_002,34,reference_images/Bear/Aou_YGqU5Vo.jpg,Animal,skipped,
Species_mp4/Bear/pSUghua4j9o.mp4,a bear sitting in a zoo enclosure with a rock in the background,Bear,7,pSUghua4j9o,35,Bear_ID_003,35,reference_images/Bear/pSUghua4j9o.jpg,Animal,skipped,
Species_mp4/Bear/FRLCFlc2jQ8.mp4,a bear eating a fish in a zoo enclosure with rocks,Bear,7,FRLCFlc2jQ8,35,Bear_ID_003,35,reference_images/Bear/FRLCFlc2jQ8.jpg,Animal,skipped,
Species_mp4/Bear/jjy1kk3FA5c.mp4,a bear is laying on a rock with its mouth open,Bear,7,jjy1kk3FA5c,35,Bear_ID_003,35,reference_images/Bear/jjy1kk3FA5c.jpg,Animal,skipped,
Species_mp4/Bear/oXzkmtu5uHQ.mp4,a bear is sitting on a rock in a zoo enclosure,Bear,7,oXzkmtu5uHQ,35,Bear_ID_003,35,reference_images/Bear/oXzkmtu5uHQ.jpg,Animal,skipped,
Species_mp4/Bear/0Tc94ZWMez0.mp4,a bear walking through a forest with tall trees and grass,Bear,7,0Tc94ZWMez0,36,Bear_ID_004,36,reference_images/Bear/0Tc94ZWMez0.jpg,Animal,skipped,
Species_mp4/Bear/wFEx-vm1au4.mp4,a bear walking on a rock in a snowy area,Bear,7,wFEx-vm1au4,37,Bear_ID_005,37,reference_images/Bear/wFEx-vm1au4.jpg,Animal,skipped,
Species_mp4/Bear/_Z-hGPk3t_U.mp4,a bear walking around in a zoo enclosure with rocks and water,Bear,7,_Z-hGPk3t_U,37,Bear_ID_005,37,reference_images/Bear/_Z-hGPk3t_U.jpg,Animal,skipped,
Species_mp4/Bear/K12vkTanihY.mp4,a bear laying in a field of grass with its head down,Bear,7,K12vkTanihY,38,Bear_ID_006,38,reference_images/Bear/K12vkTanihY.jpg,Animal,skipped,
Species_mp4/Bear/kF57UI7CiEc_2.mp4,a bear is walking through the woods at night,Bear,7,kF57UI7CiEc_2,39,Bear_ID_007,39,reference_images/Bear/kF57UI7CiEc_2.jpg,Animal,skipped,
Species_mp4/Bear/kF57UI7CiEc_1.mp4,a bear is walking through the woods at night,Bear,7,kF57UI7CiEc_1,39,Bear_ID_007,39,reference_images/Bear/kF57UI7CiEc_1.jpg,Animal,skipped,
Species_mp4/Bear/nYiseUDJALo.mp4,a bear sitting on a log eating a banana in the woods,Bear,7,nYiseUDJALo,40,Bear_ID_008,40,reference_images/Bear/nYiseUDJALo.jpg,Animal,skipped,
Species_mp4/Bear/QsSaiqBhHIc.mp4,a bear walking through a field of tall grass near a forest,Bear,7,QsSaiqBhHIc,41,Bear_ID_009,41,reference_images/Bear/QsSaiqBhHIc.jpg,Animal,skipped,
Species_mp4/Bear/CvbujHox8gs_1.mp4,a bear sitting in a tree with its head in the branches,Bear,7,CvbujHox8gs_1,42,Bear_ID_010,42,reference_images/Bear/CvbujHox8gs_1.jpg,Animal,skipped,
Species_mp4/Bear/lgYVVOJOrCA_3.mp4,a bear standing in a river with rocks and water,Bear,7,lgYVVOJOrCA_3,43,Bear_ID_011,43,reference_images/Bear/lgYVVOJOrCA_3.jpg,Animal,skipped,
Species_mp4/Bear/dslnJmpjVco.mp4,a bear laying in the grass in front of a forest,Bear,7,dslnJmpjVco,44,Bear_ID_012,44,reference_images/Bear/dslnJmpjVco.jpg,Animal,skipped,
Species_mp4/Bear/l7LaQwo087k.mp4,a bear in the grass eating grass in the woods,Bear,7,l7LaQwo087k,45,Bear_ID_013,45,reference_images/Bear/l7LaQwo087k.jpg,Animal,skipped,
Species_mp4/Bear/oU_0YzLQRA8.mp4,a bear walking in the grass near a tree and bushes,Bear,7,oU_0YzLQRA8,46,Bear_ID_014,46,reference_images/Bear/oU_0YzLQRA8.jpg,Animal,skipped,
Species_mp4/Bear/XRmUQGM_pmc.mp4,a bear walking through a field of tall grass near a forest,Bear,7,XRmUQGM_pmc,47,Bear_ID_015,47,reference_images/Bear/XRmUQGM_pmc.jpg,Animal,skipped,
Species_mp4/Bear/FeZ4xH3pyXw.mp4,a bear walking up a steep hill with a bush in its mouth,Bear,7,FeZ4xH3pyXw,47,Bear_ID_015,47,reference_images/Bear/FeZ4xH3pyXw.jpg,Animal,skipped,
Species_mp4/Bear/wP3xvPif5lI.mp4,a bear standing on the shore of a lake looking for food,Bear,7,wP3xvPif5lI,48,Bear_ID_016,48,reference_images/Bear/wP3xvPif5lI.jpg,Animal,skipped,
Species_mp4/Bear/Q6ZpOG4yp60.mp4,a bear standing on a snowy hill with a piece of meat in its mouth,Bear,7,Q6ZpOG4yp60,49,Bear_ID_017,49,reference_images/Bear/Q6ZpOG4yp60.jpg,Animal,skipped,
Species_mp4/Bear/hshZWzc5VTA.mp4,a bear walking around in a zoo exhibit with a waterfall in the background,Bear,7,hshZWzc5VTA,49,Bear_ID_017,49,reference_images/Bear/hshZWzc5VTA.jpg,Animal,skipped,
Species_mp4/Bear/REL-gLKo6hU_1.mp4,a bear laying down with a hat in its mouth,Bear,7,REL-gLKo6hU_1,49,Bear_ID_017,49,reference_images/Bear/REL-gLKo6hU_1.jpg,Animal,skipped,
Species_mp4/Bear/ktXv1aLFm8U_2.mp4,a bear laying on a green surface with its paw on a ball,Bear,7,ktXv1aLFm8U_2,49,Bear_ID_017,49,reference_images/Bear/ktXv1aLFm8U_2.jpg,Animal,skipped,
Species_mp4/Bear/REL-gLKo6hU_2.mp4,a bear laying on its back in a zoo enclosure with a bottle,Bear,7,REL-gLKo6hU_2,49,Bear_ID_017,49,reference_images/Bear/REL-gLKo6hU_2.jpg,Animal,skipped,
Species_mp4/Bear/ktXv1aLFm8U_1.mp4,a bear laying on its back with its head on the ground,Bear,7,ktXv1aLFm8U_1,49,Bear_ID_017,49,reference_images/Bear/ktXv1aLFm8U_1.jpg,Animal,skipped,
Species_mp4/Bear/ShNFXKQB5y4_2.mp4,a bear laying on a tire in a zoo enclosure,Bear,7,ShNFXKQB5y4_2,49,Bear_ID_017,49,reference_images/Bear/ShNFXKQB5y4_2.jpg,Animal,skipped,
Species_mp4/Bear/nwHSvVPVNLU.mp4,a bear laying in the snow with its head on its paws,Bear,7,nwHSvVPVNLU,49,Bear_ID_017,49,reference_images/Bear/nwHSvVPVNLU.jpg,Animal,skipped,
Species_mp4/Bear/IWiME6Ffteo.mp4,a bear is standing on a rock in the water with a fish,Bear,7,IWiME6Ffteo,50,Bear_ID_018,50,reference_images/Bear/IWiME6Ffteo.jpg,Animal,skipped,
Species_mp4/Bear/XfdZ3WEqhQs_2.mp4,a bear standing in a river with water rushing over rocks,Bear,7,XfdZ3WEqhQs_2,50,Bear_ID_018,50,reference_images/Bear/XfdZ3WEqhQs_2.jpg,Animal,skipped,
Species_mp4/Bear/DKBc42vUP_M.mp4,a bear walking in the snow with its head down,Bear,7,DKBc42vUP_M,51,Bear_ID_019,51,reference_images/Bear/DKBc42vUP_M.jpg,Animal,skipped,
Species_mp4/Bear/2YYoPsxq5QA_1.mp4,a bear in the woods eating a dead animal in the woods,Bear,7,2YYoPsxq5QA_1,52,Bear_ID_020,52,reference_images/Bear/2YYoPsxq5QA_1.jpg,Animal,skipped,
Species_mp4/Bear/fzU8P7K53YI.mp4,a bear cub and its mother are laying down in the snow,Bear,7,fzU8P7K53YI,53,Bear_ID_021,53,reference_images/Bear/fzU8P7K53YI.jpg,Animal,skipped,
Species_mp4/Bear/umuQvYAt790.mp4,a bear cub and mother bear are laying down in the snow,Bear,7,umuQvYAt790,53,Bear_ID_021,53,reference_images/Bear/umuQvYAt790.jpg,Animal,skipped,
Species_mp4/Bear/x8hqlZJY4iE.mp4,a bear laying on the ground next to a tree in a forest,Bear,7,x8hqlZJY4iE,54,Bear_ID_022,54,reference_images/Bear/x8hqlZJY4iE.jpg,Animal,skipped,
Species_mp4/Bear/1uCH-EN9gAg.mp4,a bear is drinking water from a pond in the woods,Bear,7,1uCH-EN9gAg,55,Bear_ID_023,55,reference_images/Bear/1uCH-EN9gAg.jpg,Animal,skipped,
Species_mp4/Bear/qt8qjkQ8L9Q.mp4,a bear is sitting in the mud and drinking water,Bear,7,qt8qjkQ8L9Q,55,Bear_ID_023,55,reference_images/Bear/qt8qjkQ8L9Q.jpg,Animal,skipped,
Species_mp4/Bear/wjH8pfo67Bc.mp4,a bear is eating grass in the middle of a dirt road,Bear,7,wjH8pfo67Bc,55,Bear_ID_023,55,reference_images/Bear/wjH8pfo67Bc.jpg,Animal,skipped,
Species_mp4/Bear/G4cdMoC1b-I_2.mp4,a bear is sitting on the ground near a pond,Bear,7,G4cdMoC1b-I_2,55,Bear_ID_023,55,reference_images/Bear/G4cdMoC1b-I_2.jpg,Animal,skipped,
Species_mp4/Bear/G4cdMoC1b-I_1.mp4,a bear is drinking water from a pond in the woods,Bear,7,G4cdMoC1b-I_1,55,Bear_ID_023,55,reference_images/Bear/G4cdMoC1b-I_1.jpg,Animal,skipped,
Species_mp4/Bear/W-AlsaB5D9g.mp4,a bear standing on a rock in a zoo enclosure,Bear,7,W-AlsaB5D9g,56,Bear_ID_024,56,reference_images/Bear/W-AlsaB5D9g.jpg,Animal,skipped,
Species_mp4/Bear/8Qs1awIYNQc.mp4,a bear laying on the ground with its head on a leash,Bear,7,8Qs1awIYNQc,57,Bear_ID_025,57,reference_images/Bear/8Qs1awIYNQc.jpg,Animal,skipped,
Species_mp4/Bear/ltDGLOZbYy0.mp4,a bear laying on the snow with its eyes closed,Bear,7,ltDGLOZbYy0,57,Bear_ID_025,57,reference_images/Bear/ltDGLOZbYy0.jpg,Animal,skipped,
Species_mp4/Bear/4_iLElMQvjc_2.mp4,a bear sitting on a wooden platform in a zoo enclosure,Bear,7,4_iLElMQvjc_2,58,Bear_ID_026,58,reference_images/Bear/4_iLElMQvjc_2.jpg,Animal,skipped,
Species_mp4/Bear/4_iLElMQvjc_1.mp4,a bear sitting on a wooden platform with a quote on it,Bear,7,4_iLElMQvjc_1,58,Bear_ID_026,58,reference_images/Bear/4_iLElMQvjc_1.jpg,Animal,skipped,
Species_mp4/Bear/bNOL6-K7ozI.mp4,a bear eating a piece of food on a stone floor,Bear,7,bNOL6-K7ozI,59,Bear_ID_027,59,reference_images/Bear/bNOL6-K7ozI.jpg,Animal,skipped,
Species_mp4/Bear/Y9HHPY-s8AA.mp4,a bear is eating a carrot in its mouth on the ground,Bear,7,Y9HHPY-s8AA,59,Bear_ID_027,59,reference_images/Bear/Y9HHPY-s8AA.jpg,Animal,skipped,
Species_mp4/Bear/lCNcP5S-Mjk_4.mp4,a bear sitting on the ground in the woods eating something,Bear,7,lCNcP5S-Mjk_4,59,Bear_ID_027,59,reference_images/Bear/lCNcP5S-Mjk_4.jpg,Animal,skipped,
Species_mp4/Bear/ShDxgC6TJvY.mp4,a bear is sitting on the ground eating a piece of food,Bear,7,ShDxgC6TJvY,59,Bear_ID_027,59,reference_images/Bear/ShDxgC6TJvY.jpg,Animal,skipped,
Species_mp4/Bear/lCNcP5S-Mjk_5.mp4,a bear is sitting in the dirt behind a fence,Bear,7,lCNcP5S-Mjk_5,59,Bear_ID_027,59,reference_images/Bear/lCNcP5S-Mjk_5.jpg,Animal,skipped,
Species_mp4/Bear/wWgdrMOH8d4.mp4,a bear is sitting on a rock eating a banana,Bear,7,wWgdrMOH8d4,59,Bear_ID_027,59,reference_images/Bear/wWgdrMOH8d4.jpg,Animal,skipped,
Species_mp4/Bear/lCNcP5S-Mjk_1.mp4,a bear sitting on the ground in the middle of a forest,Bear,7,lCNcP5S-Mjk_1,59,Bear_ID_027,59,reference_images/Bear/lCNcP5S-Mjk_1.jpg,Animal,skipped,
Species_mp4/Bear/nINyy2YAkxo.mp4,a bear in the water with a fish in its mouth,Bear,7,nINyy2YAkxo,60,Bear_ID_028,60,reference_images/Bear/nINyy2YAkxo.jpg,Animal,skipped,
Species_mp4/Bear/-0f7VBOnk8g.mp4,a bear laying in the grass with its mouth open,Bear,7,-0f7VBOnk8g,61,Bear_ID_029,61,reference_images/Bear/-0f7VBOnk8g.jpg,Animal,skipped,
Species_mp4/Bear/c3TAhpq3elw_2.mp4,a bear laying on the beach with its head on the sand,Bear,7,c3TAhpq3elw_2,62,Bear_ID_030,62,reference_images/Bear/c3TAhpq3elw_2.jpg,Animal,skipped,
Species_mp4/Bear/97n6qA_2834.mp4,a bear standing on a rock in a grassy field next to a stream,Bear,7,97n6qA_2834,63,Bear_ID_031,63,reference_images/Bear/97n6qA_2834.jpg,Animal,skipped,
Species_mp4/Bear/nt37Niy8sPU.mp4,a bear is laying down on the ground with his paw on the ground,Bear,7,nt37Niy8sPU,64,Bear_ID_032,64,reference_images/Bear/nt37Niy8sPU.jpg,Animal,skipped,
Species_mp4/Bear/PiEJtJc2yrs.mp4,a bear is laying down on the ground with its head on a persons foot,Bear,7,PiEJtJc2yrs,64,Bear_ID_032,64,reference_images/Bear/PiEJtJc2yrs.jpg,Animal,skipped,
Species_mp4/Bear/CWUSGE6Abr4.mp4,a bear laying in the grass with a speech bubble above it,Bear,7,CWUSGE6Abr4,65,Bear_ID_033,65,reference_images/Bear/CWUSGE6Abr4.jpg,Animal,skipped,
Species_mp4/Bear/pSVNj57WHcQ_2.mp4,a bear climbing a tree in the middle of a forest,Bear,7,pSVNj57WHcQ_2,66,Bear_ID_034,66,reference_images/Bear/pSVNj57WHcQ_2.jpg,Animal,skipped,
Species_mp4/Bear/9bdqiQBKRm8_2.mp4,a bear is standing on the ground eating something off of a wooden box,Bear,7,9bdqiQBKRm8_2,67,Bear_ID_035,67,reference_images/Bear/9bdqiQBKRm8_2.jpg,Animal,skipped,
Species_mp4/Bear/9bdqiQBKRm8_1.mp4,a bear is eating a piece of food on the ground,Bear,7,9bdqiQBKRm8_1,67,Bear_ID_035,67,reference_images/Bear/9bdqiQBKRm8_1.jpg,Animal,skipped,
Species_mp4/Bear/qR_4OSenQQs.mp4,a bear is sitting in the grass near a tree,Bear,7,qR_4OSenQQs,68,Bear_ID_036,68,reference_images/Bear/qR_4OSenQQs.jpg,Animal,skipped,
Species_mp4/Bear/wzqmruOM-g0.mp4,a bear walking on the street in front of a trash can,Bear,7,wzqmruOM-g0,69,Bear_ID_037,69,reference_images/Bear/wzqmruOM-g0.jpg,Animal,skipped,
Species_mp4/Bear/f2du0FhDrOI.mp4,a bear walking through a river with rocks and water,Bear,7,f2du0FhDrOI,70,Bear_ID_038,70,reference_images/Bear/f2du0FhDrOI.jpg,Animal,skipped,
Species_mp4/Bear/EnfEHWP6ENU.mp4,a bear is standing in a hole in the dirt,Bear,7,EnfEHWP6ENU,71,Bear_ID_039,71,reference_images/Bear/EnfEHWP6ENU.jpg,Animal,skipped,
Species_mp4/Bear/fyn3UwXFVFc.mp4,a bear and her cub are in a zoo enclosure eating grass,Bear,7,fyn3UwXFVFc,71,Bear_ID_039,71,reference_images/Bear/fyn3UwXFVFc.jpg,Animal,skipped,
Species_mp4/Bear/4iHVC98d2w4.mp4,a bear is walking along a river with a branch in its mouth,Bear,7,4iHVC98d2w4,72,Bear_ID_040,72,reference_images/Bear/4iHVC98d2w4.jpg,Animal,skipped,
Species_mp4/Bear/3eVR9-6k-ik.mp4,a bear is laying down in the grass in front of a mountain,Bear,7,3eVR9-6k-ik,73,Bear_ID_041,73,reference_images/Bear/3eVR9-6k-ik.jpg,Animal,skipped,
Species_mp4/Bear/q187W9ORInc.mp4,a bear is eating a green ball on a rock,Bear,7,q187W9ORInc,74,Bear_ID_042,74,reference_images/Bear/q187W9ORInc.jpg,Animal,skipped,
Species_mp4/Bear/NvPIdQ022T8.mp4,a bear in a field of tall grass with a bird nearby,Bear,7,NvPIdQ022T8,75,Bear_ID_043,75,reference_images/Bear/NvPIdQ022T8.jpg,Animal,skipped,
Species_mp4/Bear/hgW8MZV1LiI_1.mp4,a bear walking on a snowy hill in the snow,Bear,7,hgW8MZV1LiI_1,76,Bear_ID_044,76,reference_images/Bear/hgW8MZV1LiI_1.jpg,Animal,skipped,
Species_mp4/Bear/54O_B1PCKb0_1.mp4,a bear is sleeping in a cage with his head on the bars,Bear,7,54O_B1PCKb0_1,77,Bear_ID_045,77,reference_images/Bear/54O_B1PCKb0_1.jpg,Animal,skipped,
Species_mp4/Bear/9t9oM4ivVeM.mp4,a bear is laying in the snow with its head on the ground,Bear,7,9t9oM4ivVeM,78,Bear_ID_046,78,reference_images/Bear/9t9oM4ivVeM.jpg,Animal,skipped,
Species_mp4/Bear/LQ89dlGPni8.mp4,a bear walking down a road in the rain with a car in the background,Bear,7,LQ89dlGPni8,79,Bear_ID_047,79,reference_images/Bear/LQ89dlGPni8.jpg,Animal,skipped,
Species_mp4/Bear/2HB0Em2PqrM.mp4,a bear is walking through the water with a fish in its mouth,Bear,7,2HB0Em2PqrM,80,Bear_ID_048,80,reference_images/Bear/2HB0Em2PqrM.jpg,Animal,skipped,
Species_mp4/Bear/lCNcP5S-Mjk_3.mp4,a bear is sitting in the middle of a forest with trees,Bear,7,lCNcP5S-Mjk_3,81,Bear_ID_049,81,reference_images/Bear/lCNcP5S-Mjk_3.jpg,Animal,skipped,
Species_mp4/Bear/Rfo233Q6aOg.mp4,a bear walking on the ice in the middle of the ocean,Bear,7,Rfo233Q6aOg,82,Bear_ID_050,82,reference_images/Bear/Rfo233Q6aOg.jpg,Animal,skipped,
Species_mp4/Bear/C8d3w82Hcqo.mp4,a bear walking in the dirt near a fence and a bucket,Bear,7,C8d3w82Hcqo,83,Bear_ID_051,83,reference_images/Bear/C8d3w82Hcqo.jpg,Animal,skipped,
Species_mp4/Bear/fQF3LQleYK8_1.mp4,a bear is eating a fish in a stream of water,Bear,7,fQF3LQleYK8_1,84,Bear_ID_052,84,reference_images/Bear/fQF3LQleYK8_1.jpg,Animal,skipped,
Species_mp4/Bear/Kh7zxK-XWbE.mp4,a bear is eating grass in the woods on a sunny day,Bear,7,Kh7zxK-XWbE,85,Bear_ID_053,85,reference_images/Bear/Kh7zxK-XWbE.jpg,Animal,skipped,
Species_mp4/Bear/vuV1uePYlsY_1.mp4,a bear is laying in the tall grass in the woods,Bear,7,vuV1uePYlsY_1,86,Bear_ID_054,86,reference_images/Bear/vuV1uePYlsY_1.jpg,Animal,skipped,
Species_mp4/Bear/vuV1uePYlsY_2.mp4,a bear is walking through the tall grass in the woods,Bear,7,vuV1uePYlsY_2,86,Bear_ID_054,86,reference_images/Bear/vuV1uePYlsY_2.jpg,Animal,skipped,
Species_mp4/Bear/-F_Mp55aEeU.mp4,a bear standing in water looking at something in the distance,Bear,7,-F_Mp55aEeU,87,Bear_ID_055,87,reference_images/Bear/-F_Mp55aEeU.jpg,Animal,skipped,
Species_mp4/Bear/GyPKMq65OoU.mp4,a bear is sitting in the water and looking at something,Bear,7,GyPKMq65OoU,88,Bear_ID_056,88,reference_images/Bear/GyPKMq65OoU.jpg,Animal,skipped,
Species_mp4/Bear/tzjHn8Cnhwg.mp4,a bear in a field of tall grass eating grass,Bear,7,tzjHn8Cnhwg,89,Bear_ID_057,89,reference_images/Bear/tzjHn8Cnhwg.jpg,Animal,skipped,
Species_mp4/Bear/q4e-eCMrzF0_1.mp4,a bear is walking around in the grass near a pile of hay,Bear,7,q4e-eCMrzF0_1,89,Bear_ID_057,89,reference_images/Bear/q4e-eCMrzF0_1.jpg,Animal,skipped,
Species_mp4/Bear/fjaHbDkCzI0.mp4,a bear is leaning against a tree and looking up,Bear,7,fjaHbDkCzI0,89,Bear_ID_057,89,reference_images/Bear/fjaHbDkCzI0.jpg,Animal,skipped,
Species_mp4/Bear/q4e-eCMrzF0_2.mp4,a bear walking in the woods near a pile of grass,Bear,7,q4e-eCMrzF0_2,89,Bear_ID_057,89,reference_images/Bear/q4e-eCMrzF0_2.jpg,Animal,skipped,
Species_mp4/Bear/mizsfy68DJo.mp4,a bear is looking at something in the distance while standing in the mud,Bear,7,mizsfy68DJo,89,Bear_ID_057,89,reference_images/Bear/mizsfy68DJo.jpg,Animal,skipped,
Species_mp4/Bear/MgylMfyXARY.mp4,a bear sitting on the rocks near the water,Bear,7,MgylMfyXARY,89,Bear_ID_057,89,reference_images/Bear/MgylMfyXARY.jpg,Animal,skipped,
Species_mp4/Bear/OwR041ZT6UU.mp4,a bear walking on a rocky hill next to a tree,Bear,7,OwR041ZT6UU,89,Bear_ID_057,89,reference_images/Bear/OwR041ZT6UU.jpg,Animal,skipped,
Species_mp4/Bear/eDvAWG6umWM.mp4,a bear in the woods looking for food in the bushes,Bear,7,eDvAWG6umWM,90,Bear_ID_058,90,reference_images/Bear/eDvAWG6umWM.jpg,Animal,skipped,
Species_mp4/Bear/k1DPL5bON2s.mp4,a bear walking in a field of grass near trees,Bear,7,k1DPL5bON2s,90,Bear_ID_058,90,reference_images/Bear/k1DPL5bON2s.jpg,Animal,skipped,
Species_mp4/Bear/grgXR4JhulQ.mp4,a bear walking around in a zoo enclosure with a wooden fence,Bear,7,grgXR4JhulQ,91,Bear_ID_059,91,reference_images/Bear/grgXR4JhulQ.jpg,Animal,skipped,
Species_mp4/Bear/YZ5SfKY0gu0.mp4,a bear walking through a forest with tall trees and grass,Bear,7,YZ5SfKY0gu0,92,Bear_ID_060,92,reference_images/Bear/YZ5SfKY0gu0.jpg,Animal,skipped,
Species_mp4/Bear/qlLIno5cRBM.mp4,a bear is eating grass in a fenced in area,Bear,7,qlLIno5cRBM,93,Bear_ID_061,93,reference_images/Bear/qlLIno5cRBM.jpg,Animal,skipped,
Species_mp4/Bear/sv26Nvo__Ws.mp4,a bear eating a piece of watermelon on a tree branch,Bear,7,sv26Nvo__Ws,94,Bear_ID_062,94,reference_images/Bear/sv26Nvo__Ws.jpg,Animal,skipped,
Species_mp4/Bear/vw2fOTb1BOw.mp4,a bear is walking around in a zoo enclosure with a water trough,Bear,7,vw2fOTb1BOw,95,Bear_ID_063,95,reference_images/Bear/vw2fOTb1BOw.jpg,Animal,skipped,
Species_mp4/Bear/vixaF2qWCT8.mp4,a bear standing next to a pile of rocks and a bucket,Bear,7,vixaF2qWCT8,95,Bear_ID_063,95,reference_images/Bear/vixaF2qWCT8.jpg,Animal,skipped,
Species_mp4/Bear/AZXrb83YjT4.mp4,a bear holding a carrot in its mouth while sitting in the woods,Bear,7,AZXrb83YjT4,96,Bear_ID_064,96,reference_images/Bear/AZXrb83YjT4.jpg,Animal,skipped,
Species_mp4/Bear/bYXdSRP4wM4.mp4,a bear with a fish in its mouth on a rock,Bear,7,bYXdSRP4wM4,97,Bear_ID_065,97,reference_images/Bear/bYXdSRP4wM4.jpg,Animal,skipped,
Species_mp4/Bear/jAQieQ7l3HI.mp4,a bear standing on its hind legs with a fish in its mouth,Bear,7,jAQieQ7l3HI,97,Bear_ID_065,97,reference_images/Bear/jAQieQ7l3HI.jpg,Animal,skipped,
Species_mp4/Bear/tvkcqTkzN1s.mp4,a bear eating a carrot on a rock in a zoo enclosure,Bear,7,tvkcqTkzN1s,98,Bear_ID_066,98,reference_images/Bear/tvkcqTkzN1s.jpg,Animal,skipped,
Species_mp4/Bear/dryl0NbOBq0.mp4,a bear eating food in a cage at a zoo,Bear,7,dryl0NbOBq0,99,Bear_ID_067,99,reference_images/Bear/dryl0NbOBq0.jpg,Animal,skipped,
Species_mp4/Bear/14kRRjPiGC4.mp4,a bear is sitting on a branch in the woods,Bear,7,14kRRjPiGC4,100,Bear_ID_068,100,reference_images/Bear/14kRRjPiGC4.jpg,Animal,skipped,
Species_mp4/Bear/zt2h_GUa5BI.mp4,a bear is standing on a rock in the water,Bear,7,zt2h_GUa5BI,101,Bear_ID_069,101,reference_images/Bear/zt2h_GUa5BI.jpg,Animal,skipped,
Species_mp4/Bear/OsrgRhi7IYI.mp4,a bear is eating grass behind a fence on a foggy day,Bear,7,OsrgRhi7IYI,102,Bear_ID_070,102,reference_images/Bear/OsrgRhi7IYI.jpg,Animal,skipped,
Species_mp4/Bear/DL3vz_PHVMQ.mp4,a bear walking on a rocky beach with a rock in the foreground,Bear,7,DL3vz_PHVMQ,103,Bear_ID_071,103,reference_images/Bear/DL3vz_PHVMQ.jpg,Animal,skipped,
Species_mp4/Bear/o7W4CqtozMM.mp4,a bear sitting in the grass near a tree eating something,Bear,7,o7W4CqtozMM,104,Bear_ID_072,104,reference_images/Bear/o7W4CqtozMM.jpg,Animal,skipped,
Species_mp4/Bear/gIxhGA_uqvQ_2.mp4,a bear standing on a rock ledge next to a pile of rocks,Bear,7,gIxhGA_uqvQ_2,105,Bear_ID_073,105,reference_images/Bear/gIxhGA_uqvQ_2.jpg,Animal,skipped,
Species_mp4/Bear/z5SHe44MLXc.mp4,a bear sitting in the grass in the woods looking at something,Bear,7,z5SHe44MLXc,106,Bear_ID_074,106,reference_images/Bear/z5SHe44MLXc.jpg,Animal,skipped,
Species_mp4/Bear/tO0G4IA2qiA.mp4,a bear is laying down in the grass near a tree,Bear,7,tO0G4IA2qiA,107,Bear_ID_075,107,reference_images/Bear/tO0G4IA2qiA.jpg,Animal,skipped,
Species_mp4/Bear/0QUUJX7UxOc.mp4,a bear walking on rocks in a rocky area next to a tree,Bear,7,0QUUJX7UxOc,108,Bear_ID_076,108,reference_images/Bear/0QUUJX7UxOc.jpg,Animal,skipped,
Species_mp4/Bear/qtmFm02cEOI.mp4,a bear walking through a field of tall grass near a forest,Bear,7,qtmFm02cEOI,109,Bear_ID_077,109,reference_images/Bear/qtmFm02cEOI.jpg,Animal,skipped,
Species_mp4/Bear/rlGTUlAr718.mp4,a bear laying on the ground next to a tree in the woods,Bear,7,rlGTUlAr718,110,Bear_ID_078,110,reference_images/Bear/rlGTUlAr718.jpg,Animal,skipped,
Species_mp4/Bear/-p_14Euw9Yk.mp4,a bear in the water surrounded by birds and water,Bear,7,-p_14Euw9Yk,111,Bear_ID_079,111,reference_images/Bear/-p_14Euw9Yk.jpg,Animal,skipped,
Species_mp4/Bear/EiiygHoxCxc_1.mp4,a bear eating from a plastic container in a field,Bear,7,EiiygHoxCxc_1,112,Bear_ID_080,112,reference_images/Bear/EiiygHoxCxc_1.jpg,Animal,skipped,
Species_mp4/Bear/8safjIc4byk.mp4,a bear sitting on the ground eating a banana in the grass,Bear,7,8safjIc4byk,113,Bear_ID_081,113,reference_images/Bear/8safjIc4byk.jpg,Animal,skipped,
Species_mp4/Bear/ViJfjBORRn0.mp4,a bear standing on rocks in a stream of water,Bear,7,ViJfjBORRn0,114,Bear_ID_082,114,reference_images/Bear/ViJfjBORRn0.jpg,Animal,skipped,
Species_mp4/Bear/mLaqlS2GUW0.mp4,a bear walking on a dirt ground next to a tree,Bear,7,mLaqlS2GUW0,115,Bear_ID_083,115,reference_images/Bear/mLaqlS2GUW0.jpg,Animal,skipped,
Species_mp4/Bear/TlU61gagyOE.mp4,a bear laying on the ground in a gravel area,Bear,7,TlU61gagyOE,116,Bear_ID_084,116,reference_images/Bear/TlU61gagyOE.jpg,Animal,skipped,
Species_mp4/Bear/nuBPP0Fej5w.mp4,a bear laying on the ground in a gravel area,Bear,7,nuBPP0Fej5w,116,Bear_ID_084,116,reference_images/Bear/nuBPP0Fej5w.jpg,Animal,skipped,
Species_mp4/Bear/IfLsT4heovQ.mp4,a bear sitting on a ledge watching the sun set,Bear,7,IfLsT4heovQ,117,Bear_ID_085,117,reference_images/Bear/IfLsT4heovQ.jpg,Animal,skipped,
Species_mp4/Bear/Ucus-vY3i74.mp4,a bear sitting in the woods with a small black bear,Bear,7,Ucus-vY3i74,118,Bear_ID_086,118,reference_images/Bear/Ucus-vY3i74.jpg,Animal,skipped,
Species_mp4/Bear/ec0uQSorEu0.mp4,a bear is looking up at the camera while standing in the grass,Bear,7,ec0uQSorEu0,119,Bear_ID_087,119,reference_images/Bear/ec0uQSorEu0.jpg,Animal,skipped,
Species_mp4/Bear/my-eKXLtNvM.mp4,a bear standing in a field of grass with mountains in the background,Bear,7,my-eKXLtNvM,120,Bear_ID_088,120,reference_images/Bear/my-eKXLtNvM.jpg,Animal,skipped,
Species_mp4/Bear/D_lc-k5k3IY.mp4,a bear eating a fish on a rock in a stream,Bear,7,D_lc-k5k3IY,121,Bear_ID_089,121,reference_images/Bear/D_lc-k5k3IY.jpg,Animal,skipped,
Species_mp4/Bear/sH112pk2qwY.mp4,a bear sitting in the grass with a leaf in its mouth,Bear,7,sH112pk2qwY,121,Bear_ID_089,121,reference_images/Bear/sH112pk2qwY.jpg,Animal,skipped,
Species_mp4/Bear/8QGNrBAShWY.mp4,a bear laying on a tree branch in the woods,Bear,7,8QGNrBAShWY,121,Bear_ID_089,121,reference_images/Bear/8QGNrBAShWY.jpg,Animal,skipped,
Species_mp4/Bear/qFfVgMNiYQw.mp4,a bear is drinking water from a pond near a grassy area,Bear,7,qFfVgMNiYQw,122,Bear_ID_090,122,reference_images/Bear/qFfVgMNiYQw.jpg,Animal,skipped,
Species_mp4/Bear/Qq-WspmH_WY.mp4,a bear with a black spot on its nose and a white coat,Bear,7,Qq-WspmH_WY,123,Bear_ID_091,123,reference_images/Bear/Qq-WspmH_WY.jpg,Animal,skipped,
Species_mp4/Bear/juhv9X8IeBQ.mp4,a bear climbing up a rock wall with a tree in the background,Bear,7,juhv9X8IeBQ,124,Bear_ID_092,124,reference_images/Bear/juhv9X8IeBQ.jpg,Animal,skipped,
Species_mp4/Bear/D1Q-NuJfaCU_1.mp4,a bear drinking water from a pond in a rocky area,Bear,7,D1Q-NuJfaCU_1,125,Bear_ID_093,125,reference_images/Bear/D1Q-NuJfaCU_1.jpg,Animal,skipped,
Species_mp4/Bear/D1Q-NuJfaCU_2.mp4,a bear is drinking water from a pond in the wilderness,Bear,7,D1Q-NuJfaCU_2,125,Bear_ID_093,125,reference_images/Bear/D1Q-NuJfaCU_2.jpg,Animal,skipped,
Species_mp4/Bear/F53wV97p3vQ.mp4,a bear is sitting in a tree with moss on it,Bear,7,F53wV97p3vQ,126,Bear_ID_094,126,reference_images/Bear/F53wV97p3vQ.jpg,Animal,skipped,
Species_mp4/Bear/c3TAhpq3elw_1.mp4,a bear laying on its back on the floor with its head on the floor,Bear,7,c3TAhpq3elw_1,127,Bear_ID_095,127,reference_images/Bear/c3TAhpq3elw_1.jpg,Animal,skipped,
Species_mp4/Bear/CfCAxKmWr18.mp4,a bear is walking around in the woods near a tree,Bear,7,CfCAxKmWr18,128,Bear_ID_096,128,reference_images/Bear/CfCAxKmWr18.jpg,Animal,skipped,
Species_mp4/Bear/agsmvE8oa_Y.mp4,a bear standing on a rock near a pool of water,Bear,7,agsmvE8oa_Y,129,Bear_ID_097,129,reference_images/Bear/agsmvE8oa_Y.jpg,Animal,skipped,
Species_mp4/Bear/B7KLpF5jQuQ.mp4,a bear is sitting on a cooler with a blue seat,Bear,7,B7KLpF5jQuQ,130,Bear_ID_098,130,reference_images/Bear/B7KLpF5jQuQ.jpg,Animal,skipped,
Species_mp4/Bear/7DvYPdg7uFU.mp4,a bear is laying on a rock near a body of water,Bear,7,7DvYPdg7uFU,131,Bear_ID_099,131,reference_images/Bear/7DvYPdg7uFU.jpg,Animal,skipped,
Species_mp4/Bear/sRyoumONgMA.mp4,a bear walking in the snow in a blizzard looking for food,Bear,7,sRyoumONgMA,132,Bear_ID_100,132,reference_images/Bear/sRyoumONgMA.jpg,Animal,skipped,
Species_mp4/Bear/1BlFWKIjDkw.mp4,a bear walking through a forest with a camera in its mouth,Bear,7,1BlFWKIjDkw,133,Bear_ID_101,133,reference_images/Bear/1BlFWKIjDkw.jpg,Animal,skipped,
Species_mp4/Lion/SzdE7Vh8frM.mp4,a lion in a cage with people watching it,Lion,42,SzdE7Vh8frM,1171,Lion_ID_000,1171,reference_images/Lion/SzdE7Vh8frM.jpg,Animal,skipped,
Species_mp4/Lion/nNhQRga8J3Y.mp4,a lion walking on a dirt road next to a forest,Lion,42,nNhQRga8J3Y,1172,Lion_ID_001,1172,reference_images/Lion/nNhQRga8J3Y.jpg,Animal,skipped,
Species_mp4/Lion/lr3LHibrUOc_1.mp4,a lion eating a piece of meat in the dirt,Lion,42,lr3LHibrUOc_1,1173,Lion_ID_002,1173,reference_images/Lion/lr3LHibrUOc_1.jpg,Animal,skipped,
Species_mp4/Lion/CvAdqbqgR70.mp4,a lion walking through the grass in the wild with a bush,Lion,42,CvAdqbqgR70,1173,Lion_ID_002,1173,reference_images/Lion/CvAdqbqgR70.jpg,Animal,skipped,
Species_mp4/Lion/ir_r945jNF0.mp4,a lion sitting on a tree branch eating a piece of fruit,Lion,42,ir_r945jNF0,1174,Lion_ID_003,1174,reference_images/Lion/ir_r945jNF0.jpg,Animal,skipped,
Species_mp4/Lion/vmFAbpfF3Dg_2.mp4,a lion eating a carcass in the grass with a tree in the background,Lion,42,vmFAbpfF3Dg_2,1175,Lion_ID_004,1175,reference_images/Lion/vmFAbpfF3Dg_2.jpg,Animal,skipped,
Species_mp4/Lion/vmFAbpfF3Dg_1.mp4,a lion eating a dead animal in a grassy field,Lion,42,vmFAbpfF3Dg_1,1175,Lion_ID_004,1175,reference_images/Lion/vmFAbpfF3Dg_1.jpg,Animal,skipped,
Species_mp4/Lion/a8E1Z5gMKE0.mp4,a lion walking across the road next to a car,Lion,42,a8E1Z5gMKE0,1176,Lion_ID_005,1176,reference_images/Lion/a8E1Z5gMKE0.jpg,Animal,skipped,
Species_mp4/Lion/4TxCglqdKIc.mp4,a lion crossing the road in front of a car,Lion,42,4TxCglqdKIc,1176,Lion_ID_005,1176,reference_images/Lion/4TxCglqdKIc.jpg,Animal,skipped,
Species_mp4/Lion/XvGg5pVU8Hk.mp4,a lion laying in a field with a sky background,Lion,42,XvGg5pVU8Hk,1177,Lion_ID_006,1177,reference_images/Lion/XvGg5pVU8Hk.jpg,Animal,skipped,
Species_mp4/Lion/Ck8AkA7PIBg.mp4,a lion tamarin sitting on a tree stump in a zoo,Lion,42,Ck8AkA7PIBg,1178,Lion_ID_007,1178,reference_images/Lion/Ck8AkA7PIBg.jpg,Animal,skipped,
Species_mp4/Lion/kzx_2reOX9E.mp4,a lion cub walking through a grassy field with a tree in the background,Lion,42,kzx_2reOX9E,1179,Lion_ID_008,1179,reference_images/Lion/kzx_2reOX9E.jpg,Animal,skipped,
Species_mp4/Lion/vIO34hZeTYs.mp4,a lion standing on a dirt ground next to a rock wall,Lion,42,vIO34hZeTYs,1180,Lion_ID_009,1180,reference_images/Lion/vIO34hZeTYs.jpg,Animal,skipped,
Species_mp4/Lion/SA55gH-ybG4.mp4,a lion eating a piece of grass in a field,Lion,42,SA55gH-ybG4,1181,Lion_ID_010,1181,reference_images/Lion/SA55gH-ybG4.jpg,Animal,skipped,
Species_mp4/Lion/V73wNPjr1Go.mp4,a lion walking through a field of tall grass with trees in the background,Lion,42,V73wNPjr1Go,1182,Lion_ID_011,1182,reference_images/Lion/V73wNPjr1Go.jpg,Animal,skipped,
Species_mp4/Lion/5G5XTZaWlSY.mp4,a lion is walking through the grass in a zoo enclosure,Lion,42,5G5XTZaWlSY,1183,Lion_ID_012,1183,reference_images/Lion/5G5XTZaWlSY.jpg,Animal,skipped,
Species_mp4/Lion/2kIJXo4eNc8.mp4,a lion sitting in front of a door in a zoo enclosure,Lion,42,2kIJXo4eNc8,1184,Lion_ID_013,1184,reference_images/Lion/2kIJXo4eNc8.jpg,Animal,skipped,
Species_mp4/Lion/YB7ZKyXvpI0.mp4,a lion walking in a zoo enclosure with a fence and a tree,Lion,42,YB7ZKyXvpI0,1185,Lion_ID_014,1185,reference_images/Lion/YB7ZKyXvpI0.jpg,Animal,skipped,
Species_mp4/Lion/agGJhTsa3mk.mp4,a lion walking in a zoo enclosure with a brick wall,Lion,42,agGJhTsa3mk,1185,Lion_ID_014,1185,reference_images/Lion/agGJhTsa3mk.jpg,Animal,skipped,
Species_mp4/Lion/62awaNG0AYg.mp4,a lion standing in a zoo enclosure with a fence and a tree,Lion,42,62awaNG0AYg,1185,Lion_ID_014,1185,reference_images/Lion/62awaNG0AYg.jpg,Animal,skipped,
Species_mp4/Lion/KPN8N_fgCMk.mp4,a lion standing in the grass next to a car,Lion,42,KPN8N_fgCMk,1186,Lion_ID_015,1186,reference_images/Lion/KPN8N_fgCMk.jpg,Animal,skipped,
Species_mp4/Lion/iTGCsfBhemg.mp4,a lion is walking through the tall grass in the wild,Lion,42,iTGCsfBhemg,1186,Lion_ID_015,1186,reference_images/Lion/iTGCsfBhemg.jpg,Animal,skipped,
Species_mp4/Lion/vlSJLY8MIrQ.mp4,a lion cub laying on the ground next to a baby lion,Lion,42,vlSJLY8MIrQ,1187,Lion_ID_016,1187,reference_images/Lion/vlSJLY8MIrQ.jpg,Animal,skipped,
Species_mp4/Lion/br6J2M2gnOU_1.mp4,a lion laying on the ground eating a piece of meat,Lion,42,br6J2M2gnOU_1,1188,Lion_ID_017,1188,reference_images/Lion/br6J2M2gnOU_1.jpg,Animal,skipped,
Species_mp4/Lion/SfER_JuLz-c.mp4,a lion in a cage at a zoo with a fence,Lion,42,SfER_JuLz-c,1189,Lion_ID_018,1189,reference_images/Lion/SfER_JuLz-c.jpg,Animal,skipped,
Species_mp4/Lion/2mdu2yjYLOI.mp4,a lion is standing in the grass and looking at something,Lion,42,2mdu2yjYLOI,1190,Lion_ID_019,1190,reference_images/Lion/2mdu2yjYLOI.jpg,Animal,skipped,
Species_mp4/Lion/N00g7OkBTiM.mp4,a lion laying in the shade of a tree in the wild,Lion,42,N00g7OkBTiM,1191,Lion_ID_020,1191,reference_images/Lion/N00g7OkBTiM.jpg,Animal,skipped,
Species_mp4/Lion/rKusuPsu9KA.mp4,a lion standing next to a fence in a zoo enclosure,Lion,42,rKusuPsu9KA,1191,Lion_ID_020,1191,reference_images/Lion/rKusuPsu9KA.jpg,Animal,skipped,
Species_mp4/Lion/cymA1kyvU8s.mp4,a lion in the wild with a butterfly flying above it,Lion,42,cymA1kyvU8s,1192,Lion_ID_021,1192,reference_images/Lion/cymA1kyvU8s.jpg,Animal,skipped,
Species_mp4/Lion/XVYl3vj1JJ4.mp4,a lion in the grass with a black and white striped shirt,Lion,42,XVYl3vj1JJ4,1193,Lion_ID_022,1193,reference_images/Lion/XVYl3vj1JJ4.jpg,Animal,skipped,
Species_mp4/Lion/mtfLlMcoxJI.mp4,a lion standing in a grassy field next to a river,Lion,42,mtfLlMcoxJI,1194,Lion_ID_023,1194,reference_images/Lion/mtfLlMcoxJI.jpg,Animal,skipped,
Species_mp4/Lion/4BUf4qmFRPE.mp4,a lion walking in the grass near a tree and bushes,Lion,42,4BUf4qmFRPE,1195,Lion_ID_024,1195,reference_images/Lion/4BUf4qmFRPE.jpg,Animal,skipped,
Species_mp4/Lion/3DdOc8tZCJY.mp4,a lion is sitting in a tree with a leaf in its mouth,Lion,42,3DdOc8tZCJY,1196,Lion_ID_025,1196,reference_images/Lion/3DdOc8tZCJY.jpg,Animal,skipped,
Species_mp4/Lion/TryxYovjKR4.mp4,a lion is standing in the grass and looking at something,Lion,42,TryxYovjKR4,1197,Lion_ID_026,1197,reference_images/Lion/TryxYovjKR4.jpg,Animal,skipped,
Species_mp4/Lion/OZXc8R4wc7A.mp4,a lion cub is standing in the grass next to a bamboo tree,Lion,42,OZXc8R4wc7A,1198,Lion_ID_027,1198,reference_images/Lion/OZXc8R4wc7A.jpg,Animal,skipped,
Species_mp4/Lion/Tm3oj3bLH90.mp4,a lion in a cage with a bird on its head,Lion,42,Tm3oj3bLH90,1199,Lion_ID_028,1199,reference_images/Lion/Tm3oj3bLH90.jpg,Animal,skipped,
Species_mp4/Wolf/dMWqwAWFWbo.mp4,a wolf dog laying on a window sill looking out a window,Wolf,81,dMWqwAWFWbo,1707,Wolf_ID_000,1707,reference_images/Wolf/dMWqwAWFWbo.jpg,Animal,skipped,
Species_mp4/Wolf/4242wzYKXVA.mp4,a wolf walking through a forest with rocks and trees,Wolf,81,4242wzYKXVA,1708,Wolf_ID_001,1708,reference_images/Wolf/4242wzYKXVA.jpg,Animal,skipped,
Species_mp4/Wolf/j4U-egQC2Uw.mp4,a wolf standing on its hind legs in a rocky area,Wolf,81,j4U-egQC2Uw,1709,Wolf_ID_002,1709,reference_images/Wolf/j4U-egQC2Uw.jpg,Animal,skipped,
Species_mp4/Wolf/0KjrVEAB7uI.mp4,a wolf is sleeping on the ground next to a tree,Wolf,81,0KjrVEAB7uI,1709,Wolf_ID_002,1709,reference_images/Wolf/0KjrVEAB7uI.jpg,Animal,skipped,
Species_mp4/Wolf/jwqzeptq6L4.mp4,a wolf laying in the grass under a wooden structure,Wolf,81,jwqzeptq6L4,1709,Wolf_ID_002,1709,reference_images/Wolf/jwqzeptq6L4.jpg,Animal,skipped,
Species_mp4/Wolf/YUuBBqbE2Es.mp4,a wolf laying in a hay covered enclosure with a door open,Wolf,81,YUuBBqbE2Es,1709,Wolf_ID_002,1709,reference_images/Wolf/YUuBBqbE2Es.jpg,Animal,skipped,
Species_mp4/Wolf/N2l5FAtkKFk_2.mp4,a wolf is standing in the grass with a frisbee in its mouth,Wolf,81,N2l5FAtkKFk_2,1710,Wolf_ID_003,1710,reference_images/Wolf/N2l5FAtkKFk_2.jpg,Animal,skipped,
Species_mp4/Wolf/N2l5FAtkKFk_1.mp4,a wolf is sitting on the ground in the grass,Wolf,81,N2l5FAtkKFk_1,1710,Wolf_ID_003,1710,reference_images/Wolf/N2l5FAtkKFk_1.jpg,Animal,skipped,
Species_mp4/Wolf/lFeY6SQ0kYU.mp4,a wolf dog standing in the grass next to a blue water bowl,Wolf,81,lFeY6SQ0kYU,1711,Wolf_ID_004,1711,reference_images/Wolf/lFeY6SQ0kYU.jpg,Animal,skipped,
Species_mp4/Wolf/ZmQQ-1BN8lo.mp4,a wolf walking down a dirt road in a forest,Wolf,81,ZmQQ-1BN8lo,1712,Wolf_ID_005,1712,reference_images/Wolf/ZmQQ-1BN8lo.jpg,Animal,skipped,
Species_mp4/Wolf/vwZ0ZArpUcI.mp4,a wolf laying on hay in a barn with a wooden wall,Wolf,81,vwZ0ZArpUcI,1713,Wolf_ID_006,1713,reference_images/Wolf/vwZ0ZArpUcI.jpg,Animal,skipped,
Species_mp4/Wolf/2Nhiqcq7eVc.mp4,a wolf is eating a piece of food in the dirt,Wolf,81,2Nhiqcq7eVc,1714,Wolf_ID_007,1714,reference_images/Wolf/2Nhiqcq7eVc.jpg,Animal,skipped,
Species_mp4/Wolf/H-LaNYMJoBc.mp4,a wolf with a red tag on its nose is walking in the grass,Wolf,81,H-LaNYMJoBc,1715,Wolf_ID_008,1715,reference_images/Wolf/H-LaNYMJoBc.jpg,Animal,skipped,
Species_mp4/Wolf/iYpkwqBJVs0_1.mp4,a wolf eating a piece of meat in a field of grass,Wolf,81,iYpkwqBJVs0_1,1716,Wolf_ID_009,1716,reference_images/Wolf/iYpkwqBJVs0_1.jpg,Animal,skipped,
Species_mp4/Wolf/tj-6O2_WrGo.mp4,a wolf standing in a fenced in area next to a tree,Wolf,81,tj-6O2_WrGo,1717,Wolf_ID_010,1717,reference_images/Wolf/tj-6O2_WrGo.jpg,Animal,skipped,
Species_mp4/Racoon/eJyHXeRMwHo.mp4,a racoon eating out of a bowl on a porch,Raccoon,64,eJyHXeRMwHo,1425,Racoon_ID_000,1425,reference_images/Racoon/eJyHXeRMwHo.jpg,Animal,skipped,
Species_mp4/Racoon/BDCAeqiCF-8.mp4,a racoon drinking water from a glass mug in a kitchen,Raccoon,64,BDCAeqiCF-8,1426,Racoon_ID_001,1426,reference_images/Racoon/BDCAeqiCF-8.jpg,Animal,skipped,
Species_mp4/Racoon/1OvvskdyBoc.mp4,a racoon eating food on the ground in the dark,Raccoon,64,1OvvskdyBoc,1427,Racoon_ID_002,1427,reference_images/Racoon/1OvvskdyBoc.jpg,Animal,skipped,
Species_mp4/Racoon/C8XF8aibTTA.mp4,a racoon in the woods at night with a camera trap,Raccoon,64,C8XF8aibTTA,1428,Racoon_ID_003,1428,reference_images/Racoon/C8XF8aibTTA.jpg,Animal,skipped,
Species_mp4/Racoon/Gxt00JBCTGk.mp4,a racoon eating grass in a dark room with a door,Raccoon,64,Gxt00JBCTGk,1428,Racoon_ID_003,1428,reference_images/Racoon/Gxt00JBCTGk.jpg,Animal,skipped,
Species_mp4/Racoon/Xmzp2gnav7A.mp4,a racoon is seen in the dark in the woods,Raccoon,64,Xmzp2gnav7A,1428,Racoon_ID_003,1428,reference_images/Racoon/Xmzp2gnav7A.jpg,Animal,skipped,
Species_mp4/Racoon/wNsoyJf033I_2.mp4,a racoon on a tree branch in a forest looking down,Raccoon,64,wNsoyJf033I_2,1429,Racoon_ID_004,1429,reference_images/Racoon/wNsoyJf033I_2.jpg,Animal,skipped,
Species_mp4/Racoon/p38FRYgio_E.mp4,a racoon sitting on a metal bench in a cage,Raccoon,64,p38FRYgio_E,1429,Racoon_ID_004,1429,reference_images/Racoon/p38FRYgio_E.jpg,Animal,skipped,
Species_mp4/Racoon/H0Z2vld6JiQ.mp4,a racoon laying on a wooden fence in a wooded area,Raccoon,64,H0Z2vld6JiQ,1429,Racoon_ID_004,1429,reference_images/Racoon/H0Z2vld6JiQ.jpg,Animal,skipped,
Species_mp4/Racoon/3YQi7adeZ5s.mp4,a racoon eating a carrot in a cage with a cage door open,Raccoon,64,3YQi7adeZ5s,1429,Racoon_ID_004,1429,reference_images/Racoon/3YQi7adeZ5s.jpg,Animal,skipped,
Species_mp4/Racoon/kg3b7Hhg3Ng.mp4,a racoon standing on a ledge eating from a bowl,Raccoon,64,kg3b7Hhg3Ng,1429,Racoon_ID_004,1429,reference_images/Racoon/kg3b7Hhg3Ng.jpg,Animal,skipped,
Species_mp4/Racoon/RGdgZMNd_qM.mp4,a racoon sitting at a table with a plate of food and a fork,Raccoon,64,RGdgZMNd_qM,1429,Racoon_ID_004,1429,reference_images/Racoon/RGdgZMNd_qM.jpg,Animal,skipped,
Species_mp4/Racoon/wNsoyJf033I_1.mp4,a racoon in a tree with a white substance on its face,Raccoon,64,wNsoyJf033I_1,1429,Racoon_ID_004,1429,reference_images/Racoon/wNsoyJf033I_1.jpg,Animal,skipped,
Species_mp4/Racoon/hDnAE7G6Nz8.mp4,a racoon sitting on the floor with a toy in its mouth,Raccoon,64,hDnAE7G6Nz8,1429,Racoon_ID_004,1429,reference_images/Racoon/hDnAE7G6Nz8.jpg,Animal,skipped,
Species_mp4/Racoon/J86GJuY9ArM.mp4,a racoon standing on a log in the water with its head down,Raccoon,64,J86GJuY9ArM,1429,Racoon_ID_004,1429,reference_images/Racoon/J86GJuY9ArM.jpg,Animal,skipped,
Species_mp4/Racoon/arzAU0FAfxs.mp4,a racoon sitting on a person ' s lap with a stuffed animal,Raccoon,64,arzAU0FAfxs,1429,Racoon_ID_004,1429,reference_images/Racoon/arzAU0FAfxs.jpg,Animal,skipped,
Species_mp4/Racoon/EoY36j6JRJQ.mp4,a racoon sitting on a branch of a tree with its head on a branch,Raccoon,64,EoY36j6JRJQ,1430,Racoon_ID_005,1430,reference_images/Racoon/EoY36j6JRJQ.jpg,Animal,skipped,
Species_mp4/Racoon/rS3ZdXMHJ98.mp4,a racoon in a tree with its mouth open,Raccoon,64,rS3ZdXMHJ98,1430,Racoon_ID_005,1430,reference_images/Racoon/rS3ZdXMHJ98.jpg,Animal,skipped,
Species_mp4/Racoon/fWEQhRpCkdA.mp4,a racoon laying on the ground in the woods,Raccoon,64,fWEQhRpCkdA,1431,Racoon_ID_006,1431,reference_images/Racoon/fWEQhRpCkdA.jpg,Animal,skipped,
Species_mp4/Racoon/ZLp15XGbDPM.mp4,a racoon sleeping on a chair on a patio,Raccoon,64,ZLp15XGbDPM,1432,Racoon_ID_007,1432,reference_images/Racoon/ZLp15XGbDPM.jpg,Animal,skipped,
Species_mp4/Racoon/8NOIaTvCzSE.mp4,a racoon laying on the ground in a hole in the middle of the road,Raccoon,64,8NOIaTvCzSE,1433,Racoon_ID_008,1433,reference_images/Racoon/8NOIaTvCzSE.jpg,Animal,skipped,
Species_mp4/Racoon/TBYdR4om5Cc.mp4,a racoon is standing on the grass next to a fence,Raccoon,64,TBYdR4om5Cc,1434,Racoon_ID_009,1434,reference_images/Racoon/TBYdR4om5Cc.jpg,Animal,skipped,
Species_mp4/Racoon/zRCzWmvk4yo.mp4,a racoon is seen in the dark in a wooded area,Raccoon,64,zRCzWmvk4yo,1435,Racoon_ID_010,1435,reference_images/Racoon/zRCzWmvk4yo.jpg,Animal,skipped,
Species_mp4/Racoon/g3_7aBX6wOA.mp4,a racoon sitting on the floor in a room with a brick wall,Raccoon,64,g3_7aBX6wOA,1436,Racoon_ID_011,1436,reference_images/Racoon/g3_7aBX6wOA.jpg,Animal,skipped,
Species_mp4/Racoon/8YBkKyZnzc4.mp4,a racoon walking through a forest at night in the dark,Raccoon,64,8YBkKyZnzc4,1437,Racoon_ID_012,1437,reference_images/Racoon/8YBkKyZnzc4.jpg,Animal,skipped,
Species_mp4/Racoon/aFxGfStY_Mg.mp4,a racoon sitting in a field of grass with trees in the background,Raccoon,64,aFxGfStY_Mg,1438,Racoon_ID_013,1438,reference_images/Racoon/aFxGfStY_Mg.jpg,Animal,skipped,
Species_mp4/Racoon/AgOjUq_K430.mp4,a racoon eating a piece of fruit on a ledge,Raccoon,64,AgOjUq_K430,1439,Racoon_ID_014,1439,reference_images/Racoon/AgOjUq_K430.jpg,Animal,skipped,
Species_mp4/Racoon/Puomro_W5Z8.mp4,a racoon walking in the dark with a bush behind it,Raccoon,64,Puomro_W5Z8,1440,Racoon_ID_015,1440,reference_images/Racoon/Puomro_W5Z8.jpg,Animal,skipped,
Species_mp4/Racoon/IE2DLN4N8aw.mp4,a racoon standing on a wooden post next to a plant,Raccoon,64,IE2DLN4N8aw,1441,Racoon_ID_016,1441,reference_images/Racoon/IE2DLN4N8aw.jpg,Animal,skipped,
Species_mp4/Racoon/uyEBO_WT6RQ.mp4,a racoon in the grass eating a piece of food,Raccoon,64,uyEBO_WT6RQ,1442,Racoon_ID_017,1442,reference_images/Racoon/uyEBO_WT6RQ.jpg,Animal,skipped,
Species_mp4/Racoon/XXqI9eQcXv4.mp4,a racoon bear walking on a tree branch in a forest,Raccoon,64,XXqI9eQcXv4,1443,Racoon_ID_018,1443,reference_images/Racoon/XXqI9eQcXv4.jpg,Animal,skipped,
Species_mp4/Racoon/iU_UFek8Zf8.mp4,a racoon eating food on a deck with a plate of food,Raccoon,64,iU_UFek8Zf8,1444,Racoon_ID_019,1444,reference_images/Racoon/iU_UFek8Zf8.jpg,Animal,skipped,
Species_mp4/Racoon/Ap3y2-6fS3k.mp4,a racoon is seen in the woods at night,Raccoon,64,Ap3y2-6fS3k,1445,Racoon_ID_020,1445,reference_images/Racoon/Ap3y2-6fS3k.jpg,Animal,skipped,
Species_mp4/Racoon/ryQv7HjyGvQ_1.mp4,a racoon walking on a sidewalk at night in a fenced in area,Raccoon,64,ryQv7HjyGvQ_1,1446,Racoon_ID_021,1446,reference_images/Racoon/ryQv7HjyGvQ_1.jpg,Animal,skipped,
Species_mp4/Racoon/_0adN845gSQ.mp4,a racoon standing on a deck next to a red chair,Raccoon,64,_0adN845gSQ,1446,Racoon_ID_021,1446,reference_images/Racoon/_0adN845gSQ.jpg,Animal,skipped,
Species_mp4/Racoon/gGOz3xeCYOQ.mp4,a racoon standing on the sidewalk next to a car and a ball,Raccoon,64,gGOz3xeCYOQ,1447,Racoon_ID_022,1447,reference_images/Racoon/gGOz3xeCYOQ.jpg,Animal,skipped,
Species_mp4/Racoon/XLBs5eeyGnM.mp4,a racoon in the woods at night looking for food,Raccoon,64,XLBs5eeyGnM,1448,Racoon_ID_023,1448,reference_images/Racoon/XLBs5eeyGnM.jpg,Animal,skipped,
Species_mp4/Racoon/oHtCrM2Veuw.mp4,a racoon on a log in the woods sleeping on a roof,Raccoon,64,oHtCrM2Veuw,1449,Racoon_ID_024,1449,reference_images/Racoon/oHtCrM2Veuw.jpg,Animal,skipped,
Species_mp4/Racoon/iwX2c0fCyjQ.mp4,a racoon playing with a ball in a grassy field,Raccoon,64,iwX2c0fCyjQ,1450,Racoon_ID_025,1450,reference_images/Racoon/iwX2c0fCyjQ.jpg,Animal,skipped,
Species_mp4/Racoon/lVHazDTZYr0.mp4,a racoon eating food from a bowl on the sidewalk,Raccoon,64,lVHazDTZYr0,1451,Racoon_ID_026,1451,reference_images/Racoon/lVHazDTZYr0.jpg,Animal,skipped,
Species_mp4/Indri/dJmfbTnztRw.mp4,an indriganized panda climbing a tree in a forest,Indri,36,dJmfbTnztRw,1081,Indri_ID_000,1081,reference_images/Indri/dJmfbTnztRw.jpg,Animal,skipped,
Species_mp4/Indri/EmVqa4RVC3I.mp4,an indriganized monkey hanging from a tree in the jungle,Indri,36,EmVqa4RVC3I,1081,Indri_ID_000,1081,reference_images/Indri/EmVqa4RVC3I.jpg,Animal,skipped,
Species_mp4/Indri/ElhCFdSFCi0.mp4,an indriganized lemur sitting on a tree branch in the forest,Indri,36,ElhCFdSFCi0,1081,Indri_ID_000,1081,reference_images/Indri/ElhCFdSFCi0.jpg,Animal,skipped,
Species_mp4/Indri/Bii1oOWr5V8.mp4,an indriganized black and white monkey eating a banana on a tree,Indri,36,Bii1oOWr5V8,1082,Indri_ID_001,1082,reference_images/Indri/Bii1oOWr5V8.jpg,Animal,skipped,
Species_mp4/Rhino/WscM7fCZR4A.mp4,a rhinocer is eating leaves in the sand with a caption,Rhinoceros,66,WscM7fCZR4A,1456,Rhino_ID_000,1456,reference_images/Rhino/WscM7fCZR4A.jpg,Animal,skipped,
Species_mp4/Rhino/q3uMCBG9MMo.mp4,a rhino eating grass in a dirt field with a black background,Rhinoceros,66,q3uMCBG9MMo,1457,Rhino_ID_001,1457,reference_images/Rhino/q3uMCBG9MMo.jpg,Animal,skipped,
Species_mp4/Rhino/p9qhjw15uZg.mp4,a rhino standing on a dirt road next to a forest,Rhinoceros,66,p9qhjw15uZg,1458,Rhino_ID_002,1458,reference_images/Rhino/p9qhjw15uZg.jpg,Animal,skipped,
Species_mp4/Rhino/_OKRnAM9AI0.mp4,a rhino is standing in a shallow body of water,Rhinoceros,66,_OKRnAM9AI0,1458,Rhino_ID_002,1458,reference_images/Rhino/_OKRnAM9AI0.jpg,Animal,skipped,
Species_mp4/Rhino/BuvVQ-2ScX4.mp4,a rhinocer standing on a dirt road next to a white van,Rhinoceros,66,BuvVQ-2ScX4,1458,Rhino_ID_002,1458,reference_images/Rhino/BuvVQ-2ScX4.jpg,Animal,skipped,
Species_mp4/Rhino/cCR2qg8qyLI.mp4,a rhino in a field of grass with a building in the background,Rhinoceros,66,cCR2qg8qyLI,1458,Rhino_ID_002,1458,reference_images/Rhino/cCR2qg8qyLI.jpg,Animal,skipped,
Species_mp4/Rhino/QzMqkMhKMjs.mp4,a rhinocer standing in a field with a bird on its back,Rhinoceros,66,QzMqkMhKMjs,1458,Rhino_ID_002,1458,reference_images/Rhino/QzMqkMhKMjs.jpg,Animal,skipped,
Species_mp4/Rhino/lcwPtmDHv-g.mp4,a rhino standing in a field of grass next to a forest,Rhinoceros,66,lcwPtmDHv-g,1458,Rhino_ID_002,1458,reference_images/Rhino/lcwPtmDHv-g.jpg,Animal,skipped,
Species_mp4/Rhino/-TcEfW4HQOI.mp4,a rhino standing in a field of grass next to a dirt road,Rhinoceros,66,-TcEfW4HQOI,1458,Rhino_ID_002,1458,reference_images/Rhino/-TcEfW4HQOI.jpg,Animal,skipped,
Species_mp4/Rhino/L0GBly1-P0A.mp4,a rhino standing in a field of grass with trees in the background,Rhinoceros,66,L0GBly1-P0A,1458,Rhino_ID_002,1458,reference_images/Rhino/L0GBly1-P0A.jpg,Animal,skipped,
Species_mp4/Rhino/9j-QReNZ1Us.mp4,a rhino standing in a field with a tree in the background,Rhinoceros,66,9j-QReNZ1Us,1459,Rhino_ID_003,1459,reference_images/Rhino/9j-QReNZ1Us.jpg,Animal,skipped,
Species_mp4/Rhino/w6RBe93LPdA.mp4,a rhino is eating grass in a zoo enclosure,Rhinoceros,66,w6RBe93LPdA,1460,Rhino_ID_004,1460,reference_images/Rhino/w6RBe93LPdA.jpg,Animal,skipped,
Species_mp4/Rhino/MEJYRrta0-A.mp4,a rhino laying on its back on a dirt surface,Rhinoceros,66,MEJYRrta0-A,1461,Rhino_ID_005,1461,reference_images/Rhino/MEJYRrta0-A.jpg,Animal,skipped,
Species_mp4/Rhino/UcAMcsoJ4ic_1.mp4,a rhino laying down in a dirt enclosure with a fence,Rhinoceros,66,UcAMcsoJ4ic_1,1462,Rhino_ID_006,1462,reference_images/Rhino/UcAMcsoJ4ic_1.jpg,Animal,skipped,
Species_mp4/Rhino/Aw50yOJd_T4_2.mp4,a rhino standing in a dirt area next to a wall,Rhinoceros,66,Aw50yOJd_T4_2,1462,Rhino_ID_006,1462,reference_images/Rhino/Aw50yOJd_T4_2.jpg,Animal,skipped,
Species_mp4/Rhino/l1sTHTZcKfQ_1.mp4,a rhino is standing in the water with a stick in its mouth,Rhinoceros,66,l1sTHTZcKfQ_1,1462,Rhino_ID_006,1462,reference_images/Rhino/l1sTHTZcKfQ_1.jpg,Animal,skipped,
Species_mp4/Rhino/DlgSEVtOYLE.mp4,a rhino eating hay in a barn with a bin of hay,Rhinoceros,66,DlgSEVtOYLE,1462,Rhino_ID_006,1462,reference_images/Rhino/DlgSEVtOYLE.jpg,Animal,skipped,
Species_mp4/Rhino/eRFbMUTp2jU.mp4,a rhino eating grass in a zoo enclosure with a fence,Rhinoceros,66,eRFbMUTp2jU,1462,Rhino_ID_006,1462,reference_images/Rhino/eRFbMUTp2jU.jpg,Animal,skipped,
Species_mp4/Rhino/dXfSvXE8U_I_2.mp4,a rhino standing in a dirt field eating grass from a tree,Rhinoceros,66,dXfSvXE8U_I_2,1462,Rhino_ID_006,1462,reference_images/Rhino/dXfSvXE8U_I_2.jpg,Animal,skipped,
Species_mp4/Rhino/7QvuqxCL-V4_1.mp4,a rhino is standing in the dirt near a body of water,Rhinoceros,66,7QvuqxCL-V4_1,1462,Rhino_ID_006,1462,reference_images/Rhino/7QvuqxCL-V4_1.jpg,Animal,skipped,
Species_mp4/Rhino/SVIAijrsXRk.mp4,a rhino in a fenced in area with people watching,Rhinoceros,66,SVIAijrsXRk,1462,Rhino_ID_006,1462,reference_images/Rhino/SVIAijrsXRk.jpg,Animal,skipped,
Species_mp4/Rhino/1OgQ5i7CGP8.mp4,a rhinoceros in a zoo enclosure eating grass and dirt,Rhinoceros,66,1OgQ5i7CGP8,1462,Rhino_ID_006,1462,reference_images/Rhino/1OgQ5i7CGP8.jpg,Animal,skipped,
Species_mp4/Rhino/rZ2puNA2cI8.mp4,a rhino in a zoo enclosure with a fence and a rock wall,Rhinoceros,66,rZ2puNA2cI8,1462,Rhino_ID_006,1462,reference_images/Rhino/rZ2puNA2cI8.jpg,Animal,skipped,
Species_mp4/Rhino/KPQ3nhefVw0.mp4,a rhino standing in a zoo enclosure eating grass with a brick wall,Rhinoceros,66,KPQ3nhefVw0,1462,Rhino_ID_006,1462,reference_images/Rhino/KPQ3nhefVw0.jpg,Animal,skipped,
Species_mp4/Rhino/l1sTHTZcKfQ_2.mp4,a rhino standing in water next to a fence and a building,Rhinoceros,66,l1sTHTZcKfQ_2,1462,Rhino_ID_006,1462,reference_images/Rhino/l1sTHTZcKfQ_2.jpg,Animal,skipped,
Species_mp4/Rhino/TJArrR4VZIg.mp4,a rhino in a cage eating hay in a zoo,Rhinoceros,66,TJArrR4VZIg,1462,Rhino_ID_006,1462,reference_images/Rhino/TJArrR4VZIg.jpg,Animal,skipped,
Species_mp4/Rhino/5WEx-WJDzLQ.mp4,a rhino is standing in the shade of a building,Rhinoceros,66,5WEx-WJDzLQ,1463,Rhino_ID_007,1463,reference_images/Rhino/5WEx-WJDzLQ.jpg,Animal,skipped,
Species_mp4/Rhino/bzch6s_SjiE.mp4,a rhino standing in a zoo enclosure eating grass and dirt,Rhinoceros,66,bzch6s_SjiE,1464,Rhino_ID_008,1464,reference_images/Rhino/bzch6s_SjiE.jpg,Animal,skipped,
Species_mp4/Rhino/0bUQcVPkOeE.mp4,a rhino eating grass in a zoo enclosure with trees in the background,Rhinoceros,66,0bUQcVPkOeE,1464,Rhino_ID_008,1464,reference_images/Rhino/0bUQcVPkOeE.jpg,Animal,skipped,
Species_mp4/Rhino/dXfSvXE8U_I_1.mp4,a rhino standing next to a pile of chopped up food,Rhinoceros,66,dXfSvXE8U_I_1,1464,Rhino_ID_008,1464,reference_images/Rhino/dXfSvXE8U_I_1.jpg,Animal,skipped,
Species_mp4/Rhino/q-iONKUwVAU.mp4,a rhino standing in a field eating grass with a stick,Rhinoceros,66,q-iONKUwVAU,1464,Rhino_ID_008,1464,reference_images/Rhino/q-iONKUwVAU.jpg,Animal,skipped,
Species_mp4/Rhino/YDa_1Ga92TY.mp4,a rhino drinking water from a pond in a dirt field,Rhinoceros,66,YDa_1Ga92TY,1465,Rhino_ID_009,1465,reference_images/Rhino/YDa_1Ga92TY.jpg,Animal,skipped,
Species_mp4/Rhino/1iqyM-8A2tE.mp4,a rhino in the wild eating leaves off of a tree,Rhinoceros,66,1iqyM-8A2tE,1465,Rhino_ID_009,1465,reference_images/Rhino/1iqyM-8A2tE.jpg,Animal,skipped,
Species_mp4/Rhino/pcLh0emZwaA.mp4,a rhinocer is standing in a field with a baby rhino,Rhinoceros,66,pcLh0emZwaA,1465,Rhino_ID_009,1465,reference_images/Rhino/pcLh0emZwaA.jpg,Animal,skipped,
Species_mp4/Rhino/aUI744klo3Y.mp4,a rhino with a long horn standing in a field of tall grass,Rhinoceros,66,aUI744klo3Y,1465,Rhino_ID_009,1465,reference_images/Rhino/aUI744klo3Y.jpg,Animal,skipped,
Species_mp4/Rhino/_AgU7X7ySw4.mp4,a rhino standing in a field of grass next to a tree,Rhinoceros,66,_AgU7X7ySw4,1465,Rhino_ID_009,1465,reference_images/Rhino/_AgU7X7ySw4.jpg,Animal,skipped,
Species_mp4/Rhino/j_eaVFw6Kp4.mp4,a rhinocer standing in tall grass in a field of tall grass,Rhinoceros,66,j_eaVFw6Kp4,1466,Rhino_ID_010,1466,reference_images/Rhino/j_eaVFw6Kp4.jpg,Animal,skipped,
Species_mp4/Rhino/hXLD7UoJSuI.mp4,a rhino eating grass in a zoo enclosure with a brick wall,Rhinoceros,66,hXLD7UoJSuI,1467,Rhino_ID_011,1467,reference_images/Rhino/hXLD7UoJSuI.jpg,Animal,skipped,
Species_mp4/Rhino/an0J1hkDktg.mp4,a rhino standing in the grass with a wooden fence in its mouth,Rhinoceros,66,an0J1hkDktg,1468,Rhino_ID_012,1468,reference_images/Rhino/an0J1hkDktg.jpg,Animal,skipped,
Species_mp4/Rhino/AU8wo_09xnw.mp4,a rhino in a field of grass with trees in the background,Rhinoceros,66,AU8wo_09xnw,1469,Rhino_ID_013,1469,reference_images/Rhino/AU8wo_09xnw.jpg,Animal,skipped,
Species_mp4/Rhino/D-AWyXIpCt0.mp4,a rhino laying in the grass in a field of tall grass,Rhinoceros,66,D-AWyXIpCt0,1470,Rhino_ID_014,1470,reference_images/Rhino/D-AWyXIpCt0.jpg,Animal,skipped,
Species_mp4/Rhino/si189c7qGzY.mp4,a rhino laying on the ground in a zoo enclosure,Rhinoceros,66,si189c7qGzY,1471,Rhino_ID_015,1471,reference_images/Rhino/si189c7qGzY.jpg,Animal,skipped,
Species_mp4/Rhino/IKMNXhi9TxM.mp4,a rhino grazing in a field of grass with trees in the background,Rhinoceros,66,IKMNXhi9TxM,1472,Rhino_ID_016,1472,reference_images/Rhino/IKMNXhi9TxM.jpg,Animal,skipped,
Species_mp4/Rhino/3w18Upwey4g.mp4,a rhino standing in a field eating grass in the sun,Rhinoceros,66,3w18Upwey4g,1473,Rhino_ID_017,1473,reference_images/Rhino/3w18Upwey4g.jpg,Animal,skipped,
Species_mp4/Rhino/svn6ssg5Ibk.mp4,a rhino grazing in a field with a tree in the background,Rhinoceros,66,svn6ssg5Ibk,1473,Rhino_ID_017,1473,reference_images/Rhino/svn6ssg5Ibk.jpg,Animal,skipped,
Species_mp4/Rhino/Ov9vyoasJcU.mp4,a rhino in a zoo enclosure eating grass and trees,Rhinoceros,66,Ov9vyoasJcU,1473,Rhino_ID_017,1473,reference_images/Rhino/Ov9vyoasJcU.jpg,Animal,skipped,
Species_mp4/Rhino/mEk_jvb4yus.mp4,a rhino standing in a field next to a building with a river in the background,Rhinoceros,66,mEk_jvb4yus,1473,Rhino_ID_017,1473,reference_images/Rhino/mEk_jvb4yus.jpg,Animal,skipped,
Species_mp4/Rhino/6ZTEeHswKls.mp4,a rhino in the wild with trees and bushes around it,Rhinoceros,66,6ZTEeHswKls,1474,Rhino_ID_018,1474,reference_images/Rhino/6ZTEeHswKls.jpg,Animal,skipped,
Species_mp4/Rhino/zCG0E8nSlsE.mp4,a rhino grazing in a field of grass with a bird nearby,Rhinoceros,66,zCG0E8nSlsE,1475,Rhino_ID_019,1475,reference_images/Rhino/zCG0E8nSlsE.jpg,Animal,skipped,
Species_mp4/Rhino/-1dA-0K7ptc.mp4,a rhinocer is laying in the grass with a large rock,Rhinoceros,66,-1dA-0K7ptc,1476,Rhino_ID_020,1476,reference_images/Rhino/-1dA-0K7ptc.jpg,Animal,skipped,
Species_mp4/Rhino/ZBImBw7s060.mp4,a rhino standing in a zoo enclosure next to a tree,Rhinoceros,66,ZBImBw7s060,1477,Rhino_ID_021,1477,reference_images/Rhino/ZBImBw7s060.jpg,Animal,skipped,
Species_mp4/Rhino/UcAMcsoJ4ic_2.mp4,a rhino laying down in a fenced in area next to a tree,Rhinoceros,66,UcAMcsoJ4ic_2,1477,Rhino_ID_021,1477,reference_images/Rhino/UcAMcsoJ4ic_2.jpg,Animal,skipped,
Species_mp4/Rhino/oGhIFQY0hbQ.mp4,a rhino walking in a zoo enclosure with rocks and grass,Rhinoceros,66,oGhIFQY0hbQ,1478,Rhino_ID_022,1478,reference_images/Rhino/oGhIFQY0hbQ.jpg,Animal,skipped,
Species_mp4/Rhino/ZVizg_-HmOs.mp4,a rhino standing in a field of grass next to a tree,Rhinoceros,66,ZVizg_-HmOs,1479,Rhino_ID_023,1479,reference_images/Rhino/ZVizg_-HmOs.jpg,Animal,skipped,
Species_mp4/Mongoose/M_HQk7hnNN4.mp4,a mongoose bear eating a piece of food in the woods,Mongoose,50,M_HQk7hnNN4,1283,Mongoose_ID_000,1283,reference_images/Mongoose/M_HQk7hnNN4.jpg,Animal,skipped,
Species_mp4/Mongoose/b6GclGIgRxA.mp4,a mongoose bear in a field,Mongoose,50,b6GclGIgRxA,1284,Mongoose_ID_001,1284,reference_images/Mongoose/b6GclGIgRxA.jpg,Animal,skipped,
Species_mp4/Cheetah/uf35WjGhOHQ_2.mp4,a cheetah drinking water from a watering hole in the wild,Cheetah,13,uf35WjGhOHQ_2,212,Cheetah_ID_000,212,reference_images/Cheetah/uf35WjGhOHQ_2.jpg,Animal,skipped,
Species_mp4/Cheetah/Oty5nwoo1g0_2.mp4,a cheetah walking through the tall grass in the wild,Cheetah,13,Oty5nwoo1g0_2,212,Cheetah_ID_000,212,reference_images/Cheetah/Oty5nwoo1g0_2.jpg,Animal,skipped,
Species_mp4/Cheetah/Oty5nwoo1g0_1.mp4,a cheetah in the wild eating grass and dirt,Cheetah,13,Oty5nwoo1g0_1,212,Cheetah_ID_000,212,reference_images/Cheetah/Oty5nwoo1g0_1.jpg,Animal,skipped,
Species_mp4/Cheetah/3bqNjCkiBY8.mp4,a cheetah eating a dead animal in the grass,Cheetah,13,3bqNjCkiBY8,212,Cheetah_ID_000,212,reference_images/Cheetah/3bqNjCkiBY8.jpg,Animal,skipped,
Species_mp4/Cheetah/hIEJK2puNa4.mp4,a cheetah laying in the grass next to a tree,Cheetah,13,hIEJK2puNa4,213,Cheetah_ID_001,213,reference_images/Cheetah/hIEJK2puNa4.jpg,Animal,skipped,
Species_mp4/Cheetah/YpQKPABcY48.mp4,a cheetah drinking water from a river in the wild,Cheetah,13,YpQKPABcY48,214,Cheetah_ID_002,214,reference_images/Cheetah/YpQKPABcY48.jpg,Animal,skipped,
Species_mp4/Cheetah/333KNUz2FAU.mp4,a cheetah laying down in the dirt in a field,Cheetah,13,333KNUz2FAU,215,Cheetah_ID_003,215,reference_images/Cheetah/333KNUz2FAU.jpg,Animal,skipped,
Species_mp4/Cheetah/6WCcNy4SAzA.mp4,a cheetah laying on the ground in a field of dirt,Cheetah,13,6WCcNy4SAzA,215,Cheetah_ID_003,215,reference_images/Cheetah/6WCcNy4SAzA.jpg,Animal,skipped,
Species_mp4/Cheetah/8uMah7VlBqE.mp4,a cheetah laying on the ground in a grassy area,Cheetah,13,8uMah7VlBqE,215,Cheetah_ID_003,215,reference_images/Cheetah/8uMah7VlBqE.jpg,Animal,skipped,
Species_mp4/Cheetah/Wv_2cxdSauQ.mp4,a cheetah laying down in the dirt in a field,Cheetah,13,Wv_2cxdSauQ,215,Cheetah_ID_003,215,reference_images/Cheetah/Wv_2cxdSauQ.jpg,Animal,skipped,
Species_mp4/Cheetah/iSU3ThOoius.mp4,a cheetah walking in the dirt in a field,Cheetah,13,iSU3ThOoius,215,Cheetah_ID_003,215,reference_images/Cheetah/iSU3ThOoius.jpg,Animal,skipped,
Species_mp4/Cheetah/cI1XfI9-_Hg.mp4,a cheetah laying on the ground in the grass,Cheetah,13,cI1XfI9-_Hg,215,Cheetah_ID_003,215,reference_images/Cheetah/cI1XfI9-_Hg.jpg,Animal,skipped,
Species_mp4/Cheetah/gRfOGoK2JU0.mp4,a cheetah laying on the ground in a field of grass,Cheetah,13,gRfOGoK2JU0,215,Cheetah_ID_003,215,reference_images/Cheetah/gRfOGoK2JU0.jpg,Animal,skipped,
Species_mp4/Cheetah/9-XxwnH-FMI.mp4,a cheetah laying down in the dirt drinking from a water hole,Cheetah,13,9-XxwnH-FMI,215,Cheetah_ID_003,215,reference_images/Cheetah/9-XxwnH-FMI.jpg,Animal,skipped,
Species_mp4/Cheetah/HIKiGMB5xT8.mp4,a cheetah laying on the ground in the grass,Cheetah,13,HIKiGMB5xT8,215,Cheetah_ID_003,215,reference_images/Cheetah/HIKiGMB5xT8.jpg,Animal,skipped,
Species_mp4/Cheetah/k_hUsU4ilY0.mp4,a cheetah laying on the ground in the grass,Cheetah,13,k_hUsU4ilY0,215,Cheetah_ID_003,215,reference_images/Cheetah/k_hUsU4ilY0.jpg,Animal,skipped,
Species_mp4/Cheetah/WVPGByJ_0m0.mp4,a cheetah laying on the ground in a grassy field,Cheetah,13,WVPGByJ_0m0,215,Cheetah_ID_003,215,reference_images/Cheetah/WVPGByJ_0m0.jpg,Animal,skipped,
Species_mp4/Cheetah/y4PUKdRfLfI.mp4,a cheetah walking in the mud in a field,Cheetah,13,y4PUKdRfLfI,215,Cheetah_ID_003,215,reference_images/Cheetah/y4PUKdRfLfI.jpg,Animal,skipped,
Species_mp4/Cheetah/EhG6FXkmseE.mp4,a cheetah walking in the mud in a field with a red marker,Cheetah,13,EhG6FXkmseE,215,Cheetah_ID_003,215,reference_images/Cheetah/EhG6FXkmseE.jpg,Animal,skipped,
Species_mp4/Cheetah/F17MoFQn-ms.mp4,a cheetah walking in the mud in a field,Cheetah,13,F17MoFQn-ms,215,Cheetah_ID_003,215,reference_images/Cheetah/F17MoFQn-ms.jpg,Animal,skipped,
Species_mp4/Cheetah/EradvskKjuE.mp4,a cheetah walking in the dirt in a field,Cheetah,13,EradvskKjuE,215,Cheetah_ID_003,215,reference_images/Cheetah/EradvskKjuE.jpg,Animal,skipped,
Species_mp4/Cheetah/QxngytHYcy4.mp4,a cheetah laying down in the dirt in a field,Cheetah,13,QxngytHYcy4,215,Cheetah_ID_003,215,reference_images/Cheetah/QxngytHYcy4.jpg,Animal,skipped,
Species_mp4/Cheetah/NegfPxx8oqg.mp4,a cheetah walking on a dirt road in a grassy field,Cheetah,13,NegfPxx8oqg,215,Cheetah_ID_003,215,reference_images/Cheetah/NegfPxx8oqg.jpg,Animal,skipped,
Species_mp4/Cheetah/5n50SvNbzqw.mp4,a cheetah drinking water carefully in a field of grass,Cheetah,13,5n50SvNbzqw,215,Cheetah_ID_003,215,reference_images/Cheetah/5n50SvNbzqw.jpg,Animal,skipped,
Species_mp4/Cheetah/KpS7toGl3T0.mp4,a cheetah laying in the grass with a dead animal in its mouth,Cheetah,13,KpS7toGl3T0,216,Cheetah_ID_004,216,reference_images/Cheetah/KpS7toGl3T0.jpg,Animal,skipped,
Species_mp4/Cheetah/YuQ6wrZVY4o.mp4,a cheetah laying in the grass in the wild,Cheetah,13,YuQ6wrZVY4o,217,Cheetah_ID_005,217,reference_images/Cheetah/YuQ6wrZVY4o.jpg,Animal,skipped,
Species_mp4/Cheetah/7Vy8DqONCo4.mp4,a cheetah laying on the ground in a grassy field,Cheetah,13,7Vy8DqONCo4,217,Cheetah_ID_005,217,reference_images/Cheetah/7Vy8DqONCo4.jpg,Animal,skipped,
Species_mp4/Cheetah/XIJFK_2KaFs.mp4,a cheetah laying in the grass in front of a bush,Cheetah,13,XIJFK_2KaFs,217,Cheetah_ID_005,217,reference_images/Cheetah/XIJFK_2KaFs.jpg,Animal,skipped,
Species_mp4/Cheetah/XGqdTKtJ6CQ.mp4,a cheetah in a fenced in area looking at something,Cheetah,13,XGqdTKtJ6CQ,218,Cheetah_ID_006,218,reference_images/Cheetah/XGqdTKtJ6CQ.jpg,Animal,skipped,
Species_mp4/Cheetah/FFHfHsnA-J8.mp4,a cheetah drinking water from a watering hole in the wild,Cheetah,13,FFHfHsnA-J8,219,Cheetah_ID_007,219,reference_images/Cheetah/FFHfHsnA-J8.jpg,Animal,skipped,
Species_mp4/Cheetah/O0WWljDbAus.mp4,a cheetah drinking water from a river in the wild,Cheetah,13,O0WWljDbAus,219,Cheetah_ID_007,219,reference_images/Cheetah/O0WWljDbAus.jpg,Animal,skipped,
Species_mp4/Cheetah/je3YQXQHSn0.mp4,a cheetah drinking water from a river in the wild,Cheetah,13,je3YQXQHSn0,219,Cheetah_ID_007,219,reference_images/Cheetah/je3YQXQHSn0.jpg,Animal,skipped,
Species_mp4/Cheetah/70vC9umnu_A.mp4,a cheetah drinking water from a river in the wild,Cheetah,13,70vC9umnu_A,219,Cheetah_ID_007,219,reference_images/Cheetah/70vC9umnu_A.jpg,Animal,skipped,
Species_mp4/Cheetah/LSQ0u96hXNA.mp4,a cheetah drinking water from a pond in the wild,Cheetah,13,LSQ0u96hXNA,219,Cheetah_ID_007,219,reference_images/Cheetah/LSQ0u96hXNA.jpg,Animal,skipped,
Species_mp4/Cheetah/BF0bymdQtq8.mp4,a cheetah drinking water from a muddy river in the wild,Cheetah,13,BF0bymdQtq8,219,Cheetah_ID_007,219,reference_images/Cheetah/BF0bymdQtq8.jpg,Animal,skipped,
Species_mp4/Cheetah/KlF5NTgdq6M.mp4,a cheetah drinking water from a pond in the wild,Cheetah,13,KlF5NTgdq6M,219,Cheetah_ID_007,219,reference_images/Cheetah/KlF5NTgdq6M.jpg,Animal,skipped,
Species_mp4/Cheetah/gRHB1zwQDO4.mp4,a cheetah drinking water from a river in the wild,Cheetah,13,gRHB1zwQDO4,219,Cheetah_ID_007,219,reference_images/Cheetah/gRHB1zwQDO4.jpg,Animal,skipped,
Species_mp4/Cheetah/4RrBxREEGn4_2.mp4,a cheetah walking in the water next to a man in a black shirt,Cheetah,13,4RrBxREEGn4_2,219,Cheetah_ID_007,219,reference_images/Cheetah/4RrBxREEGn4_2.jpg,Animal,skipped,
Species_mp4/Cheetah/-7u26pK3VYM.mp4,a cheetah in the woods with a suitcase in the foreground,Cheetah,13,-7u26pK3VYM,220,Cheetah_ID_008,220,reference_images/Cheetah/-7u26pK3VYM.jpg,Animal,skipped,
Species_mp4/Cheetah/D6HkJavv5iQ.mp4,a cheetah drinking water from a puddle in the dirt,Cheetah,13,D6HkJavv5iQ,221,Cheetah_ID_009,221,reference_images/Cheetah/D6HkJavv5iQ.jpg,Animal,skipped,
Species_mp4/Cheetah/yxDnEWTmthE.mp4,a cheetah drinking water from a watering hole with a caption from a tv show,Cheetah,13,yxDnEWTmthE,222,Cheetah_ID_010,222,reference_images/Cheetah/yxDnEWTmthE.jpg,Animal,skipped,
Species_mp4/Cheetah/4RrBxREEGn4_1.mp4,a cheetah drinking water from a pond with a man in a black shirt,Cheetah,13,4RrBxREEGn4_1,222,Cheetah_ID_010,222,reference_images/Cheetah/4RrBxREEGn4_1.jpg,Animal,skipped,
Species_mp4/Cheetah/z8EdxeaEt2M.mp4,a cheetah walking in a field next to a stream,Cheetah,13,z8EdxeaEt2M,223,Cheetah_ID_011,223,reference_images/Cheetah/z8EdxeaEt2M.jpg,Animal,skipped,
Species_mp4/Cheetah/uf35WjGhOHQ_1.mp4,a cheetah walking in the mud near a body of water,Cheetah,13,uf35WjGhOHQ_1,224,Cheetah_ID_012,224,reference_images/Cheetah/uf35WjGhOHQ_1.jpg,Animal,skipped,
Species_mp4/Cheetah/STuo-7TK7XM.mp4,a cheetah cat eating from a metal bowl on a mat,Cheetah,13,STuo-7TK7XM,225,Cheetah_ID_013,225,reference_images/Cheetah/STuo-7TK7XM.jpg,Animal,skipped,
Species_mp4/Cheetah/YPt7r-eiqgU.mp4,a cheetah walking in the grass near a rock wall,Cheetah,13,YPt7r-eiqgU,226,Cheetah_ID_014,226,reference_images/Cheetah/YPt7r-eiqgU.jpg,Animal,skipped,
Species_mp4/Cheetah/pCL6IPHTWaM.mp4,a cheetah drinking water from a river in the wild,Cheetah,13,pCL6IPHTWaM,227,Cheetah_ID_015,227,reference_images/Cheetah/pCL6IPHTWaM.jpg,Animal,skipped,
Species_mp4/Cheetah/Go7f7ex38bI_2.mp4,a cheetah laying on the ground at night in the dark,Cheetah,13,Go7f7ex38bI_2,228,Cheetah_ID_016,228,reference_images/Cheetah/Go7f7ex38bI_2.jpg,Animal,skipped,
Species_mp4/Cheetah/gz4b4nl4Rf0.mp4,a cheetah walking on a rock in the sun,Cheetah,13,gz4b4nl4Rf0,229,Cheetah_ID_017,229,reference_images/Cheetah/gz4b4nl4Rf0.jpg,Animal,skipped,
Species_mp4/PrairieDog/ONbVQ4eYWAU.mp4,a prairie dog eating a carrot in the grass near a fence,PrairieDog,61,ONbVQ4eYWAU,1397,PrairieDog_ID_000,1397,reference_images/PrairieDog/ONbVQ4eYWAU.jpg,Animal,skipped,
Species_mp4/PrairieDog/RCmCdaT6Z5M.mp4,a prairie dog sitting in a pile of leaves next to a banana,PrairieDog,61,RCmCdaT6Z5M,1397,PrairieDog_ID_000,1397,reference_images/PrairieDog/RCmCdaT6Z5M.jpg,Animal,skipped,
Species_mp4/PrairieDog/DFk9otwr1A8.mp4,a prairie dog sitting on hay in a cage with a bowl,PrairieDog,61,DFk9otwr1A8,1397,PrairieDog_ID_000,1397,reference_images/PrairieDog/DFk9otwr1A8.jpg,Animal,skipped,
Species_mp4/PrairieDog/opcOXt8OS94.mp4,a prairie dog and a polar bear are standing in the grass,PrairieDog,61,opcOXt8OS94,1397,PrairieDog_ID_000,1397,reference_images/PrairieDog/opcOXt8OS94.jpg,Animal,skipped,
Species_mp4/PrairieDog/0wVCJEnbatA.mp4,a prairie dog sitting on its hind legs in a pile of hay,PrairieDog,61,0wVCJEnbatA,1397,PrairieDog_ID_000,1397,reference_images/PrairieDog/0wVCJEnbatA.jpg,Animal,skipped,
Species_mp4/PrairieDog/mNHB4G7rjZ0.mp4,a prairie dog sitting on the ground looking up at the camera,PrairieDog,61,mNHB4G7rjZ0,1397,PrairieDog_ID_000,1397,reference_images/PrairieDog/mNHB4G7rjZ0.jpg,Animal,skipped,
Species_mp4/PrairieDog/L7F8Quv_9bw.mp4,a prairie dog drinking water from a bowl in a cage,PrairieDog,61,L7F8Quv_9bw,1397,PrairieDog_ID_000,1397,reference_images/PrairieDog/L7F8Quv_9bw.jpg,Animal,skipped,
Species_mp4/PrairieDog/Vqy0IzaKzt8.mp4,a prairie dog eating out of a bowl with a carrot,PrairieDog,61,Vqy0IzaKzt8,1397,PrairieDog_ID_000,1397,reference_images/PrairieDog/Vqy0IzaKzt8.jpg,Animal,skipped,
Species_mp4/PrairieDog/mvFSoiMvvc8.mp4,a prairie dog standing in the sun with its paws on a stick,PrairieDog,61,mvFSoiMvvc8,1397,PrairieDog_ID_000,1397,reference_images/PrairieDog/mvFSoiMvvc8.jpg,Animal,skipped,
Species_mp4/PrairieDog/8PNtEhgOvVE_1.mp4,a prairie dog sitting on a bed with a stuffed animal,PrairieDog,61,8PNtEhgOvVE_1,1397,PrairieDog_ID_000,1397,reference_images/PrairieDog/8PNtEhgOvVE_1.jpg,Animal,skipped,
Species_mp4/PrairieDog/YCvM9dmhJKw.mp4,a prairie dog laying on the ground eating lettuce,PrairieDog,61,YCvM9dmhJKw,1397,PrairieDog_ID_000,1397,reference_images/PrairieDog/YCvM9dmhJKw.jpg,Animal,skipped,
Species_mp4/PrairieDog/dG3fAru9CHw.mp4,a prairie dog holding a white object in its mouth in a grassy area,PrairieDog,61,dG3fAru9CHw,1397,PrairieDog_ID_000,1397,reference_images/PrairieDog/dG3fAru9CHw.jpg,Animal,skipped,
Species_mp4/PrairieDog/pHDyPbrqKqg.mp4,a prairie dog standing in the grass near a hole,PrairieDog,61,pHDyPbrqKqg,1397,PrairieDog_ID_000,1397,reference_images/PrairieDog/pHDyPbrqKqg.jpg,Animal,skipped,
Species_mp4/PrairieDog/6zLZcK026UA.mp4,a prairie dog eating grass in a garden with a black background,PrairieDog,61,6zLZcK026UA,1397,PrairieDog_ID_000,1397,reference_images/PrairieDog/6zLZcK026UA.jpg,Animal,skipped,
Species_mp4/PrairieDog/f0_838bKfEc.mp4,a prairie dog sitting in the dirt with its head in its mouth,PrairieDog,61,f0_838bKfEc,1397,PrairieDog_ID_000,1397,reference_images/PrairieDog/f0_838bKfEc.jpg,Animal,skipped,
Species_mp4/PrairieDog/xpGFSe6qfmM.mp4,a prairie dog sitting on the ground with its mouth open,PrairieDog,61,xpGFSe6qfmM,1397,PrairieDog_ID_000,1397,reference_images/PrairieDog/xpGFSe6qfmM.jpg,Animal,skipped,
Species_mp4/PrairieDog/K2B-zjO9kF4.mp4,a prairie dog drinking water from a pond in a zoo enclosure,PrairieDog,61,K2B-zjO9kF4,1398,PrairieDog_ID_001,1398,reference_images/PrairieDog/K2B-zjO9kF4.jpg,Animal,skipped,
Species_mp4/PrairieDog/zzmJSKCcQHg.mp4,a prairie dog sitting on a bed next to a plate of strawberries,PrairieDog,61,zzmJSKCcQHg,1399,PrairieDog_ID_002,1399,reference_images/PrairieDog/zzmJSKCcQHg.jpg,Animal,skipped,
Species_mp4/PrairieDog/CxIxbTBsdiw.mp4,a prairie dog laying in mud hole in grassy area with grass,PrairieDog,61,CxIxbTBsdiw,1400,PrairieDog_ID_003,1400,reference_images/PrairieDog/CxIxbTBsdiw.jpg,Animal,skipped,
Species_mp4/PrairieDog/uSSwomDfDMo.mp4,a prairie dog in tall grass with a blurry background,PrairieDog,61,uSSwomDfDMo,1401,PrairieDog_ID_004,1401,reference_images/PrairieDog/uSSwomDfDMo.jpg,Animal,skipped,
Species_mp4/PrairieDog/EG_-hRNMcT0.mp4,a prairie dog in the grass looking for food in the field,PrairieDog,61,EG_-hRNMcT0,1402,PrairieDog_ID_005,1402,reference_images/PrairieDog/EG_-hRNMcT0.jpg,Animal,skipped,
Species_mp4/PrairieDog/4Lb6NMRmiAc.mp4,a prairie dog sitting on a rock eating a carrot,PrairieDog,61,4Lb6NMRmiAc,1403,PrairieDog_ID_006,1403,reference_images/PrairieDog/4Lb6NMRmiAc.jpg,Animal,skipped,
Species_mp4/PrairieDog/2UzgNuVTbF4.mp4,a prairie dog with a piece of cheese in its mouth,PrairieDog,61,2UzgNuVTbF4,1404,PrairieDog_ID_007,1404,reference_images/PrairieDog/2UzgNuVTbF4.jpg,Animal,skipped,
Species_mp4/Tiger/xHONjbmeExc.mp4,a tiger laying down in the water drinking from a pond,Tiger,76,xHONjbmeExc,1640,Tiger_ID_000,1640,reference_images/Tiger/xHONjbmeExc.jpg,Animal,skipped,
Species_mp4/Tiger/tMrFVlWlBFA.mp4,a tiger laying on the ground next to a body of water,Tiger,76,tMrFVlWlBFA,1640,Tiger_ID_000,1640,reference_images/Tiger/tMrFVlWlBFA.jpg,Animal,skipped,
Species_mp4/Tiger/W9wrviTY2Q4.mp4,a tiger is drinking water from a pond with a caption of omg,Tiger,76,W9wrviTY2Q4,1640,Tiger_ID_000,1640,reference_images/Tiger/W9wrviTY2Q4.jpg,Animal,skipped,
Species_mp4/Tiger/HJUqQfyXto8.mp4,a tiger drinking water from a pond in the middle of a dirt field,Tiger,76,HJUqQfyXto8,1641,Tiger_ID_001,1641,reference_images/Tiger/HJUqQfyXto8.jpg,Animal,skipped,
Species_mp4/Tiger/GgwSOngIqsE.mp4,a tiger laying down in the dirt next to a body of water,Tiger,76,GgwSOngIqsE,1641,Tiger_ID_001,1641,reference_images/Tiger/GgwSOngIqsE.jpg,Animal,skipped,
Species_mp4/Tiger/x9m6VcO87w4.mp4,a tiger drinking water from a pond in the middle of the day,Tiger,76,x9m6VcO87w4,1641,Tiger_ID_001,1641,reference_images/Tiger/x9m6VcO87w4.jpg,Animal,skipped,
Species_mp4/Tiger/2ET7xwbSgUg.mp4,a tiger laying down in the dirt next to a body of water,Tiger,76,2ET7xwbSgUg,1641,Tiger_ID_001,1641,reference_images/Tiger/2ET7xwbSgUg.jpg,Animal,skipped,
Species_mp4/Tiger/Huy_CTHextc.mp4,a tiger drinking water from a pond in the middle of the day,Tiger,76,Huy_CTHextc,1641,Tiger_ID_001,1641,reference_images/Tiger/Huy_CTHextc.jpg,Animal,skipped,
Species_mp4/Tiger/eVBeLjS8ezo.mp4,a tiger drinking water from a pond in the wild,Tiger,76,eVBeLjS8ezo,1641,Tiger_ID_001,1641,reference_images/Tiger/eVBeLjS8ezo.jpg,Animal,skipped,
Species_mp4/Tiger/etu7WqBxURo.mp4,a tiger laying down next to a body of water,Tiger,76,etu7WqBxURo,1641,Tiger_ID_001,1641,reference_images/Tiger/etu7WqBxURo.jpg,Animal,skipped,
Species_mp4/Tiger/phSyhMusGBQ.mp4,a tiger playing together in a room,Tiger,76,phSyhMusGBQ,1642,Tiger_ID_002,1642,reference_images/Tiger/phSyhMusGBQ.jpg,Animal,skipped,
Species_mp4/Tiger/BV13TS990ZY.mp4,a tiger laying on a blue chair with a white wall,Tiger,76,BV13TS990ZY,1643,Tiger_ID_003,1643,reference_images/Tiger/BV13TS990ZY.jpg,Animal,skipped,
Species_mp4/Tiger/M9hX5sRfMTw.mp4,a tiger walking around in a zoo enclosure with a log in the background,Tiger,76,M9hX5sRfMTw,1644,Tiger_ID_004,1644,reference_images/Tiger/M9hX5sRfMTw.jpg,Animal,skipped,
Species_mp4/Tiger/0f-83SVdh-w.mp4,a tiger walking in a grassy area next to a rock wall,Tiger,76,0f-83SVdh-w,1645,Tiger_ID_005,1645,reference_images/Tiger/0f-83SVdh-w.jpg,Animal,skipped,
Species_mp4/Tiger/eTmXvHaMJLY.mp4,a tiger drinking water from a river with its mouth open,Tiger,76,eTmXvHaMJLY,1646,Tiger_ID_006,1646,reference_images/Tiger/eTmXvHaMJLY.jpg,Animal,skipped,
Species_mp4/Tiger/hgSylNHACEo.mp4,a tiger drinking water from a pond with a short news sign,Tiger,76,hgSylNHACEo,1646,Tiger_ID_006,1646,reference_images/Tiger/hgSylNHACEo.jpg,Animal,skipped,
Species_mp4/Tiger/wIhnzNEZYc0.mp4,a tiger in the water with rocks in the background,Tiger,76,wIhnzNEZYc0,1646,Tiger_ID_006,1646,reference_images/Tiger/wIhnzNEZYc0.jpg,Animal,skipped,
Species_mp4/Tiger/Yb-mmywuGYA.mp4,a tiger walking in the dirt near a body of water,Tiger,76,Yb-mmywuGYA,1647,Tiger_ID_007,1647,reference_images/Tiger/Yb-mmywuGYA.jpg,Animal,skipped,
Species_mp4/Tiger/ZkxP8Nl3QBU.mp4,a tiger is sitting in the water and looking at something,Tiger,76,ZkxP8Nl3QBU,1648,Tiger_ID_008,1648,reference_images/Tiger/ZkxP8Nl3QBU.jpg,Animal,skipped,
Species_mp4/Tiger/tWEUhuLwg1s.mp4,a tiger walking through a pond in a grassy area,Tiger,76,tWEUhuLwg1s,1648,Tiger_ID_008,1648,reference_images/Tiger/tWEUhuLwg1s.jpg,Animal,skipped,
Species_mp4/Tiger/swBEcOQ7stQ.mp4,a tiger drinking water from a river in a muddy area,Tiger,76,swBEcOQ7stQ,1648,Tiger_ID_008,1648,reference_images/Tiger/swBEcOQ7stQ.jpg,Animal,skipped,
Species_mp4/Tiger/w7TF0zsm5gk.mp4,a tiger laying down in the dirt near some bushes,Tiger,76,w7TF0zsm5gk,1649,Tiger_ID_009,1649,reference_images/Tiger/w7TF0zsm5gk.jpg,Animal,skipped,
Species_mp4/Tiger/0u2uRTaTTOQ.mp4,a tiger walking on a rock path in a zoo enclosure,Tiger,76,0u2uRTaTTOQ,1650,Tiger_ID_010,1650,reference_images/Tiger/0u2uRTaTTOQ.jpg,Animal,skipped,
Species_mp4/Tiger/-Lt89VLAnLo.mp4,a tiger walking in the grass near a tree and a dirt path,Tiger,76,-Lt89VLAnLo,1651,Tiger_ID_011,1651,reference_images/Tiger/-Lt89VLAnLo.jpg,Animal,skipped,
Species_mp4/Tiger/fEto9byVG-M_2.mp4,a tiger in a cage with its tongue out and its mouth open,Tiger,76,fEto9byVG-M_2,1652,Tiger_ID_012,1652,reference_images/Tiger/fEto9byVG-M_2.jpg,Animal,skipped,
Species_mp4/Tiger/fEto9byVG-M_1.mp4,a tiger in a cage eating a meat ball in the grass,Tiger,76,fEto9byVG-M_1,1652,Tiger_ID_012,1652,reference_images/Tiger/fEto9byVG-M_1.jpg,Animal,skipped,
Species_mp4/Tiger/FoXhHMrY9hw.mp4,a tiger drinking water from a pond in a zoo enclosure,Tiger,76,FoXhHMrY9hw,1652,Tiger_ID_012,1652,reference_images/Tiger/FoXhHMrY9hw.jpg,Animal,skipped,
Species_mp4/Tiger/ts3BI__lWcs.mp4,a tiger is drinking water from a stream in the wild,Tiger,76,ts3BI__lWcs,1652,Tiger_ID_012,1652,reference_images/Tiger/ts3BI__lWcs.jpg,Animal,skipped,
Species_mp4/Tiger/YabNpmd5hRE.mp4,a tiger laying on a stone slab in a zoo enclosure,Tiger,76,YabNpmd5hRE,1653,Tiger_ID_013,1653,reference_images/Tiger/YabNpmd5hRE.jpg,Animal,skipped,
Species_mp4/Tiger/6O-HHvLIllg.mp4,a tiger walking across a dirt road next to a forest,Tiger,76,6O-HHvLIllg,1654,Tiger_ID_014,1654,reference_images/Tiger/6O-HHvLIllg.jpg,Animal,skipped,
Species_mp4/Tiger/UVdCaYK7IFk.mp4,a tiger laying down in a cave with a tree branch,Tiger,76,UVdCaYK7IFk,1655,Tiger_ID_015,1655,reference_images/Tiger/UVdCaYK7IFk.jpg,Animal,skipped,
Species_mp4/Tiger/elMFrGnny9c.mp4,a tiger walking on a sidewalk next to a water hole,Tiger,76,elMFrGnny9c,1656,Tiger_ID_016,1656,reference_images/Tiger/elMFrGnny9c.jpg,Animal,skipped,
Species_mp4/Tiger/0tCyf7tnKFE.mp4,a tiger is walking in the grass near a body of water,Tiger,76,0tCyf7tnKFE,1657,Tiger_ID_017,1657,reference_images/Tiger/0tCyf7tnKFE.jpg,Animal,skipped,
Species_mp4/Tiger/nEtmsoeteXA.mp4,a tiger standing on a rock next to a fence,Tiger,76,nEtmsoeteXA,1658,Tiger_ID_018,1658,reference_images/Tiger/nEtmsoeteXA.jpg,Animal,skipped,
Species_mp4/Tiger/DbQXQIBDpk0.mp4,a tiger standing in front of a cave in a zoo,Tiger,76,DbQXQIBDpk0,1659,Tiger_ID_019,1659,reference_images/Tiger/DbQXQIBDpk0.jpg,Animal,skipped,
Species_mp4/Tiger/YodZrOohW9g.mp4,a tiger walking in a zoo enclosure with a fence and trees,Tiger,76,YodZrOohW9g,1660,Tiger_ID_020,1660,reference_images/Tiger/YodZrOohW9g.jpg,Animal,skipped,
Species_mp4/Tiger/FQvVEG5bdGQ.mp4,a tiger drinking water from a river with a stick in its mouth,Tiger,76,FQvVEG5bdGQ,1661,Tiger_ID_021,1661,reference_images/Tiger/FQvVEG5bdGQ.jpg,Animal,skipped,
Species_mp4/Tiger/DHlHigNTvaA.mp4,a tiger walking through the water at night in a zoo,Tiger,76,DHlHigNTvaA,1662,Tiger_ID_022,1662,reference_images/Tiger/DHlHigNTvaA.jpg,Animal,skipped,
Species_mp4/Tiger/9UDwo4sfoiw.mp4,a tiger walking along a river bank with a dog in the water,Tiger,76,9UDwo4sfoiw,1663,Tiger_ID_023,1663,reference_images/Tiger/9UDwo4sfoiw.jpg,Animal,skipped,
Species_mp4/Tiger/o03JpKO6G80.mp4,a tiger is sitting in the water and drinking from a pond,Tiger,76,o03JpKO6G80,1664,Tiger_ID_024,1664,reference_images/Tiger/o03JpKO6G80.jpg,Animal,skipped,
Species_mp4/Tiger/90VEtH-is3A.mp4,a tiger walking across a grass covered field next to a body of water,Tiger,76,90VEtH-is3A,1665,Tiger_ID_025,1665,reference_images/Tiger/90VEtH-is3A.jpg,Animal,skipped,
Species_mp4/Tiger/tIlmIGlwaGY.mp4,a tiger walking through a muddy puddle in the middle of a forest,Tiger,76,tIlmIGlwaGY,1666,Tiger_ID_026,1666,reference_images/Tiger/tIlmIGlwaGY.jpg,Animal,skipped,
Species_mp4/Tiger/hUCaYiUU7Ds_2.mp4,a tiger standing in the middle of a forest next to a fence,Tiger,76,hUCaYiUU7Ds_2,1667,Tiger_ID_027,1667,reference_images/Tiger/hUCaYiUU7Ds_2.jpg,Animal,skipped,
Species_mp4/Tiger/MEHOJYl_HbU.mp4,a tiger standing in front of a glass door looking at a rock,Tiger,76,MEHOJYl_HbU,1668,Tiger_ID_028,1668,reference_images/Tiger/MEHOJYl_HbU.jpg,Animal,skipped,
Species_mp4/Tiger/gywWtOQO2EQ.mp4,a tiger laying on the ground with its mouth open and its mouth in the air,Tiger,76,gywWtOQO2EQ,1669,Tiger_ID_029,1669,reference_images/Tiger/gywWtOQO2EQ.jpg,Animal,skipped,
Species_mp4/Tiger/ShoMYeDzmzs.mp4,a tiger walking on a dirt path in a zoo enclosure,Tiger,76,ShoMYeDzmzs,1670,Tiger_ID_030,1670,reference_images/Tiger/ShoMYeDzmzs.jpg,Animal,skipped,
Species_mp4/Tiger/GYYOv_CPT_8.mp4,a tiger sitting on a rock in a zoo enclosure,Tiger,76,GYYOv_CPT_8,1671,Tiger_ID_031,1671,reference_images/Tiger/GYYOv_CPT_8.jpg,Animal,skipped,
Species_mp4/Tiger/4mnOu65Wif4.mp4,a tiger is walking through the desert with its head in the sand,Tiger,76,4mnOu65Wif4,1672,Tiger_ID_032,1672,reference_images/Tiger/4mnOu65Wif4.jpg,Animal,skipped,
Species_mp4/Tiger/mMBJJicVgZg.mp4,a tiger drinking water from a small stream in a rocky area,Tiger,76,mMBJJicVgZg,1673,Tiger_ID_033,1673,reference_images/Tiger/mMBJJicVgZg.jpg,Animal,skipped,
Species_mp4/Tiger/xsOPD3UtSeM.mp4,a tiger laying in the grass next to a tree and a fence,Tiger,76,xsOPD3UtSeM,1674,Tiger_ID_034,1674,reference_images/Tiger/xsOPD3UtSeM.jpg,Animal,skipped,
Species_mp4/Tiger/WUcqfrpOluo_1.mp4,a tiger drinking water from a small pond in a zoo enclosure,Tiger,76,WUcqfrpOluo_1,1675,Tiger_ID_035,1675,reference_images/Tiger/WUcqfrpOluo_1.jpg,Animal,skipped,
Species_mp4/Tiger/QyREYb84FfQ.mp4,a tiger walking in a zoo enclosure with a fence and a rock wall,Tiger,76,QyREYb84FfQ,1676,Tiger_ID_036,1676,reference_images/Tiger/QyREYb84FfQ.jpg,Animal,skipped,
Species_mp4/Tiger/rVzeGou5ykA.mp4,a tiger walking on the ground in a zoo enclosure,Tiger,76,rVzeGou5ykA,1677,Tiger_ID_037,1677,reference_images/Tiger/rVzeGou5ykA.jpg,Animal,skipped,
Species_mp4/Tiger/RI8UuN0OspQ.mp4,a tiger standing on a rock in a zoo enclosure,Tiger,76,RI8UuN0OspQ,1677,Tiger_ID_037,1677,reference_images/Tiger/RI8UuN0OspQ.jpg,Animal,skipped,
Species_mp4/Tiger/IJAuj-t5fes.mp4,a tiger laying on the ground in a zoo enclosure,Tiger,76,IJAuj-t5fes,1678,Tiger_ID_038,1678,reference_images/Tiger/IJAuj-t5fes.jpg,Animal,skipped,
Species_mp4/Tiger/7Xd09q9_PPs.mp4,a tiger laying on its back in the grass with its head on its back,Tiger,76,7Xd09q9_PPs,1679,Tiger_ID_039,1679,reference_images/Tiger/7Xd09q9_PPs.jpg,Animal,skipped,
Species_mp4/Tiger/uOmcTAnLr-4.mp4,a tiger is swimming in a pond of water near a rock wall,Tiger,76,uOmcTAnLr-4,1680,Tiger_ID_040,1680,reference_images/Tiger/uOmcTAnLr-4.jpg,Animal,skipped,
Species_mp4/Tiger/nfyH7A9lldo.mp4,a tiger walking through a dirty room with a wall in the background,Tiger,76,nfyH7A9lldo,1681,Tiger_ID_041,1681,reference_images/Tiger/nfyH7A9lldo.jpg,Animal,skipped,
Species_mp4/Tiger/gSXt4WOjTls.mp4,a tiger drinking water from a metal tub in a field,Tiger,76,gSXt4WOjTls,1682,Tiger_ID_042,1682,reference_images/Tiger/gSXt4WOjTls.jpg,Animal,skipped,
Species_mp4/Tiger/99oGloByWM8.mp4,a tiger standing in the dirt next to a tree in a zoo,Tiger,76,99oGloByWM8,1683,Tiger_ID_043,1683,reference_images/Tiger/99oGloByWM8.jpg,Animal,skipped,
Species_mp4/Tiger/uXHnkgs269g.mp4,a tiger sitting in a zoo enclosure next to a pond,Tiger,76,uXHnkgs269g,1684,Tiger_ID_044,1684,reference_images/Tiger/uXHnkgs269g.jpg,Animal,skipped,
Species_mp4/Tiger/hbVfF2bZiXo.mp4,a tiger walking in a pool of water near a wall,Tiger,76,hbVfF2bZiXo,1685,Tiger_ID_045,1685,reference_images/Tiger/hbVfF2bZiXo.jpg,Animal,skipped,
Species_mp4/Tiger/zth4pALRJdU.mp4,a tiger walking in a zoo enclosure with a fence and a building,Tiger,76,zth4pALRJdU,1686,Tiger_ID_046,1686,reference_images/Tiger/zth4pALRJdU.jpg,Animal,skipped,
Species_mp4/Tiger/w6edYdb2Apc.mp4,a tiger standing on a white surface in a zoo enclosure,Tiger,76,w6edYdb2Apc,1687,Tiger_ID_047,1687,reference_images/Tiger/w6edYdb2Apc.jpg,Animal,skipped,
Species_mp4/Tiger/NAVLMc2bQYk.mp4,a tiger walking in a cage next to a tree and a fence,Tiger,76,NAVLMc2bQYk,1688,Tiger_ID_048,1688,reference_images/Tiger/NAVLMc2bQYk.jpg,Animal,skipped,
Species_mp4/Tiger/SLxFRciaQWo.mp4,a tiger is standing in the water and drinking from a pond,Tiger,76,SLxFRciaQWo,1689,Tiger_ID_049,1689,reference_images/Tiger/SLxFRciaQWo.jpg,Animal,skipped,
Species_mp4/Tiger/4wKtXUlDmWA.mp4,a tiger laying on the ground in a zoo enclosure,Tiger,76,4wKtXUlDmWA,1690,Tiger_ID_050,1690,reference_images/Tiger/4wKtXUlDmWA.jpg,Animal,skipped,
Species_mp4/Tiger/TwqV360LyTY.mp4,a tiger laying in the grass with a stick in its mouth,Tiger,76,TwqV360LyTY,1691,Tiger_ID_051,1691,reference_images/Tiger/TwqV360LyTY.jpg,Animal,skipped,
Species_mp4/Tiger/_TJjcj-ntO4.mp4,a tiger laying on the ground in the woods with a rock,Tiger,76,_TJjcj-ntO4,1692,Tiger_ID_052,1692,reference_images/Tiger/_TJjcj-ntO4.jpg,Animal,skipped,
Species_mp4/Tapir/gMQY20g9hgs.mp4,a tapir laying down in the dirt with its mouth open,Tapir,73,gMQY20g9hgs,1630,Tapir_ID_000,1630,reference_images/Tapir/gMQY20g9hgs.jpg,Animal,skipped,
Species_mp4/Tapir/lExjyBjJY5A.mp4,a tapir standing in the snow in a zoo enclosure,Tapir,73,lExjyBjJY5A,1630,Tapir_ID_000,1630,reference_images/Tapir/lExjyBjJY5A.jpg,Animal,skipped,
Species_mp4/Tapir/KDn_eDf7Lvw.mp4,a tapir is walking around in the dirt near a tree,Tapir,73,KDn_eDf7Lvw,1630,Tapir_ID_000,1630,reference_images/Tapir/KDn_eDf7Lvw.jpg,Animal,skipped,
Species_mp4/Tapir/sp45tSrdo5k.mp4,a tapir eating a pink bag in a zoo enclosure,Tapir,73,sp45tSrdo5k,1630,Tapir_ID_000,1630,reference_images/Tapir/sp45tSrdo5k.jpg,Animal,skipped,
Species_mp4/Tapir/n3AHqMx_n2g.mp4,"a tapir standing in the grass with a caption that reads, tina gave birth to a healthy female",Tapir,73,n3AHqMx_n2g,1630,Tapir_ID_000,1630,reference_images/Tapir/n3AHqMx_n2g.jpg,Animal,skipped,
Species_mp4/Tapir/BHf82ukRyDg.mp4,a tapir standing on a dirt road in a fenced in area,Tapir,73,BHf82ukRyDg,1630,Tapir_ID_000,1630,reference_images/Tapir/BHf82ukRyDg.jpg,Animal,skipped,
Species_mp4/Tapir/XQQK51UzEjg.mp4,a tapir laying on a rock in a zoo enclosure,Tapir,73,XQQK51UzEjg,1630,Tapir_ID_000,1630,reference_images/Tapir/XQQK51UzEjg.jpg,Animal,skipped,
Species_mp4/Tapir/4WoEZV2I-oc.mp4,a tapir eating food out of a bowl in a pen,Tapir,73,4WoEZV2I-oc,1630,Tapir_ID_000,1630,reference_images/Tapir/4WoEZV2I-oc.jpg,Animal,skipped,
Species_mp4/Tapir/g8sD_7xDGk4.mp4,a tapir eating hay in a zoo enclosure with a fence,Tapir,73,g8sD_7xDGk4,1630,Tapir_ID_000,1630,reference_images/Tapir/g8sD_7xDGk4.jpg,Animal,skipped,
Species_mp4/Tapir/8PJNjCFSdg4.mp4,a tapir eating a plant in a garden with a bird feeder,Tapir,73,8PJNjCFSdg4,1630,Tapir_ID_000,1630,reference_images/Tapir/8PJNjCFSdg4.jpg,Animal,skipped,
Species_mp4/Tapir/-BXCdYKEUQE.mp4,a tapir eating grass in a fenced in area with a rock wall,Tapir,73,-BXCdYKEUQE,1630,Tapir_ID_000,1630,reference_images/Tapir/-BXCdYKEUQE.jpg,Animal,skipped,
Species_mp4/Tapir/F4W1Y7wpUUA.mp4,a tapir in a zoo enclosure,Tapir,73,F4W1Y7wpUUA,1630,Tapir_ID_000,1630,reference_images/Tapir/F4W1Y7wpUUA.jpg,Animal,skipped,
Species_mp4/Tapir/yl3vV_O4yHc.mp4,a tapir in the woods eating leaves off of a tree,Tapir,73,yl3vV_O4yHc,1631,Tapir_ID_001,1631,reference_images/Tapir/yl3vV_O4yHc.jpg,Animal,skipped,
Species_mp4/Tapir/b86ygdNExcs.mp4,a tapir is seen in the dark in the wild,Tapir,73,b86ygdNExcs,1632,Tapir_ID_002,1632,reference_images/Tapir/b86ygdNExcs.jpg,Animal,skipped,
Species_mp4/Tapir/teHXrr5fXfQ.mp4,a tapir walking on a dirt path in the woods,Tapir,73,teHXrr5fXfQ,1633,Tapir_ID_003,1633,reference_images/Tapir/teHXrr5fXfQ.jpg,Animal,skipped,
Species_mp4/Tapir/d09ZK68LeBM.mp4,a tapir is standing in the dirt behind a fence,Tapir,73,d09ZK68LeBM,1634,Tapir_ID_004,1634,reference_images/Tapir/d09ZK68LeBM.jpg,Animal,skipped,
Species_mp4/Tapir/hcsAsg8nw-U.mp4,a tapir drinking water from a river in the middle of the woods,Tapir,73,hcsAsg8nw-U,1635,Tapir_ID_005,1635,reference_images/Tapir/hcsAsg8nw-U.jpg,Animal,skipped,
Species_mp4/Tapir/r4ZjMziUJkM.mp4,a tapir standing in a pool of water with its head in the water,Tapir,73,r4ZjMziUJkM,1636,Tapir_ID_006,1636,reference_images/Tapir/r4ZjMziUJkM.jpg,Animal,skipped,
Species_mp4/Manatee/3KiQSWrptM4.mp4,a manatee in the water with its head under water,Manatee,46,3KiQSWrptM4,1255,Manatee_ID_000,1255,reference_images/Manatee/3KiQSWrptM4.jpg,Animal,skipped,
Species_mp4/Manatee/JJwMZ_i2ivc.mp4,a manatee in a pool of water with a green tube,Manatee,46,JJwMZ_i2ivc,1255,Manatee_ID_000,1255,reference_images/Manatee/JJwMZ_i2ivc.jpg,Animal,skipped,
Species_mp4/Manatee/z2PAbAPIQfA.mp4,a manatee swimming in the water with its mouth open,Manatee,46,z2PAbAPIQfA,1255,Manatee_ID_000,1255,reference_images/Manatee/z2PAbAPIQfA.jpg,Animal,skipped,
Species_mp4/Manatee/txcbhjZUMcg.mp4,a manatee and a scuba diver in the ocean with a flashlight,Manatee,46,txcbhjZUMcg,1256,Manatee_ID_001,1256,reference_images/Manatee/txcbhjZUMcg.jpg,Animal,skipped,
Species_mp4/Manatee/oLaqR3v-nmo.mp4,a manatee laying on the sand with fish swimming around it,Manatee,46,oLaqR3v-nmo,1256,Manatee_ID_001,1256,reference_images/Manatee/oLaqR3v-nmo.jpg,Animal,skipped,
Species_mp4/Manatee/UGVjyDRs8uM.mp4,a manatee swimming in the ocean with its head under water,Manatee,46,UGVjyDRs8uM,1256,Manatee_ID_001,1256,reference_images/Manatee/UGVjyDRs8uM.jpg,Animal,skipped,
Species_mp4/Manatee/9kL_Ic9hC3Q.mp4,a manatee with a fish in its mouth in the water,Manatee,46,9kL_Ic9hC3Q,1256,Manatee_ID_001,1256,reference_images/Manatee/9kL_Ic9hC3Q.jpg,Animal,skipped,
Species_mp4/Manatee/KZ8aWEsCbsc.mp4,a manatee in a tank with fish swimming around it,Manatee,46,KZ8aWEsCbsc,1257,Manatee_ID_002,1257,reference_images/Manatee/KZ8aWEsCbsc.jpg,Animal,skipped,
Species_mp4/Manatee/GH-oWiKLmeU.mp4,a manatee swimming in the water with its head under water,Manatee,46,GH-oWiKLmeU,1257,Manatee_ID_002,1257,reference_images/Manatee/GH-oWiKLmeU.jpg,Animal,skipped,
Species_mp4/Manatee/Xt-kANy6Sgw.mp4,a manatee in the water with its mouth open and its tongue out,Manatee,46,Xt-kANy6Sgw,1258,Manatee_ID_003,1258,reference_images/Manatee/Xt-kANy6Sgw.jpg,Animal,skipped,
Species_mp4/Manatee/icAyKDEFkuw.mp4,a manatee swimming in the water next to a wooden pole,Manatee,46,icAyKDEFkuw,1258,Manatee_ID_003,1258,reference_images/Manatee/icAyKDEFkuw.jpg,Animal,skipped,
Species_mp4/Manatee/wOD7JZnx2yg_4.mp4,a manatee in the water with a stick in its mouth,Manatee,46,wOD7JZnx2yg_4,1258,Manatee_ID_003,1258,reference_images/Manatee/wOD7JZnx2yg_4.jpg,Animal,skipped,
Species_mp4/Manatee/X9pvC4gr4hY.mp4,a manatee in the water with a large rock in the background,Manatee,46,X9pvC4gr4hY,1259,Manatee_ID_004,1259,reference_images/Manatee/X9pvC4gr4hY.jpg,Animal,skipped,
Species_mp4/Manatee/-C15NWenyhg.mp4,a manatee swimming in the ocean with a fish nearby,Manatee,46,-C15NWenyhg,1259,Manatee_ID_004,1259,reference_images/Manatee/-C15NWenyhg.jpg,Animal,skipped,
Species_mp4/Manatee/dWc7TvjpVbc.mp4,a manatee swimming in the ocean with a deer in the background,Manatee,46,dWc7TvjpVbc,1260,Manatee_ID_005,1260,reference_images/Manatee/dWc7TvjpVbc.jpg,Animal,skipped,
Species_mp4/Cat/ArZsQwR8Ux4.mp4,a cat eating out of a bowl,Cat,12,ArZsQwR8Ux4,197,Cat_ID_000,197,reference_images/Cat/ArZsQwR8Ux4.jpg,Animal,skipped,
Species_mp4/Cat/fKM0-EpXBlU.mp4,a cat is walking around in a cage at the zoo,Cat,12,fKM0-EpXBlU,198,Cat_ID_001,198,reference_images/Cat/fKM0-EpXBlU.jpg,Animal,skipped,
Species_mp4/Cat/Of3FrMn7gkE.mp4,a cat is curled up in a cave with rocks,Cat,12,Of3FrMn7gkE,198,Cat_ID_001,198,reference_images/Cat/Of3FrMn7gkE.jpg,Animal,skipped,
Species_mp4/Cat/124M9fdndG0_2.mp4,a cat is sitting under a tree with leaves in its mouth,Cat,12,124M9fdndG0_2,198,Cat_ID_001,198,reference_images/Cat/124M9fdndG0_2.jpg,Animal,skipped,
Species_mp4/Cat/124M9fdndG0_1.mp4,a cat sitting on the ground next to a bush and a fence,Cat,12,124M9fdndG0_1,198,Cat_ID_001,198,reference_images/Cat/124M9fdndG0_1.jpg,Animal,skipped,
Species_mp4/Cat/O6c9P5aue9Q.mp4,a cat eating a fish in a bucket on the ground,Cat,12,O6c9P5aue9Q,198,Cat_ID_001,198,reference_images/Cat/O6c9P5aue9Q.jpg,Animal,skipped,
Species_mp4/Cat/-EPIddyji80_1.mp4,a cat is eating a chicken on the floor in a cage,Cat,12,-EPIddyji80_1,198,Cat_ID_001,198,reference_images/Cat/-EPIddyji80_1.jpg,Animal,skipped,
Species_mp4/Cat/41QS6ZhS4_M.mp4,a cat laying on a couch,Cat,12,41QS6ZhS4_M,199,Cat_ID_002,199,reference_images/Cat/41QS6ZhS4_M.jpg,Animal,skipped,
Species_mp4/Cat/HMZpOjgWogs.mp4,a cat laying on a white blanket,Cat,12,HMZpOjgWogs,200,Cat_ID_003,200,reference_images/Cat/HMZpOjgWogs.jpg,Animal,skipped,
Species_mp4/Cat/aQ4yVGalCJg.mp4,a cat is drinking water from a pond in the dark,Cat,12,aQ4yVGalCJg,201,Cat_ID_004,201,reference_images/Cat/aQ4yVGalCJg.jpg,Animal,skipped,
Species_mp4/Cat/hTy72ItXxdM_2.mp4,a cat is sitting on a branch in a cave,Cat,12,hTy72ItXxdM_2,202,Cat_ID_005,202,reference_images/Cat/hTy72ItXxdM_2.jpg,Animal,skipped,
Species_mp4/Cat/b6_Rz1VL6Kc.mp4,a cat drinking out of a bowl on the ground,Cat,12,b6_Rz1VL6Kc,202,Cat_ID_005,202,reference_images/Cat/b6_Rz1VL6Kc.jpg,Animal,skipped,
Species_mp4/Cat/mvswLtJP_No.mp4,a cat laying on a rock with a stick in its mouth,Cat,12,mvswLtJP_No,202,Cat_ID_005,202,reference_images/Cat/mvswLtJP_No.jpg,Animal,skipped,
Species_mp4/Cat/uPQRwG21Y6g.mp4,a cat is sitting in the grass and eating a dead animal,Cat,12,uPQRwG21Y6g,203,Cat_ID_006,203,reference_images/Cat/uPQRwG21Y6g.jpg,Animal,skipped,
Species_mp4/Cat/inGH4J_I6Dk.mp4,a cat is walking around in the sand near a tree,Cat,12,inGH4J_I6Dk,204,Cat_ID_007,204,reference_images/Cat/inGH4J_I6Dk.jpg,Animal,skipped,
Species_mp4/Cat/M0qb9o3VHYo.mp4,a cat is walking on a rock in the dark,Cat,12,M0qb9o3VHYo,205,Cat_ID_008,205,reference_images/Cat/M0qb9o3VHYo.jpg,Animal,skipped,
Species_mp4/Cat/Gs5p5t8nSuc.mp4,a cat laying down in the dirt with its eyes closed,Cat,12,Gs5p5t8nSuc,206,Cat_ID_009,206,reference_images/Cat/Gs5p5t8nSuc.jpg,Animal,skipped,
Species_mp4/Cat/3lFpYRMp2TE.mp4,a cat sitting in the grass next to a tree in the woods,Cat,12,3lFpYRMp2TE,206,Cat_ID_009,206,reference_images/Cat/3lFpYRMp2TE.jpg,Animal,skipped,
Species_mp4/Cat/SS_8gKVLcME.mp4,a cat laying on a pillow with a remote control in its mouth,Cat,12,SS_8gKVLcME,206,Cat_ID_009,206,reference_images/Cat/SS_8gKVLcME.jpg,Animal,skipped,
Species_mp4/Cat/BL2QoAqjjBg.mp4,a cat is looking at something in the distance through a tree,Cat,12,BL2QoAqjjBg,206,Cat_ID_009,206,reference_images/Cat/BL2QoAqjjBg.jpg,Animal,skipped,
Species_mp4/Cat/eZT9tg5B9NM.mp4,a cat laying on the ground in a caged area,Cat,12,eZT9tg5B9NM,206,Cat_ID_009,206,reference_images/Cat/eZT9tg5B9NM.jpg,Animal,skipped,
Species_mp4/Cat/wen4p8QohPo.mp4,a cat standing on a toilet seat in a bathroom,Cat,12,wen4p8QohPo,206,Cat_ID_009,206,reference_images/Cat/wen4p8QohPo.jpg,Animal,skipped,
Species_mp4/Cat/WfWz1XaFZQY_1.mp4,a cat laying in the grass under a tree next to a pole,Cat,12,WfWz1XaFZQY_1,206,Cat_ID_009,206,reference_images/Cat/WfWz1XaFZQY_1.jpg,Animal,skipped,
Species_mp4/Cat/Di4eEBZjkA4.mp4,a cat laying on a rug next to a television on a wooden floor,Cat,12,Di4eEBZjkA4,206,Cat_ID_009,206,reference_images/Cat/Di4eEBZjkA4.jpg,Animal,skipped,
Species_mp4/Cat/fVwUNJu9Cgw.mp4,a cat walking in a field of grass with a small animal,Cat,12,fVwUNJu9Cgw,206,Cat_ID_009,206,reference_images/Cat/fVwUNJu9Cgw.jpg,Animal,skipped,
Species_mp4/Cat/WfWz1XaFZQY_2.mp4,a cat laying in the grass under a tree next to a sign,Cat,12,WfWz1XaFZQY_2,206,Cat_ID_009,206,reference_images/Cat/WfWz1XaFZQY_2.jpg,Animal,skipped,
Species_mp4/Cat/GvrBoFBpk6M.mp4,a cat is eating a toy on a mat on the floor,Cat,12,GvrBoFBpk6M,207,Cat_ID_010,207,reference_images/Cat/GvrBoFBpk6M.jpg,Animal,skipped,
Species_mp4/Cat/QkLW004Fwjs.mp4,a cat,Cat,12,QkLW004Fwjs,208,Cat_ID_011,208,reference_images/Cat/QkLW004Fwjs.jpg,Animal,skipped,
Species_mp4/Cat/KHmQGwSC0a8.mp4,a cat is laying on a bed with a person ' s hand,Cat,12,KHmQGwSC0a8,209,Cat_ID_012,209,reference_images/Cat/KHmQGwSC0a8.jpg,Animal,skipped,
Species_mp4/Cat/GR0NEYDAnY4.mp4,a cat standing on top of a stove in a kitchen,Cat,12,GR0NEYDAnY4,210,Cat_ID_013,210,reference_images/Cat/GR0NEYDAnY4.jpg,Animal,skipped,
Species_mp4/Cat/IjhZygCvgBY.mp4,a cat is playing with a toy on a blue couch,Cat,12,IjhZygCvgBY,211,Cat_ID_014,211,reference_images/Cat/IjhZygCvgBY.jpg,Animal,skipped,
Species_mp4/Hippo/c5w5wSeawrU.mp4,a hippo in a pool of water with a large rock in the background,Hippopotamus,31,c5w5wSeawrU,955,Hippo_ID_000,955,reference_images/Hippo/c5w5wSeawrU.jpg,Animal,skipped,
Species_mp4/Hippo/0xDMEvt5Wk4.mp4,a hippo in a tank with water and rocks in it,Hippopotamus,31,0xDMEvt5Wk4,955,Hippo_ID_000,955,reference_images/Hippo/0xDMEvt5Wk4.jpg,Animal,skipped,
Species_mp4/Hippo/LT6vPX8dk0A.mp4,a hippo in a zoo enclosure with a pond and trees,Hippopotamus,31,LT6vPX8dk0A,956,Hippo_ID_001,956,reference_images/Hippo/LT6vPX8dk0A.jpg,Animal,skipped,
Species_mp4/Hippo/22iwaDK9swg.mp4,a hippo eating hay in a zoo enclosure with a wooden fence,Hippopotamus,31,22iwaDK9swg,956,Hippo_ID_001,956,reference_images/Hippo/22iwaDK9swg.jpg,Animal,skipped,
Species_mp4/Hippo/AcR19uh4LC4.mp4,a hippo standing next to a wall with a ball hanging from it ' s side,Hippopotamus,31,AcR19uh4LC4,956,Hippo_ID_001,956,reference_images/Hippo/AcR19uh4LC4.jpg,Animal,skipped,
Species_mp4/Hippo/zEaPxUbadb8.mp4,a hippo eating grass in a fenced in area with a wooden fence,Hippopotamus,31,zEaPxUbadb8,956,Hippo_ID_001,956,reference_images/Hippo/zEaPxUbadb8.jpg,Animal,skipped,
Species_mp4/Hippo/6ZSsMR-GGME.mp4,a hippo in a zoo enclosure with a rock wall and a tree,Hippopotamus,31,6ZSsMR-GGME,956,Hippo_ID_001,956,reference_images/Hippo/6ZSsMR-GGME.jpg,Animal,skipped,
Species_mp4/Hippo/6d_hsBoQbCA.mp4,a hippo in a zoo enclosure eating grass in a building,Hippopotamus,31,6d_hsBoQbCA,956,Hippo_ID_001,956,reference_images/Hippo/6d_hsBoQbCA.jpg,Animal,skipped,
Species_mp4/Hippo/mprM5RRYN0c.mp4,a hippo in a pool of water with its head in the water,Hippopotamus,31,mprM5RRYN0c,956,Hippo_ID_001,956,reference_images/Hippo/mprM5RRYN0c.jpg,Animal,skipped,
Species_mp4/Hippo/U4s2VCVd8Gw_2.mp4,a hippo in a zoo enclosure with a stone wall and a sign,Hippopotamus,31,U4s2VCVd8Gw_2,956,Hippo_ID_001,956,reference_images/Hippo/U4s2VCVd8Gw_2.jpg,Animal,skipped,
Species_mp4/Hippo/JnlqN-1nBmc.mp4,a hippo is standing in the water and eating some food,Hippopotamus,31,JnlqN-1nBmc,956,Hippo_ID_001,956,reference_images/Hippo/JnlqN-1nBmc.jpg,Animal,skipped,
Species_mp4/Hippo/FA7eGus5yjM.mp4,a hippo in a pool of water with a rock wall behind it,Hippopotamus,31,FA7eGus5yjM,957,Hippo_ID_002,957,reference_images/Hippo/FA7eGus5yjM.jpg,Animal,skipped,
Species_mp4/Hippo/8kr7ESXQqD8_1.mp4,a hippo is standing in the water at the zoo,Hippopotamus,31,8kr7ESXQqD8_1,957,Hippo_ID_002,957,reference_images/Hippo/8kr7ESXQqD8_1.jpg,Animal,skipped,
Species_mp4/Hippo/w2WvVPioDAI.mp4,a hippo in a zoo enclosure with a water hole and rocks,Hippopotamus,31,w2WvVPioDAI,957,Hippo_ID_002,957,reference_images/Hippo/w2WvVPioDAI.jpg,Animal,skipped,
Species_mp4/Hippo/XWqz8nj6o7g.mp4,a hippo in the water with its head in the water,Hippopotamus,31,XWqz8nj6o7g,958,Hippo_ID_003,958,reference_images/Hippo/XWqz8nj6o7g.jpg,Animal,skipped,
Species_mp4/Hippo/YyNqSL4V7PE.mp4,a hippo in a cage at a zoo looking out the window,Hippopotamus,31,YyNqSL4V7PE,959,Hippo_ID_004,959,reference_images/Hippo/YyNqSL4V7PE.jpg,Animal,skipped,
Species_mp4/Hippo/lOf3bwiw1_I_1.mp4,a hippo is in a plastic container with a toothbrush,Hippopotamus,31,lOf3bwiw1_I_1,960,Hippo_ID_005,960,reference_images/Hippo/lOf3bwiw1_I_1.jpg,Animal,skipped,
Species_mp4/Hippo/Df_xc8wHWco.mp4,a hippo is standing in the dirt at night and eating,Hippopotamus,31,Df_xc8wHWco,961,Hippo_ID_006,961,reference_images/Hippo/Df_xc8wHWco.jpg,Animal,skipped,
Species_mp4/Hippo/fw8EApwVWmk.mp4,a hippo standing in the grass next to a body of water,Hippopotamus,31,fw8EApwVWmk,962,Hippo_ID_007,962,reference_images/Hippo/fw8EApwVWmk.jpg,Animal,skipped,
Species_mp4/Hippo/p9gV9yHQ12k_1.mp4,a hippo in the grass with its head down and its back turned,Hippopotamus,31,p9gV9yHQ12k_1,963,Hippo_ID_008,963,reference_images/Hippo/p9gV9yHQ12k_1.jpg,Animal,skipped,
Species_mp4/Hippo/XqPXRhMFX1Y.mp4,a hippo is eating leaves in the dark on the ground,Hippopotamus,31,XqPXRhMFX1Y,964,Hippo_ID_009,964,reference_images/Hippo/XqPXRhMFX1Y.jpg,Animal,skipped,
Species_mp4/Hippo/0t49D9Z7ffo.mp4,a hippo in the mud with its head in the water,Hippopotamus,31,0t49D9Z7ffo,965,Hippo_ID_010,965,reference_images/Hippo/0t49D9Z7ffo.jpg,Animal,skipped,
Species_mp4/Hippo/DmW4lSvjulY.mp4,a hippo is in a green tub with hay and straw,Hippopotamus,31,DmW4lSvjulY,966,Hippo_ID_011,966,reference_images/Hippo/DmW4lSvjulY.jpg,Animal,skipped,
Species_mp4/Hippo/-cqlL9Q3a8U.mp4,a hippo is standing in the grass next to a wooden pole,Hippopotamus,31,-cqlL9Q3a8U,967,Hippo_ID_012,967,reference_images/Hippo/-cqlL9Q3a8U.jpg,Animal,skipped,
Species_mp4/Hippo/OdzEDpoSddo.mp4,a hippo in a bathtub with a towel on its head,Hippopotamus,31,OdzEDpoSddo,968,Hippo_ID_013,968,reference_images/Hippo/OdzEDpoSddo.jpg,Animal,skipped,
Species_mp4/Hippo/gM7rmZeGL1s.mp4,a hippo in a bathtub with a towel on its head,Hippopotamus,31,gM7rmZeGL1s,968,Hippo_ID_013,968,reference_images/Hippo/gM7rmZeGL1s.jpg,Animal,skipped,
Species_mp4/Hippo/6ElpUF1UGis.mp4,a hippo is standing on a rock near the water,Hippopotamus,31,6ElpUF1UGis,969,Hippo_ID_014,969,reference_images/Hippo/6ElpUF1UGis.jpg,Animal,skipped,
Species_mp4/Hippo/ZRVn9woy8p8.mp4,a hippo is standing next to a large metal object,Hippopotamus,31,ZRVn9woy8p8,970,Hippo_ID_015,970,reference_images/Hippo/ZRVn9woy8p8.jpg,Animal,skipped,
Species_mp4/Hippo/3DYsdEo5eA0.mp4,a hippo standing on a grassy hill next to a body of water,Hippopotamus,31,3DYsdEo5eA0,971,Hippo_ID_016,971,reference_images/Hippo/3DYsdEo5eA0.jpg,Animal,skipped,
Species_mp4/Hippo/5ERVYp0yu_w.mp4,a hippo standing in a field next to a body of water,Hippopotamus,31,5ERVYp0yu_w,971,Hippo_ID_016,971,reference_images/Hippo/5ERVYp0yu_w.jpg,Animal,skipped,
Species_mp4/Squirrel/t9F-lnJtkDA_3.mp4,a squirrel is eating a piece of food in the wild,Squirrel,71,t9F-lnJtkDA_3,1554,Squirrel_ID_000,1554,reference_images/Squirrel/t9F-lnJtkDA_3.jpg,Animal,skipped,
Species_mp4/Squirrel/t9F-lnJtkDA_2.mp4,a squirrel holding a piece of meat in its paws,Squirrel,71,t9F-lnJtkDA_2,1554,Squirrel_ID_000,1554,reference_images/Squirrel/t9F-lnJtkDA_2.jpg,Animal,skipped,
Species_mp4/Squirrel/Tsn6tLvoYVQ.mp4,a squirrel eating a piece of food on a tree branch,Squirrel,71,Tsn6tLvoYVQ,1555,Squirrel_ID_001,1555,reference_images/Squirrel/Tsn6tLvoYVQ.jpg,Animal,skipped,
Species_mp4/Squirrel/eB8rncAWS9s.mp4,a squirrel drinking water from a bowl on a ledge,Squirrel,71,eB8rncAWS9s,1556,Squirrel_ID_002,1556,reference_images/Squirrel/eB8rncAWS9s.jpg,Animal,skipped,
Species_mp4/Squirrel/bXUxJkZu-dY.mp4,a squirrel eating a piece of grass in a grassy field,Squirrel,71,bXUxJkZu-dY,1557,Squirrel_ID_003,1557,reference_images/Squirrel/bXUxJkZu-dY.jpg,Animal,skipped,
Species_mp4/Squirrel/0tDQwFIZ5ts_1.mp4,a squirrel eating a piece of fruit on a tree branch,Squirrel,71,0tDQwFIZ5ts_1,1557,Squirrel_ID_003,1557,reference_images/Squirrel/0tDQwFIZ5ts_1.jpg,Animal,skipped,
Species_mp4/Squirrel/tDDSB1oVpuM_2.mp4,a squirrel standing on a green surface in a backyard,Squirrel,71,tDDSB1oVpuM_2,1557,Squirrel_ID_003,1557,reference_images/Squirrel/tDDSB1oVpuM_2.jpg,Animal,skipped,
Species_mp4/Squirrel/iCfNHZ1-NrU.mp4,a squirrel eating food in a garden with a plant in the background,Squirrel,71,iCfNHZ1-NrU,1557,Squirrel_ID_003,1557,reference_images/Squirrel/iCfNHZ1-NrU.jpg,Animal,skipped,
Species_mp4/Squirrel/oVqeFFeIIkg.mp4,a squirrel eating a piece of food in the grass,Squirrel,71,oVqeFFeIIkg,1557,Squirrel_ID_003,1557,reference_images/Squirrel/oVqeFFeIIkg.jpg,Animal,skipped,
Species_mp4/Squirrel/0tDQwFIZ5ts_2.mp4,a squirrel eating a piece of fruit on a tree branch,Squirrel,71,0tDQwFIZ5ts_2,1557,Squirrel_ID_003,1557,reference_images/Squirrel/0tDQwFIZ5ts_2.jpg,Animal,skipped,
Species_mp4/Squirrel/SwlFo16CSV8.mp4,a squirrel sitting on the ground in a grassy area,Squirrel,71,SwlFo16CSV8,1557,Squirrel_ID_003,1557,reference_images/Squirrel/SwlFo16CSV8.jpg,Animal,skipped,
Species_mp4/Squirrel/YbLYa6Y0_zo.mp4,a squirrel sitting on a tree branch eating a piece of food,Squirrel,71,YbLYa6Y0_zo,1557,Squirrel_ID_003,1557,reference_images/Squirrel/YbLYa6Y0_zo.jpg,Animal,skipped,
Species_mp4/Squirrel/eS2PBsKuUzQ_1.mp4,a squirrel sitting on a table in a backyard with a blurry background,Squirrel,71,eS2PBsKuUzQ_1,1557,Squirrel_ID_003,1557,reference_images/Squirrel/eS2PBsKuUzQ_1.jpg,Animal,skipped,
Species_mp4/Squirrel/oBTU2Z4aoHA.mp4,a squirrel eating a nut in the middle of a garden,Squirrel,71,oBTU2Z4aoHA,1557,Squirrel_ID_003,1557,reference_images/Squirrel/oBTU2Z4aoHA.jpg,Animal,skipped,
Species_mp4/Squirrel/jC7B7-PLUwI_1.mp4,a squirrel is eating a banana on a concrete table,Squirrel,71,jC7B7-PLUwI_1,1557,Squirrel_ID_003,1557,reference_images/Squirrel/jC7B7-PLUwI_1.jpg,Animal,skipped,
Species_mp4/Squirrel/RaVDmdC4O7s.mp4,a squirrel sitting on a tree branch eating a piece of food,Squirrel,71,RaVDmdC4O7s,1557,Squirrel_ID_003,1557,reference_images/Squirrel/RaVDmdC4O7s.jpg,Animal,skipped,
Species_mp4/Squirrel/-t4phUpyjDs.mp4,a squirrel sitting on the ground with its hands in its mouth,Squirrel,71,-t4phUpyjDs,1557,Squirrel_ID_003,1557,reference_images/Squirrel/-t4phUpyjDs.jpg,Animal,skipped,
Species_mp4/Squirrel/nBfgMiGmoWE.mp4,a squirrel eating a piece of food in the middle of a garden,Squirrel,71,nBfgMiGmoWE,1557,Squirrel_ID_003,1557,reference_images/Squirrel/nBfgMiGmoWE.jpg,Animal,skipped,
Species_mp4/Squirrel/eS2PBsKuUzQ_2.mp4,a squirrel sitting on a table eating a banana on a backyard,Squirrel,71,eS2PBsKuUzQ_2,1557,Squirrel_ID_003,1557,reference_images/Squirrel/eS2PBsKuUzQ_2.jpg,Animal,skipped,
Species_mp4/Squirrel/nyXtnGtkhvQ.mp4,a squirrel sitting in the grass with a ball in its mouth,Squirrel,71,nyXtnGtkhvQ,1557,Squirrel_ID_003,1557,reference_images/Squirrel/nyXtnGtkhvQ.jpg,Animal,skipped,
Species_mp4/Squirrel/clNDtpBIzbU_2.mp4,a squirrel standing next to a tree in the shade,Squirrel,71,clNDtpBIzbU_2,1557,Squirrel_ID_003,1557,reference_images/Squirrel/clNDtpBIzbU_2.jpg,Animal,skipped,
Species_mp4/Squirrel/BkiRRpqBOu0.mp4,a squirrel is standing on its hind legs and looking at the camera,Squirrel,71,BkiRRpqBOu0,1557,Squirrel_ID_003,1557,reference_images/Squirrel/BkiRRpqBOu0.jpg,Animal,skipped,
Species_mp4/Squirrel/gEtc3RZalBQ.mp4,a squirrel standing on its hind legs in the grass,Squirrel,71,gEtc3RZalBQ,1557,Squirrel_ID_003,1557,reference_images/Squirrel/gEtc3RZalBQ.jpg,Animal,skipped,
Species_mp4/Squirrel/CmhXXTk9G4U.mp4,a squirrel laying in the grass with its head on the ground,Squirrel,71,CmhXXTk9G4U,1557,Squirrel_ID_003,1557,reference_images/Squirrel/CmhXXTk9G4U.jpg,Animal,skipped,
Species_mp4/Squirrel/jC7B7-PLUwI_2.mp4,a squirrel sitting on a table in a backyard with a fence,Squirrel,71,jC7B7-PLUwI_2,1557,Squirrel_ID_003,1557,reference_images/Squirrel/jC7B7-PLUwI_2.jpg,Animal,skipped,
Species_mp4/Squirrel/8ShYYw3AoRA.mp4,a squirrel standing on its hind legs in a grassy area,Squirrel,71,8ShYYw3AoRA,1557,Squirrel_ID_003,1557,reference_images/Squirrel/8ShYYw3AoRA.jpg,Animal,skipped,
Species_mp4/Squirrel/5Da0XUeqtug.mp4,a squirrel standing on its hind legs in the grass,Squirrel,71,5Da0XUeqtug,1557,Squirrel_ID_003,1557,reference_images/Squirrel/5Da0XUeqtug.jpg,Animal,skipped,
Species_mp4/Squirrel/GruB8oU5nkg.mp4,a squirrel sitting on a ledge drinking water from a bowl,Squirrel,71,GruB8oU5nkg,1557,Squirrel_ID_003,1557,reference_images/Squirrel/GruB8oU5nkg.jpg,Animal,skipped,
Species_mp4/Squirrel/ofaJfGVftmw.mp4,a squirrel standing on the ground in front of a tree,Squirrel,71,ofaJfGVftmw,1557,Squirrel_ID_003,1557,reference_images/Squirrel/ofaJfGVftmw.jpg,Animal,skipped,
Species_mp4/Squirrel/ztDjWGv3q10.mp4,a squirrel is laying on the ground next to a wall,Squirrel,71,ztDjWGv3q10,1558,Squirrel_ID_004,1558,reference_images/Squirrel/ztDjWGv3q10.jpg,Animal,skipped,
Species_mp4/Squirrel/op1iRSaeWPM.mp4,a squirrel standing on a rock with its tail hanging out,Squirrel,71,op1iRSaeWPM,1559,Squirrel_ID_005,1559,reference_images/Squirrel/op1iRSaeWPM.jpg,Animal,skipped,
Species_mp4/Squirrel/hH6SKVk0oEM.mp4,a squirrel eating a piece of fruit on a tree branch,Squirrel,71,hH6SKVk0oEM,1559,Squirrel_ID_005,1559,reference_images/Squirrel/hH6SKVk0oEM.jpg,Animal,skipped,
Species_mp4/Squirrel/DeiDVFXWsBg.mp4,a squirrel eating an apple in the ground with a flower in the background,Squirrel,71,DeiDVFXWsBg,1559,Squirrel_ID_005,1559,reference_images/Squirrel/DeiDVFXWsBg.jpg,Animal,skipped,
Species_mp4/Squirrel/P9Uqcd9jBhI.mp4,a squirrel eating a piece of food in the woods,Squirrel,71,P9Uqcd9jBhI,1559,Squirrel_ID_005,1559,reference_images/Squirrel/P9Uqcd9jBhI.jpg,Animal,skipped,
Species_mp4/Squirrel/18plk2AOLkE.mp4,a squirrel is eating a piece of food in the grass,Squirrel,71,18plk2AOLkE,1559,Squirrel_ID_005,1559,reference_images/Squirrel/18plk2AOLkE.jpg,Animal,skipped,
Species_mp4/Squirrel/L4QgyVHpdSs.mp4,a squirrel is eating grass in a zoo enclosure with a monkey,Squirrel,71,L4QgyVHpdSs,1559,Squirrel_ID_005,1559,reference_images/Squirrel/L4QgyVHpdSs.jpg,Animal,skipped,
Species_mp4/Squirrel/I5m3Bv3DFB4.mp4,a squirrel eating a piece of fruit on a table with a notebook,Squirrel,71,I5m3Bv3DFB4,1559,Squirrel_ID_005,1559,reference_images/Squirrel/I5m3Bv3DFB4.jpg,Animal,skipped,
Species_mp4/Squirrel/0cmcsiGqoz8.mp4,a squirrel is laying down on a red mat in the shade,Squirrel,71,0cmcsiGqoz8,1559,Squirrel_ID_005,1559,reference_images/Squirrel/0cmcsiGqoz8.jpg,Animal,skipped,
Species_mp4/Squirrel/xJIozvO4KfI.mp4,a squirrel eating a piece of fruit on a blue couch,Squirrel,71,xJIozvO4KfI,1559,Squirrel_ID_005,1559,reference_images/Squirrel/xJIozvO4KfI.jpg,Animal,skipped,
Species_mp4/Squirrel/wI_913hRXRU.mp4,a squirrel sitting on a brick wall eating a piece of food,Squirrel,71,wI_913hRXRU,1560,Squirrel_ID_006,1560,reference_images/Squirrel/wI_913hRXRU.jpg,Animal,skipped,
Species_mp4/Squirrel/oWLgF9x3Yvo.mp4,a squirrel standing on the ground in the woods looking at the camera,Squirrel,71,oWLgF9x3Yvo,1561,Squirrel_ID_007,1561,reference_images/Squirrel/oWLgF9x3Yvo.jpg,Animal,skipped,
Species_mp4/Squirrel/I1ksmRwL1lc.mp4,a squirrel sitting on a birdhouse in a tree with a green background,Squirrel,71,I1ksmRwL1lc,1561,Squirrel_ID_007,1561,reference_images/Squirrel/I1ksmRwL1lc.jpg,Animal,skipped,
Species_mp4/Squirrel/aJNdUH5E2OY.mp4,a squirrel sitting on a rock in the woods eating a nut,Squirrel,71,aJNdUH5E2OY,1561,Squirrel_ID_007,1561,reference_images/Squirrel/aJNdUH5E2OY.jpg,Animal,skipped,
Species_mp4/Squirrel/uXr8NgL52hI.mp4,a squirrel sitting on a rock in front of a tree,Squirrel,71,uXr8NgL52hI,1561,Squirrel_ID_007,1561,reference_images/Squirrel/uXr8NgL52hI.jpg,Animal,skipped,
Species_mp4/Squirrel/A-vYjZfID5g.mp4,a squirrel standing on its hind legs eating a piece of food,Squirrel,71,A-vYjZfID5g,1561,Squirrel_ID_007,1561,reference_images/Squirrel/A-vYjZfID5g.jpg,Animal,skipped,
Species_mp4/Squirrel/Ymt6E1Yk2hg.mp4,a squirrel eating a piece of bread on a table,Squirrel,71,Ymt6E1Yk2hg,1561,Squirrel_ID_007,1561,reference_images/Squirrel/Ymt6E1Yk2hg.jpg,Animal,skipped,
Species_mp4/Squirrel/b0LW_mTkfqc.mp4,a squirrel sitting in the grass next to pine cones and pine cones,Squirrel,71,b0LW_mTkfqc,1561,Squirrel_ID_007,1561,reference_images/Squirrel/b0LW_mTkfqc.jpg,Animal,skipped,
Species_mp4/Squirrel/uvkvXFtT-As.mp4,a squirrel sitting in a bird house on a tree,Squirrel,71,uvkvXFtT-As,1561,Squirrel_ID_007,1561,reference_images/Squirrel/uvkvXFtT-As.jpg,Animal,skipped,
Species_mp4/Squirrel/1XsUjY5Z8fk.mp4,a squirrel eating a piece of food in the snow,Squirrel,71,1XsUjY5Z8fk,1561,Squirrel_ID_007,1561,reference_images/Squirrel/1XsUjY5Z8fk.jpg,Animal,skipped,
Species_mp4/Squirrel/0tvXq9Th04I.mp4,a squirrel standing on the ground eating a nut in the woods,Squirrel,71,0tvXq9Th04I,1562,Squirrel_ID_008,1562,reference_images/Squirrel/0tvXq9Th04I.jpg,Animal,skipped,
Species_mp4/Squirrel/8xfnCqKLyzc.mp4,a squirrel sitting on a tree branch in a wooded area,Squirrel,71,8xfnCqKLyzc,1563,Squirrel_ID_009,1563,reference_images/Squirrel/8xfnCqKLyzc.jpg,Animal,skipped,
Species_mp4/Squirrel/pxNpQ5Rj3Yo.mp4,a squirrel sitting on a branch in a tree with a blurry background,Squirrel,71,pxNpQ5Rj3Yo,1563,Squirrel_ID_009,1563,reference_images/Squirrel/pxNpQ5Rj3Yo.jpg,Animal,skipped,
Species_mp4/Squirrel/ZOp8ssAwxcs.mp4,a squirrel eating from a can of watermelon in a field,Squirrel,71,ZOp8ssAwxcs,1564,Squirrel_ID_010,1564,reference_images/Squirrel/ZOp8ssAwxcs.jpg,Animal,skipped,
Species_mp4/Squirrel/iwihZRkKgp8.mp4,a squirrel eating from a bird feeder in the woods,Squirrel,71,iwihZRkKgp8,1565,Squirrel_ID_011,1565,reference_images/Squirrel/iwihZRkKgp8.jpg,Animal,skipped,
Species_mp4/Squirrel/83XqLyWOfs0.mp4,a squirrel eating a cucumber on a wooden table in a bedroom,Squirrel,71,83XqLyWOfs0,1566,Squirrel_ID_012,1566,reference_images/Squirrel/83XqLyWOfs0.jpg,Animal,skipped,
Species_mp4/Squirrel/IX4L_m9xY4E.mp4,a squirrel eating a piece of food in the grass,Squirrel,71,IX4L_m9xY4E,1567,Squirrel_ID_013,1567,reference_images/Squirrel/IX4L_m9xY4E.jpg,Animal,skipped,
Species_mp4/Squirrel/qLYUnVNkUUk.mp4,a squirrel is eating from a yellow water bowl on a wooden deck,Squirrel,71,qLYUnVNkUUk,1568,Squirrel_ID_014,1568,reference_images/Squirrel/qLYUnVNkUUk.jpg,Animal,skipped,
Species_mp4/Squirrel/viw2Tn1L6n4_2.mp4,a squirrel is sleeping in a nest of hay,Squirrel,71,viw2Tn1L6n4_2,1569,Squirrel_ID_015,1569,reference_images/Squirrel/viw2Tn1L6n4_2.jpg,Animal,skipped,
Species_mp4/Squirrel/MSeNzaGKc_M.mp4,a squirrel sitting on a rock in the woods with a bird on it,Squirrel,71,MSeNzaGKc_M,1570,Squirrel_ID_016,1570,reference_images/Squirrel/MSeNzaGKc_M.jpg,Animal,skipped,
Species_mp4/Squirrel/gufs2qak-Qw.mp4,a squirrel sitting on a plastic tube in a tree,Squirrel,71,gufs2qak-Qw,1571,Squirrel_ID_017,1571,reference_images/Squirrel/gufs2qak-Qw.jpg,Animal,skipped,
Species_mp4/Squirrel/pZf58m0R6fA.mp4,a squirrel standing on its hind legs in front of a toy house,Squirrel,71,pZf58m0R6fA,1572,Squirrel_ID_018,1572,reference_images/Squirrel/pZf58m0R6fA.jpg,Animal,skipped,
Species_mp4/Squirrel/c3qcvG9xZ9M.mp4,a squirrel eating grass on the floor,Squirrel,71,c3qcvG9xZ9M,1573,Squirrel_ID_019,1573,reference_images/Squirrel/c3qcvG9xZ9M.jpg,Animal,skipped,
Species_mp4/Squirrel/xUjBoT2f4_U.mp4,a squirrel is eating a piece of fruit on a tree branch,Squirrel,71,xUjBoT2f4_U,1574,Squirrel_ID_020,1574,reference_images/Squirrel/xUjBoT2f4_U.jpg,Animal,skipped,
Species_mp4/Squirrel/vJFbvpXYr_0.mp4,a squirrel sitting on a tree stump eating a cookie,Squirrel,71,vJFbvpXYr_0,1575,Squirrel_ID_021,1575,reference_images/Squirrel/vJFbvpXYr_0.jpg,Animal,skipped,
Species_mp4/Squirrel/ImIzyIgSbwk.mp4,a squirrel standing on a rock eating a donut from a bowl,Squirrel,71,ImIzyIgSbwk,1575,Squirrel_ID_021,1575,reference_images/Squirrel/ImIzyIgSbwk.jpg,Animal,skipped,
Species_mp4/Squirrel/00Hme8GHgZc.mp4,a squirrel sitting on a tree stump eating a cookie,Squirrel,71,00Hme8GHgZc,1575,Squirrel_ID_021,1575,reference_images/Squirrel/00Hme8GHgZc.jpg,Animal,skipped,
Species_mp4/Squirrel/idRc_fYo6fI.mp4,a squirrel on a deck eating a plant in the woods,Squirrel,71,idRc_fYo6fI,1576,Squirrel_ID_022,1576,reference_images/Squirrel/idRc_fYo6fI.jpg,Animal,skipped,
Species_mp4/Squirrel/zFJ8PZZJBHY.mp4,a squirrel sitting in a tree with a blue sky in the background,Squirrel,71,zFJ8PZZJBHY,1577,Squirrel_ID_023,1577,reference_images/Squirrel/zFJ8PZZJBHY.jpg,Animal,skipped,
Species_mp4/Squirrel/ftVCIMxndqU.mp4,a squirrel sitting on top of a roof with a house in the background,Squirrel,71,ftVCIMxndqU,1578,Squirrel_ID_024,1578,reference_images/Squirrel/ftVCIMxndqU.jpg,Animal,skipped,
Species_mp4/Squirrel/_mV6Y1Vsjrg.mp4,a squirrel eating food on a wooden platform in front of a tree,Squirrel,71,_mV6Y1Vsjrg,1579,Squirrel_ID_025,1579,reference_images/Squirrel/_mV6Y1Vsjrg.jpg,Animal,skipped,
Species_mp4/Squirrel/BWUpA28_JeQ.mp4,a squirrel is sitting on a tree branch with fruit in it,Squirrel,71,BWUpA28_JeQ,1580,Squirrel_ID_026,1580,reference_images/Squirrel/BWUpA28_JeQ.jpg,Animal,skipped,
Species_mp4/Squirrel/lEdjukod4t8.mp4,a squirrel sitting on a ledge with a quote on it,Squirrel,71,lEdjukod4t8,1581,Squirrel_ID_027,1581,reference_images/Squirrel/lEdjukod4t8.jpg,Animal,skipped,
Species_mp4/Squirrel/4zyI6vn9Azg.mp4,a squirrel eating a piece of food on a table,Squirrel,71,4zyI6vn9Azg,1582,Squirrel_ID_028,1582,reference_images/Squirrel/4zyI6vn9Azg.jpg,Animal,skipped,
Species_mp4/Squirrel/BLHhDj4tbyA_1.mp4,a squirrel is sitting on a ledge looking out a window,Squirrel,71,BLHhDj4tbyA_1,1583,Squirrel_ID_029,1583,reference_images/Squirrel/BLHhDj4tbyA_1.jpg,Animal,skipped,
Species_mp4/Squirrel/IPJlyqZNgBc.mp4,a squirrel dressed in a white shirt and tie eating a leaf,Squirrel,71,IPJlyqZNgBc,1584,Squirrel_ID_030,1584,reference_images/Squirrel/IPJlyqZNgBc.jpg,Animal,skipped,
Species_mp4/Squirrel/n-CXCEn0T0g.mp4,a squirrel is eating a banana in a tree with leaves,Squirrel,71,n-CXCEn0T0g,1585,Squirrel_ID_031,1585,reference_images/Squirrel/n-CXCEn0T0g.jpg,Animal,skipped,
Species_mp4/Squirrel/58pG9p60uis.mp4,a squirrel sitting on a table next to a toy house,Squirrel,71,58pG9p60uis,1586,Squirrel_ID_032,1586,reference_images/Squirrel/58pG9p60uis.jpg,Animal,skipped,
Species_mp4/Squirrel/aYMPTCRqWaU.mp4,a squirrel eating peanuts from a bird feeder on a table,Squirrel,71,aYMPTCRqWaU,1586,Squirrel_ID_032,1586,reference_images/Squirrel/aYMPTCRqWaU.jpg,Animal,skipped,
Species_mp4/Squirrel/ec9TH7S1U_A.mp4,a squirrel sitting on a wooden barrel with its paws on it,Squirrel,71,ec9TH7S1U_A,1587,Squirrel_ID_033,1587,reference_images/Squirrel/ec9TH7S1U_A.jpg,Animal,skipped,
Species_mp4/Squirrel/QohIgqhTrGk.mp4,a squirrel is sitting on the grass in the shade,Squirrel,71,QohIgqhTrGk,1588,Squirrel_ID_034,1588,reference_images/Squirrel/QohIgqhTrGk.jpg,Animal,skipped,
Species_mp4/Squirrel/21Oq7p0ZdYk.mp4,a squirrel is sitting in the grass near a bush and a person,Squirrel,71,21Oq7p0ZdYk,1588,Squirrel_ID_034,1588,reference_images/Squirrel/21Oq7p0ZdYk.jpg,Animal,skipped,
Species_mp4/Squirrel/eNUcCx7tdxo.mp4,a squirrel is sitting on a log with a sign on it,Squirrel,71,eNUcCx7tdxo,1589,Squirrel_ID_035,1589,reference_images/Squirrel/eNUcCx7tdxo.jpg,Animal,skipped,
Species_mp4/Squirrel/TyBU-Y0D_g0.mp4,a squirrel is standing on a glass bird bath in a garden,Squirrel,71,TyBU-Y0D_g0,1590,Squirrel_ID_036,1590,reference_images/Squirrel/TyBU-Y0D_g0.jpg,Animal,skipped,
Species_mp4/Squirrel/Kjpp8MBCEoY.mp4,a squirrel is eating a nut in the dirt,Squirrel,71,Kjpp8MBCEoY,1591,Squirrel_ID_037,1591,reference_images/Squirrel/Kjpp8MBCEoY.jpg,Animal,skipped,
Species_mp4/Squirrel/s2Cx63bJ1ts.mp4,a squirrel sitting on a branch eating a nut in a tree,Squirrel,71,s2Cx63bJ1ts,1592,Squirrel_ID_038,1592,reference_images/Squirrel/s2Cx63bJ1ts.jpg,Animal,skipped,
Species_mp4/Squirrel/NMupoTmqD8I.mp4,a squirrel sitting on a branch eating seeds from a bird feeder,Squirrel,71,NMupoTmqD8I,1592,Squirrel_ID_038,1592,reference_images/Squirrel/NMupoTmqD8I.jpg,Animal,skipped,
Species_mp4/Squirrel/3wq8ZA39-k8_2.mp4,a squirrel sitting on a tree branch eating a nut,Squirrel,71,3wq8ZA39-k8_2,1593,Squirrel_ID_039,1593,reference_images/Squirrel/3wq8ZA39-k8_2.jpg,Animal,skipped,
Species_mp4/Squirrel/E3k971Hr4OA_1.mp4,a squirrel sitting on a tree branch in a tree with leaves,Squirrel,71,E3k971Hr4OA_1,1594,Squirrel_ID_040,1594,reference_images/Squirrel/E3k971Hr4OA_1.jpg,Animal,skipped,
Species_mp4/Squirrel/E3k971Hr4OA_2.mp4,a squirrel sitting on a tree branch in a tree with leaves,Squirrel,71,E3k971Hr4OA_2,1594,Squirrel_ID_040,1594,reference_images/Squirrel/E3k971Hr4OA_2.jpg,Animal,skipped,
Species_mp4/Squirrel/mVfWiHOyNIE.mp4,a squirrel sitting in a tree with a bushy background,Squirrel,71,mVfWiHOyNIE,1595,Squirrel_ID_041,1595,reference_images/Squirrel/mVfWiHOyNIE.jpg,Animal,skipped,
Species_mp4/Squirrel/luIklhM0PVU.mp4,a squirrel sitting in a box with a piece of paper in it,Squirrel,71,luIklhM0PVU,1596,Squirrel_ID_042,1596,reference_images/Squirrel/luIklhM0PVU.jpg,Animal,skipped,
Species_mp4/Squirrel/ey8roRtIOVY.mp4,a squirrel sitting on a fence with a pine cone in its mouth,Squirrel,71,ey8roRtIOVY,1597,Squirrel_ID_043,1597,reference_images/Squirrel/ey8roRtIOVY.jpg,Animal,skipped,
Species_mp4/Squirrel/FXKRTz6nQyA.mp4,a squirrel is sitting in a hole in a tree,Squirrel,71,FXKRTz6nQyA,1598,Squirrel_ID_044,1598,reference_images/Squirrel/FXKRTz6nQyA.jpg,Animal,skipped,
Species_mp4/Squirrel/ZiLzFscOerY.mp4,a squirrel is drinking water from a puddle in the street,Squirrel,71,ZiLzFscOerY,1599,Squirrel_ID_045,1599,reference_images/Squirrel/ZiLzFscOerY.jpg,Animal,skipped,
Species_mp4/Squirrel/RNhtouEBE4A.mp4,a squirrel sitting on a branch of a tree with leaves,Squirrel,71,RNhtouEBE4A,1600,Squirrel_ID_046,1600,reference_images/Squirrel/RNhtouEBE4A.jpg,Animal,skipped,
Species_mp4/Squirrel/qiznKjsnt1U.mp4,a squirrel sitting on a branch in a forest with leaves,Squirrel,71,qiznKjsnt1U,1601,Squirrel_ID_047,1601,reference_images/Squirrel/qiznKjsnt1U.jpg,Animal,skipped,
Species_mp4/Squirrel/LazqCwdWNNI.mp4,a squirrel sitting on a tree branch eating a piece of food,Squirrel,71,LazqCwdWNNI,1602,Squirrel_ID_048,1602,reference_images/Squirrel/LazqCwdWNNI.jpg,Animal,skipped,
Species_mp4/Squirrel/h6Um9mtAmLo.mp4,a squirrel sitting on a rock in a forest eating a piece of food,Squirrel,71,h6Um9mtAmLo,1603,Squirrel_ID_049,1603,reference_images/Squirrel/h6Um9mtAmLo.jpg,Animal,skipped,
Species_mp4/Squirrel/5Tr5GoT73NE.mp4,a squirrel eating grass in a field with a purple and blue background,Squirrel,71,5Tr5GoT73NE,1604,Squirrel_ID_050,1604,reference_images/Squirrel/5Tr5GoT73NE.jpg,Animal,skipped,
Species_mp4/Squirrel/vJZWpZtZPuw.mp4,a squirrel eating food in the grass next to a tree,Squirrel,71,vJZWpZtZPuw,1605,Squirrel_ID_051,1605,reference_images/Squirrel/vJZWpZtZPuw.jpg,Animal,skipped,
Species_mp4/Squirrel/NwA7ZVIETBg_3.mp4,a squirrel standing on a pile of leaves in the woods,Squirrel,71,NwA7ZVIETBg_3,1606,Squirrel_ID_052,1606,reference_images/Squirrel/NwA7ZVIETBg_3.jpg,Animal,skipped,
Species_mp4/Squirrel/tDDSB1oVpuM_1.mp4,a squirrel is walking on a green surface in a backyard,Squirrel,71,tDDSB1oVpuM_1,1607,Squirrel_ID_053,1607,reference_images/Squirrel/tDDSB1oVpuM_1.jpg,Animal,skipped,
Species_mp4/Squirrel/tdQzzdKTG3Q.mp4,a squirrel sitting on a bed with a green leaf in its mouth,Squirrel,71,tdQzzdKTG3Q,1608,Squirrel_ID_054,1608,reference_images/Squirrel/tdQzzdKTG3Q.jpg,Animal,skipped,
Species_mp4/Squirrel/vCQ3nVYX6WE.mp4,a squirrel with a red bow on its neck standing on a porch,Squirrel,71,vCQ3nVYX6WE,1609,Squirrel_ID_055,1609,reference_images/Squirrel/vCQ3nVYX6WE.jpg,Animal,skipped,
Species_mp4/Squirrel/0b5axLa0Bto.mp4,a squirrel is drinking water from a manhole in the woods,Squirrel,71,0b5axLa0Bto,1610,Squirrel_ID_056,1610,reference_images/Squirrel/0b5axLa0Bto.jpg,Animal,skipped,
Species_mp4/Squirrel/gMkt52HC2Ko.mp4,a squirrel sitting in a tree with a white face,Squirrel,71,gMkt52HC2Ko,1611,Squirrel_ID_057,1611,reference_images/Squirrel/gMkt52HC2Ko.jpg,Animal,skipped,
Species_mp4/Squirrel/viw2Tn1L6n4_1.mp4,a squirrel is curled up in a nest of hay,Squirrel,71,viw2Tn1L6n4_1,1612,Squirrel_ID_058,1612,reference_images/Squirrel/viw2Tn1L6n4_1.jpg,Animal,skipped,
Species_mp4/Squirrel/uQMlu3TS37A.mp4,a squirrel sitting on a branch in a tree eating leaves,Squirrel,71,uQMlu3TS37A,1613,Squirrel_ID_059,1613,reference_images/Squirrel/uQMlu3TS37A.jpg,Animal,skipped,
Species_mp4/Squirrel/7o0QGoT6f50.mp4,a squirrel standing on its hind legs in a grassy field,Squirrel,71,7o0QGoT6f50,1614,Squirrel_ID_060,1614,reference_images/Squirrel/7o0QGoT6f50.jpg,Animal,skipped,
Species_mp4/Squirrel/AAsST1-Bhc0.mp4,a squirrel is walking on the grass in the yard,Squirrel,71,AAsST1-Bhc0,1615,Squirrel_ID_061,1615,reference_images/Squirrel/AAsST1-Bhc0.jpg,Animal,skipped,
Species_mp4/Squirrel/MVn5yZTTOsc.mp4,a squirrel is sitting in a tree with no leaves,Squirrel,71,MVn5yZTTOsc,1616,Squirrel_ID_062,1616,reference_images/Squirrel/MVn5yZTTOsc.jpg,Animal,skipped,
Species_mp4/Squirrel/1xN1D4iQSSA.mp4,a squirrel sitting on a rock eating a piece of food,Squirrel,71,1xN1D4iQSSA,1617,Squirrel_ID_063,1617,reference_images/Squirrel/1xN1D4iQSSA.jpg,Animal,skipped,
Species_mp4/Squirrel/NwA7ZVIETBg_2.mp4,a squirrel is eating from a bird feeder in a tree,Squirrel,71,NwA7ZVIETBg_2,1618,Squirrel_ID_064,1618,reference_images/Squirrel/NwA7ZVIETBg_2.jpg,Animal,skipped,
Species_mp4/Squirrel/LCPhS6Fc-18.mp4,a squirrel is sitting on a table next to a tree,Squirrel,71,LCPhS6Fc-18,1619,Squirrel_ID_065,1619,reference_images/Squirrel/LCPhS6Fc-18.jpg,Animal,skipped,
Species_mp4/Squirrel/livmWDC10rk.mp4,a squirrel is walking on a yellow floor in a room,Squirrel,71,livmWDC10rk,1620,Squirrel_ID_066,1620,reference_images/Squirrel/livmWDC10rk.jpg,Animal,skipped,
Species_mp4/Squirrel/jlcoYpv0Ijk.mp4,a squirrel is walking on the ground next to a pole,Squirrel,71,jlcoYpv0Ijk,1621,Squirrel_ID_067,1621,reference_images/Squirrel/jlcoYpv0Ijk.jpg,Animal,skipped,
Species_mp4/Squirrel/-VzU6Rt4zAs.mp4,a squirrel is standing on a tire with a frisbee in its mouth,Squirrel,71,-VzU6Rt4zAs,1622,Squirrel_ID_068,1622,reference_images/Squirrel/-VzU6Rt4zAs.jpg,Animal,skipped,
Species_mp4/Squirrel/Me_MKvxDGO0.mp4,a squirrel is climbing up the side of a building to get a treat,Squirrel,71,Me_MKvxDGO0,1623,Squirrel_ID_069,1623,reference_images/Squirrel/Me_MKvxDGO0.jpg,Animal,skipped,
Species_mp4/Squirrel/q9-YsU6BBj0.mp4,a squirrel drinking water from a bowl in the woods,Squirrel,71,q9-YsU6BBj0,1624,Squirrel_ID_070,1624,reference_images/Squirrel/q9-YsU6BBj0.jpg,Animal,skipped,
Species_mp4/Squirrel/nIZTEi_Djn0.mp4,a squirrel sitting on a bird feeder in a wooded area,Squirrel,71,nIZTEi_Djn0,1625,Squirrel_ID_071,1625,reference_images/Squirrel/nIZTEi_Djn0.jpg,Animal,skipped,
Species_mp4/Squirrel/uwlIXSN4FpA.mp4,a squirrel eating food from a persons hand in a kitchen,Squirrel,71,uwlIXSN4FpA,1626,Squirrel_ID_072,1626,reference_images/Squirrel/uwlIXSN4FpA.jpg,Animal,skipped,
Species_mp4/Squirrel/b0oYBgKbMTo.mp4,a squirrel sitting on a bench eating food from a bowl,Squirrel,71,b0oYBgKbMTo,1627,Squirrel_ID_073,1627,reference_images/Squirrel/b0oYBgKbMTo.jpg,Animal,skipped,
Species_mp4/Squirrel/uSvrbvMsPVY.mp4,a squirrel sitting on the dashboard of a car eating broccoli,Squirrel,71,uSvrbvMsPVY,1628,Squirrel_ID_074,1628,reference_images/Squirrel/uSvrbvMsPVY.jpg,Animal,skipped,
Species_mp4/Chinchilla/ndXAbw9NTgg.mp4,a chinchilla sitting in a cage with a cup of coffee,Chinchilla,15,ndXAbw9NTgg,237,Chinchilla_ID_000,237,reference_images/Chinchilla/ndXAbw9NTgg.jpg,Animal,skipped,
Species_mp4/Chinchilla/cCHaRVUxi5o.mp4,a chinchilla eating a piece of food on a table,Chinchilla,15,cCHaRVUxi5o,237,Chinchilla_ID_000,237,reference_images/Chinchilla/cCHaRVUxi5o.jpg,Animal,skipped,
Species_mp4/Chinchilla/oEUaJPjK1ts.mp4,a chinchilla eating hay in a cage with a white wall,Chinchilla,15,oEUaJPjK1ts,237,Chinchilla_ID_000,237,reference_images/Chinchilla/oEUaJPjK1ts.jpg,Animal,skipped,
Species_mp4/Chinchilla/DthYvRRpJHw.mp4,a chinchilla in a cage eating a banana in a cage,Chinchilla,15,DthYvRRpJHw,237,Chinchilla_ID_000,237,reference_images/Chinchilla/DthYvRRpJHw.jpg,Animal,skipped,
Species_mp4/Chinchilla/pmn8KL9mrkU.mp4,a chinchilla in a cage with a cat in it,Chinchilla,15,pmn8KL9mrkU,237,Chinchilla_ID_000,237,reference_images/Chinchilla/pmn8KL9mrkU.jpg,Animal,skipped,
Species_mp4/Chinchilla/wofzGw1T6eg.mp4,a chinchilla eating out of a bowl in a cage,Chinchilla,15,wofzGw1T6eg,237,Chinchilla_ID_000,237,reference_images/Chinchilla/wofzGw1T6eg.jpg,Animal,skipped,
Species_mp4/Chinchilla/cqGDPYrjh_A.mp4,a chinchilla eating food from a bowl in a green room,Chinchilla,15,cqGDPYrjh_A,237,Chinchilla_ID_000,237,reference_images/Chinchilla/cqGDPYrjh_A.jpg,Animal,skipped,
Species_mp4/Chinchilla/--ecLBVk8A0.mp4,a chinchilla sitting on a piece of wood in a cage,Chinchilla,15,--ecLBVk8A0,237,Chinchilla_ID_000,237,reference_images/Chinchilla/--ecLBVk8A0.jpg,Animal,skipped,
Species_mp4/Chinchilla/RGcquaYotUs.mp4,a chinchilla sitting on a perch in a cage with a wooden ladder,Chinchilla,15,RGcquaYotUs,237,Chinchilla_ID_000,237,reference_images/Chinchilla/RGcquaYotUs.jpg,Animal,skipped,
Species_mp4/Chinchilla/JkP4nihMJqw.mp4,a chinchilla sitting on a chair looking at the camera,Chinchilla,15,JkP4nihMJqw,237,Chinchilla_ID_000,237,reference_images/Chinchilla/JkP4nihMJqw.jpg,Animal,skipped,
Species_mp4/Chinchilla/h2g0LNxoBUY.mp4,a chinchilla sitting on a towel on a white wall,Chinchilla,15,h2g0LNxoBUY,237,Chinchilla_ID_000,237,reference_images/Chinchilla/h2g0LNxoBUY.jpg,Animal,skipped,
Species_mp4/Chinchilla/9Ab30k20d8Q.mp4,a chinchilla eating from a bowl with a toy house in the background,Chinchilla,15,9Ab30k20d8Q,237,Chinchilla_ID_000,237,reference_images/Chinchilla/9Ab30k20d8Q.jpg,Animal,skipped,
Species_mp4/Chinchilla/QetGkMlTEDU.mp4,a chinchilla eating out of a bowl in a wooden box,Chinchilla,15,QetGkMlTEDU,237,Chinchilla_ID_000,237,reference_images/Chinchilla/QetGkMlTEDU.jpg,Animal,skipped,
Species_mp4/Chinchilla/0cE9w9eaL9w.mp4,a chinchilla sitting on a ledge eating a piece of grass,Chinchilla,15,0cE9w9eaL9w,237,Chinchilla_ID_000,237,reference_images/Chinchilla/0cE9w9eaL9w.jpg,Animal,skipped,
Species_mp4/Chinchilla/v7bkzmi1h98.mp4,a chinchilla eating a tomato slice on a table,Chinchilla,15,v7bkzmi1h98,237,Chinchilla_ID_000,237,reference_images/Chinchilla/v7bkzmi1h98.jpg,Animal,skipped,
Species_mp4/Chinchilla/2ceK5_GCfEk_2.mp4,a chinchilla sitting on top of a piece of paper in a kitchen,Chinchilla,15,2ceK5_GCfEk_2,237,Chinchilla_ID_000,237,reference_images/Chinchilla/2ceK5_GCfEk_2.jpg,Animal,skipped,
Species_mp4/Chinchilla/leobBnZy180.mp4,a chinchilla sitting on the floor with a yellow ball in its mouth,Chinchilla,15,leobBnZy180,237,Chinchilla_ID_000,237,reference_images/Chinchilla/leobBnZy180.jpg,Animal,skipped,
Species_mp4/Chinchilla/EaYXTAUTDws.mp4,a chinchilla eating food from a bowl on the floor,Chinchilla,15,EaYXTAUTDws,237,Chinchilla_ID_000,237,reference_images/Chinchilla/EaYXTAUTDws.jpg,Animal,skipped,
Species_mp4/Chinchilla/h7-NsM6nwII.mp4,a chinchilla sitting on a wooden floor in a kitchen,Chinchilla,15,h7-NsM6nwII,237,Chinchilla_ID_000,237,reference_images/Chinchilla/h7-NsM6nwII.jpg,Animal,skipped,
Species_mp4/Chinchilla/rgWTl8lu_1I.mp4,a chinchilla sitting on a blue towel next to a wooden shelf,Chinchilla,15,rgWTl8lu_1I,237,Chinchilla_ID_000,237,reference_images/Chinchilla/rgWTl8lu_1I.jpg,Animal,skipped,
Species_mp4/Chinchilla/DPI5XhexYww.mp4,a chinchilla sitting on a toilet with a person holding it,Chinchilla,15,DPI5XhexYww,237,Chinchilla_ID_000,237,reference_images/Chinchilla/DPI5XhexYww.jpg,Animal,skipped,
Species_mp4/Chinchilla/2ceK5_GCfEk_1.mp4,a chinchilla sitting on a book in a room,Chinchilla,15,2ceK5_GCfEk_1,237,Chinchilla_ID_000,237,reference_images/Chinchilla/2ceK5_GCfEk_1.jpg,Animal,skipped,
Species_mp4/Chinchilla/dnby64w0q-4.mp4,a chinchilla sitting in a cage with a yellow ball,Chinchilla,15,dnby64w0q-4,237,Chinchilla_ID_000,237,reference_images/Chinchilla/dnby64w0q-4.jpg,Animal,skipped,
Species_mp4/Chinchilla/yYVaKYPQmxk.mp4,a chinchilla sitting in the grass next to a rock,Chinchilla,15,yYVaKYPQmxk,237,Chinchilla_ID_000,237,reference_images/Chinchilla/yYVaKYPQmxk.jpg,Animal,skipped,
Species_mp4/Chinchilla/8CrEn2Exz8Y.mp4,a chinchilla sitting in a cage next to a bird cage,Chinchilla,15,8CrEn2Exz8Y,237,Chinchilla_ID_000,237,reference_images/Chinchilla/8CrEn2Exz8Y.jpg,Animal,skipped,
Species_mp4/Chinchilla/a_YuxlMUpVw.mp4,a chinchilla in a cage with a wooden block,Chinchilla,15,a_YuxlMUpVw,237,Chinchilla_ID_000,237,reference_images/Chinchilla/a_YuxlMUpVw.jpg,Animal,skipped,
Species_mp4/Chinchilla/kx14Qx-_Jx4.mp4,a chinchilla sitting on a wooden floor in a dark room,Chinchilla,15,kx14Qx-_Jx4,237,Chinchilla_ID_000,237,reference_images/Chinchilla/kx14Qx-_Jx4.jpg,Animal,skipped,
Species_mp4/Chinchilla/VvgIoxiUQeI.mp4,a chinchilla sitting on a desk next to a laptop computer,Chinchilla,15,VvgIoxiUQeI,237,Chinchilla_ID_000,237,reference_images/Chinchilla/VvgIoxiUQeI.jpg,Animal,skipped,
Species_mp4/Chinchilla/zHG8Te8ZGCk.mp4,a chinchilla sitting on a chair with a green ball in its mouth,Chinchilla,15,zHG8Te8ZGCk,237,Chinchilla_ID_000,237,reference_images/Chinchilla/zHG8Te8ZGCk.jpg,Animal,skipped,
Species_mp4/Chinchilla/JCrlDvE5F3o.mp4,a chinchilla sitting in a cage eating food from a bowl,Chinchilla,15,JCrlDvE5F3o,237,Chinchilla_ID_000,237,reference_images/Chinchilla/JCrlDvE5F3o.jpg,Animal,skipped,
Species_mp4/Chinchilla/Z0nGDx-lfh8.mp4,a chinchilla eating a treat on the floor of a house,Chinchilla,15,Z0nGDx-lfh8,237,Chinchilla_ID_000,237,reference_images/Chinchilla/Z0nGDx-lfh8.jpg,Animal,skipped,
Species_mp4/Chinchilla/ruhlwpAD2pM.mp4,a chinchilla sitting on a perch in a cage with a wooden block,Chinchilla,15,ruhlwpAD2pM,237,Chinchilla_ID_000,237,reference_images/Chinchilla/ruhlwpAD2pM.jpg,Animal,skipped,
Species_mp4/Chinchilla/QIVPia6bz-M.mp4,a chinchilla drinking a drink from a glass on a table,Chinchilla,15,QIVPia6bz-M,237,Chinchilla_ID_000,237,reference_images/Chinchilla/QIVPia6bz-M.jpg,Animal,skipped,
Species_mp4/Chinchilla/-Z5h5QQKlbY.mp4,a chinchilla sitting on a rug in front of a door,Chinchilla,15,-Z5h5QQKlbY,237,Chinchilla_ID_000,237,reference_images/Chinchilla/-Z5h5QQKlbY.jpg,Animal,skipped,
Species_mp4/Chinchilla/U1viQ190tVY.mp4,a chinchilla sitting on a table in a cage,Chinchilla,15,U1viQ190tVY,237,Chinchilla_ID_000,237,reference_images/Chinchilla/U1viQ190tVY.jpg,Animal,skipped,
Species_mp4/Chinchilla/FOSLPPQEa80.mp4,a chinchilla sitting in a box with a piece of food in it ' s mouth,Chinchilla,15,FOSLPPQEa80,237,Chinchilla_ID_000,237,reference_images/Chinchilla/FOSLPPQEa80.jpg,Animal,skipped,
Species_mp4/Chinchilla/czFuInHQWrA.mp4,a chinchilla eating a piece of fruit on a table,Chinchilla,15,czFuInHQWrA,237,Chinchilla_ID_000,237,reference_images/Chinchilla/czFuInHQWrA.jpg,Animal,skipped,
Species_mp4/Chinchilla/MitmEZs-3K0.mp4,a chinchilla sitting on a shelf in a cage with a carrot,Chinchilla,15,MitmEZs-3K0,237,Chinchilla_ID_000,237,reference_images/Chinchilla/MitmEZs-3K0.jpg,Animal,skipped,
Species_mp4/Chinchilla/cPLcdjYxN_A.mp4,a chinchilla eating an apple on the floor in a room,Chinchilla,15,cPLcdjYxN_A,237,Chinchilla_ID_000,237,reference_images/Chinchilla/cPLcdjYxN_A.jpg,Animal,skipped,
Species_mp4/Chinchilla/DSRCuIn7sME.mp4,a chinchilla sitting on the ground next to a wall,Chinchilla,15,DSRCuIn7sME,237,Chinchilla_ID_000,237,reference_images/Chinchilla/DSRCuIn7sME.jpg,Animal,skipped,
Species_mp4/Chinchilla/GlcOto_qCxM.mp4,a chinchilla sitting on a shelf next to a vase of flowers,Chinchilla,15,GlcOto_qCxM,237,Chinchilla_ID_000,237,reference_images/Chinchilla/GlcOto_qCxM.jpg,Animal,skipped,
Species_mp4/Chinchilla/OG2I3w2KziM.mp4,a chinchilla sleeping in a box on a wooden floor,Chinchilla,15,OG2I3w2KziM,237,Chinchilla_ID_000,237,reference_images/Chinchilla/OG2I3w2KziM.jpg,Animal,skipped,
Species_mp4/Chinchilla/G6yIgPPVAu0.mp4,a chinchilla in a cage with a wooden board on the floor,Chinchilla,15,G6yIgPPVAu0,237,Chinchilla_ID_000,237,reference_images/Chinchilla/G6yIgPPVAu0.jpg,Animal,skipped,
Species_mp4/Chinchilla/fQGxee2yLgA.mp4,a chinchilla sitting on a couch with its mouth open,Chinchilla,15,fQGxee2yLgA,237,Chinchilla_ID_000,237,reference_images/Chinchilla/fQGxee2yLgA.jpg,Animal,skipped,
Species_mp4/Chinchilla/rAnSEWYg54Y.mp4,a chinchilla rabbit sitting in hay in a cage,Chinchilla,15,rAnSEWYg54Y,237,Chinchilla_ID_000,237,reference_images/Chinchilla/rAnSEWYg54Y.jpg,Animal,skipped,
Species_mp4/Chinchilla/q8To4y6A-qU.mp4,a chinchilla in a cage with a pink nose and pink ears,Chinchilla,15,q8To4y6A-qU,237,Chinchilla_ID_000,237,reference_images/Chinchilla/q8To4y6A-qU.jpg,Animal,skipped,
Species_mp4/Chinchilla/vm_fJvzX5j4.mp4,a chinchilla sitting on a couch with a white blanket,Chinchilla,15,vm_fJvzX5j4,237,Chinchilla_ID_000,237,reference_images/Chinchilla/vm_fJvzX5j4.jpg,Animal,skipped,
Species_mp4/Chinchilla/gQkpkJLdOFQ.mp4,a chinchilla eating a piece of food on a white table,Chinchilla,15,gQkpkJLdOFQ,237,Chinchilla_ID_000,237,reference_images/Chinchilla/gQkpkJLdOFQ.jpg,Animal,skipped,
Species_mp4/Chinchilla/KpS4Jc9PjAs.mp4,a chinchilla sitting on the floor next to a green apple,Chinchilla,15,KpS4Jc9PjAs,237,Chinchilla_ID_000,237,reference_images/Chinchilla/KpS4Jc9PjAs.jpg,Animal,skipped,
Species_mp4/Chinchilla/Spl5Cr673G4.mp4,a chinchilla drinking water from a faucet in a bathroom sink,Chinchilla,15,Spl5Cr673G4,237,Chinchilla_ID_000,237,reference_images/Chinchilla/Spl5Cr673G4.jpg,Animal,skipped,
Species_mp4/GuineaPig/R8Jo3B5NpBs.mp4,a guinea pig is laying on a bed with a stick sticking out of it ' s mouth,GuineaPig,29,R8Jo3B5NpBs,919,GuineaPig_ID_000,919,reference_images/GuineaPig/R8Jo3B5NpBs.jpg,Animal,skipped,
Species_mp4/Muskrat/CPfQQT4are0.mp4,a muskrat in the water with grass and reeds,Muskrat,53,CPfQQT4are0,1315,Muskrat_ID_000,1315,reference_images/Muskrat/CPfQQT4are0.jpg,Animal,skipped,
Species_mp4/Muskrat/WkKPl4d94yM.mp4,a muskrat in the water with grass and reeds,Muskrat,53,WkKPl4d94yM,1315,Muskrat_ID_000,1315,reference_images/Muskrat/WkKPl4d94yM.jpg,Animal,skipped,
Species_mp4/Muskrat/Z0iRx7bdPwo.mp4,a muskrat in a field of grass with white flowers,Muskrat,53,Z0iRx7bdPwo,1315,Muskrat_ID_000,1315,reference_images/Muskrat/Z0iRx7bdPwo.jpg,Animal,skipped,
Species_mp4/Muskrat/yk3PW_7OeTM.mp4,a muskrat in the water near a rock and grass,Muskrat,53,yk3PW_7OeTM,1315,Muskrat_ID_000,1315,reference_images/Muskrat/yk3PW_7OeTM.jpg,Animal,skipped,
Species_mp4/Muskrat/a6SWJo9JmbI.mp4,a muskrat standing on a rock in the water,Muskrat,53,a6SWJo9JmbI,1315,Muskrat_ID_000,1315,reference_images/Muskrat/a6SWJo9JmbI.jpg,Animal,skipped,
Species_mp4/Muskrat/9Qc-AlDkF9U.mp4,a muskrat in the water with a stick in its mouth,Muskrat,53,9Qc-AlDkF9U,1315,Muskrat_ID_000,1315,reference_images/Muskrat/9Qc-AlDkF9U.jpg,Animal,skipped,
Species_mp4/Muskrat/oZDhkfHve70.mp4,a muskrat in the water with a pile of sticks in the background,Muskrat,53,oZDhkfHve70,1315,Muskrat_ID_000,1315,reference_images/Muskrat/oZDhkfHve70.jpg,Animal,skipped,
Species_mp4/Muskrat/-ikUNmQCOwc.mp4,a muskrat in the water with its mouth open and its mouth wide open,Muskrat,53,-ikUNmQCOwc,1315,Muskrat_ID_000,1315,reference_images/Muskrat/-ikUNmQCOwc.jpg,Animal,skipped,
Species_mp4/Muskrat/kj1xaqJi5vE.mp4,a muskrat on a rock in the water with its reflection,Muskrat,53,kj1xaqJi5vE,1315,Muskrat_ID_000,1315,reference_images/Muskrat/kj1xaqJi5vE.jpg,Animal,skipped,
Species_mp4/Muskrat/acuyjCORdeo.mp4,a muskrat on a rock in the water with a branch in the background,Muskrat,53,acuyjCORdeo,1315,Muskrat_ID_000,1315,reference_images/Muskrat/acuyjCORdeo.jpg,Animal,skipped,
Species_mp4/Muskrat/IyuCHH6g1qc.mp4,a muskrat in the water with its head in the water,Muskrat,53,IyuCHH6g1qc,1315,Muskrat_ID_000,1315,reference_images/Muskrat/IyuCHH6g1qc.jpg,Animal,skipped,
Species_mp4/Muskrat/XY-h-MWeoCk_2.mp4,a muskrat eating a piece of food in the dirt,Muskrat,53,XY-h-MWeoCk_2,1315,Muskrat_ID_000,1315,reference_images/Muskrat/XY-h-MWeoCk_2.jpg,Animal,skipped,
Species_mp4/Muskrat/wZJhXJzoKwQ.mp4,a muskrat in the water near a rock and grass,Muskrat,53,wZJhXJzoKwQ,1315,Muskrat_ID_000,1315,reference_images/Muskrat/wZJhXJzoKwQ.jpg,Animal,skipped,
Species_mp4/Muskrat/b3xoHUrrtSo.mp4,a muskrat eating a piece of wood in the snow,Muskrat,53,b3xoHUrrtSo,1315,Muskrat_ID_000,1315,reference_images/Muskrat/b3xoHUrrtSo.jpg,Animal,skipped,
Species_mp4/Muskrat/WghyHlXeS-g.mp4,a muskrat in the grass eating on a piece of food,Muskrat,53,WghyHlXeS-g,1315,Muskrat_ID_000,1315,reference_images/Muskrat/WghyHlXeS-g.jpg,Animal,skipped,
Species_mp4/Muskrat/55EUduB3zaQ.mp4,a muskrat in the grass near a stream in the woods,Muskrat,53,55EUduB3zaQ,1315,Muskrat_ID_000,1315,reference_images/Muskrat/55EUduB3zaQ.jpg,Animal,skipped,
Species_mp4/Vole/noPfCNvY9FY.mp4,a vole is sitting in the mud by some grass,Vole,78,noPfCNvY9FY,1702,Vole_ID_000,1702,reference_images/Vole/noPfCNvY9FY.jpg,Animal,skipped,
Species_mp4/Vole/7_QY_F0MPW0.mp4,a vole is eating a plant in the water near a planter,Vole,78,7_QY_F0MPW0,1702,Vole_ID_000,1702,reference_images/Vole/7_QY_F0MPW0.jpg,Animal,skipped,
Species_mp4/Vole/aKtZFQhgT8E.mp4,a vole is standing in the water near some trees,Vole,78,aKtZFQhgT8E,1702,Vole_ID_000,1702,reference_images/Vole/aKtZFQhgT8E.jpg,Animal,skipped,
Species_mp4/Vole/e48MxUpho3g.mp4,a vole is standing on the ground next to the water,Vole,78,e48MxUpho3g,1702,Vole_ID_000,1702,reference_images/Vole/e48MxUpho3g.jpg,Animal,skipped,
Species_mp4/Vole/F2-L6FXXD6g.mp4,a vole is hiding in the tall grass in the woods,Vole,78,F2-L6FXXD6g,1702,Vole_ID_000,1702,reference_images/Vole/F2-L6FXXD6g.jpg,Animal,skipped,
Species_mp4/Chinchilla/5OuwWiUZAdU.mp4,a chinchilla cat curled up in a black bag,Chinchilla,15,5OuwWiUZAdU,238,Chinchilla_ID_001,238,reference_images/Chinchilla/5OuwWiUZAdU.jpg,Animal,skipped,
Species_mp4/GuineaPig/lJTPgIEWrlw_2.mp4,a guinea pig laying on a towel on the floor next to a yellow cabinet,GuineaPig,29,lJTPgIEWrlw_2,920,GuineaPig_ID_001,920,reference_images/GuineaPig/lJTPgIEWrlw_2.jpg,Animal,skipped,
Species_mp4/GuineaPig/jQQFDI56YHw.mp4,a guinea pig eating out of a bowl on the floor,GuineaPig,29,jQQFDI56YHw,920,GuineaPig_ID_001,920,reference_images/GuineaPig/jQQFDI56YHw.jpg,Animal,skipped,
Species_mp4/GuineaPig/lJTPgIEWrlw_1.mp4,a guinea pig sitting on a blanket next to a glass of water,GuineaPig,29,lJTPgIEWrlw_1,920,GuineaPig_ID_001,920,reference_images/GuineaPig/lJTPgIEWrlw_1.jpg,Animal,skipped,
Species_mp4/GuineaPig/FcGVymJ315Q.mp4,a guinea pig laying in a cage with a pile of wood,GuineaPig,29,FcGVymJ315Q,921,GuineaPig_ID_002,921,reference_images/GuineaPig/FcGVymJ315Q.jpg,Animal,skipped,
Species_mp4/GuineaPig/YhHOI_GhKQY.mp4,a guinea pig in a cage with a toy in it,GuineaPig,29,YhHOI_GhKQY,921,GuineaPig_ID_002,921,reference_images/GuineaPig/YhHOI_GhKQY.jpg,Animal,skipped,
Species_mp4/Hamster/tuFeEg8MTno_2.mp4,a hamster sleeping in a corner of a room with a wooden floor,Hamster,30,tuFeEg8MTno_2,935,Hamster_ID_000,935,reference_images/Hamster/tuFeEg8MTno_2.jpg,Animal,skipped,
Species_mp4/Hamster/1iXwRtRlSDE_1.mp4,a hamster in a cage looking out of a window,Hamster,30,1iXwRtRlSDE_1,936,Hamster_ID_001,936,reference_images/Hamster/1iXwRtRlSDE_1.jpg,Animal,skipped,
Species_mp4/GuineaPig/glK9uZ7k-KU.mp4,a guinea pig in a cardboard box with hay and a wooden floor,GuineaPig,29,glK9uZ7k-KU,922,GuineaPig_ID_003,922,reference_images/GuineaPig/glK9uZ7k-KU.jpg,Animal,skipped,
Species_mp4/GuineaPig/pKDK6yyJPNU_1.mp4,a guinea pig in a cage with a bowl of food,GuineaPig,29,pKDK6yyJPNU_1,922,GuineaPig_ID_003,922,reference_images/GuineaPig/pKDK6yyJPNU_1.jpg,Animal,skipped,
Species_mp4/GuineaPig/0E-AWOvdNhI.mp4,a guinea pig and guinea guinea in a cage with hay,GuineaPig,29,0E-AWOvdNhI,922,GuineaPig_ID_003,922,reference_images/GuineaPig/0E-AWOvdNhI.jpg,Animal,skipped,
Species_mp4/Hamster/folVfEGVRzQ.mp4,a hamster eating a piece of cheese in a plastic container,Hamster,30,folVfEGVRzQ,937,Hamster_ID_002,937,reference_images/Hamster/folVfEGVRzQ.jpg,Animal,skipped,
Species_mp4/Hamster/MjgdC8J42lQ.mp4,a hamster in a cage eating a piece of paper,Hamster,30,MjgdC8J42lQ,937,Hamster_ID_002,937,reference_images/Hamster/MjgdC8J42lQ.jpg,Animal,skipped,
Species_mp4/Hamster/jFapMfWDe5Y.mp4,a hamster sitting on a table with a piece of paper in its mouth,Hamster,30,jFapMfWDe5Y,937,Hamster_ID_002,937,reference_images/Hamster/jFapMfWDe5Y.jpg,Animal,skipped,
Species_mp4/Hamster/VNZ1GGJbrRc.mp4,a hamster eating food from a bowl on the floor,Hamster,30,VNZ1GGJbrRc,937,Hamster_ID_002,937,reference_images/Hamster/VNZ1GGJbrRc.jpg,Animal,skipped,
Species_mp4/Hamster/tmS666ai2lg.mp4,a hamster eating strawberries and strawberries in a green bowl,Hamster,30,tmS666ai2lg,937,Hamster_ID_002,937,reference_images/Hamster/tmS666ai2lg.jpg,Animal,skipped,
Species_mp4/Hamster/KQFKN0XwK6w.mp4,a hamster in a cage with a spoon and a jar of jelly,Hamster,30,KQFKN0XwK6w,937,Hamster_ID_002,937,reference_images/Hamster/KQFKN0XwK6w.jpg,Animal,skipped,
Species_mp4/Hamster/tuFeEg8MTno_1.mp4,a hamster sitting on a ledge in a corner of a room,Hamster,30,tuFeEg8MTno_1,937,Hamster_ID_002,937,reference_images/Hamster/tuFeEg8MTno_1.jpg,Animal,skipped,
Species_mp4/Hamster/42LAebGLUls.mp4,a hamster in a cage with a piece of bread in its mouth,Hamster,30,42LAebGLUls,937,Hamster_ID_002,937,reference_images/Hamster/42LAebGLUls.jpg,Animal,skipped,
Species_mp4/Hamster/SAiLKEZs1SA.mp4,a hamster drinking from a faucet in a bathroom,Hamster,30,SAiLKEZs1SA,937,Hamster_ID_002,937,reference_images/Hamster/SAiLKEZs1SA.jpg,Animal,skipped,
Species_mp4/Hamster/oGOA697gqek.mp4,a hamster in a cage with a baby hamster inside of it,Hamster,30,oGOA697gqek,937,Hamster_ID_002,937,reference_images/Hamster/oGOA697gqek.jpg,Animal,skipped,
Species_mp4/Hamster/m_kUyku1niQ.mp4,a hamster in a cage looking out of a window,Hamster,30,m_kUyku1niQ,938,Hamster_ID_003,938,reference_images/Hamster/m_kUyku1niQ.jpg,Animal,skipped,
Species_mp4/Hamster/lZkavTCESpc.mp4,a hamster in a box with a tennis ball and a tennis ball,Hamster,30,lZkavTCESpc,939,Hamster_ID_004,939,reference_images/Hamster/lZkavTCESpc.jpg,Animal,skipped,
Species_mp4/Hamster/wHkVpERcx8w_1.mp4,a hamster drinking water from a blue bowl on a table,Hamster,30,wHkVpERcx8w_1,940,Hamster_ID_005,940,reference_images/Hamster/wHkVpERcx8w_1.jpg,Animal,skipped,
Species_mp4/Hamster/fLYgM2uSO6M.mp4,a hamster in a cage eating food from a red container,Hamster,30,fLYgM2uSO6M,941,Hamster_ID_006,941,reference_images/Hamster/fLYgM2uSO6M.jpg,Animal,skipped,
Species_mp4/GuineaPig/2r4imX1S6ys.mp4,a guinea pig in a cage with a green wall and a green floor,GuineaPig,29,2r4imX1S6ys,923,GuineaPig_ID_004,923,reference_images/GuineaPig/2r4imX1S6ys.jpg,Animal,skipped,
Species_mp4/Hamster/YQg5oF6B2v4.mp4,a hamster in a hole with its head inside of it,Hamster,30,YQg5oF6B2v4,942,Hamster_ID_007,942,reference_images/Hamster/YQg5oF6B2v4.jpg,Animal,skipped,
Species_mp4/Hamster/XKdaVZvZAhg_1.mp4,a hamster eating a piece of green leaf on a red chair,Hamster,30,XKdaVZvZAhg_1,943,Hamster_ID_008,943,reference_images/Hamster/XKdaVZvZAhg_1.jpg,Animal,skipped,
Species_mp4/GuineaPig/yukYye-DVUI.mp4,a guinea pig in a cage with a cat house,GuineaPig,29,yukYye-DVUI,924,GuineaPig_ID_005,924,reference_images/GuineaPig/yukYye-DVUI.jpg,Animal,skipped,
Species_mp4/GuineaPig/XJk5GHJyF00.mp4,a guinea pig laying on a white blanket on a table,GuineaPig,29,XJk5GHJyF00,925,GuineaPig_ID_006,925,reference_images/GuineaPig/XJk5GHJyF00.jpg,Animal,skipped,
Species_mp4/Hamster/Wh7iTH_hBu0_1.mp4,a hamster sitting on a table next to a ball of doughnuts,Hamster,30,Wh7iTH_hBu0_1,944,Hamster_ID_009,944,reference_images/Hamster/Wh7iTH_hBu0_1.jpg,Animal,skipped,
Species_mp4/Hamster/w9GW7AJpzj4.mp4,a hamster eating a carrot in a cage with a quote,Hamster,30,w9GW7AJpzj4,945,Hamster_ID_010,945,reference_images/Hamster/w9GW7AJpzj4.jpg,Animal,skipped,
Species_mp4/Hamster/MIk6HSJajEs.mp4,a hamster is chewing on a stick in a cage,Hamster,30,MIk6HSJajEs,945,Hamster_ID_010,945,reference_images/Hamster/MIk6HSJajEs.jpg,Animal,skipped,
Species_mp4/Hamster/mBQ3cv3Dde0.mp4,a hamster sleeping in a bed of a blanket on a wooden floor,Hamster,30,mBQ3cv3Dde0,945,Hamster_ID_010,945,reference_images/Hamster/mBQ3cv3Dde0.jpg,Animal,skipped,
Species_mp4/Hamster/0B9XMbnsxlQ.mp4,a hamster in a cage eating food from a bowl,Hamster,30,0B9XMbnsxlQ,945,Hamster_ID_010,945,reference_images/Hamster/0B9XMbnsxlQ.jpg,Animal,skipped,
Species_mp4/Hamster/45XU7wMk7iE_1.mp4,a hamster laying on a bed of wood chips and wood chips,Hamster,30,45XU7wMk7iE_1,945,Hamster_ID_010,945,reference_images/Hamster/45XU7wMk7iE_1.jpg,Animal,skipped,
Species_mp4/GuineaPig/Ov7t37kQpS4_1.mp4,a guinea pig in a straw hat with a face painted on it,GuineaPig,29,Ov7t37kQpS4_1,926,GuineaPig_ID_007,926,reference_images/GuineaPig/Ov7t37kQpS4_1.jpg,Animal,skipped,
Species_mp4/Hamster/oejsY7DwqOw.mp4,a hamster in a bowl of lettuce and a salad,Hamster,30,oejsY7DwqOw,946,Hamster_ID_011,946,reference_images/Hamster/oejsY7DwqOw.jpg,Animal,skipped,
Species_mp4/Hamster/x9rBL0qxQ2A.mp4,a hamster in the grass looking at the camera with a blurry background,Hamster,30,x9rBL0qxQ2A,947,Hamster_ID_012,947,reference_images/Hamster/x9rBL0qxQ2A.jpg,Animal,skipped,
Species_mp4/Chinchilla/4vHb42wnw3U.mp4,a chinchilla cat sitting on a perch in a blue room,Chinchilla,15,4vHb42wnw3U,239,Chinchilla_ID_002,239,reference_images/Chinchilla/4vHb42wnw3U.jpg,Animal,skipped,
Species_mp4/Hamster/QZcx3IVzSZI.mp4,a hamster in a cage with a white mouse in it,Hamster,30,QZcx3IVzSZI,948,Hamster_ID_013,948,reference_images/Hamster/QZcx3IVzSZI.jpg,Animal,skipped,
Species_mp4/GuineaPig/t_rOsC4C30Q.mp4,a guinea pig in a cage eating hay and straw,GuineaPig,29,t_rOsC4C30Q,927,GuineaPig_ID_008,927,reference_images/GuineaPig/t_rOsC4C30Q.jpg,Animal,skipped,
Species_mp4/GuineaPig/HhyGBF6fi0w.mp4,a guinea pig laying on a table next to a litter basket,GuineaPig,29,HhyGBF6fi0w,927,GuineaPig_ID_008,927,reference_images/GuineaPig/HhyGBF6fi0w.jpg,Animal,skipped,
Species_mp4/GuineaPig/qtosRLmN4yE.mp4,a guinea pig in a cage with a white blanket and a green handle,GuineaPig,29,qtosRLmN4yE,927,GuineaPig_ID_008,927,reference_images/GuineaPig/qtosRLmN4yE.jpg,Animal,skipped,
Species_mp4/GuineaPig/9e-G5SrENT4.mp4,a guinea pig eating greens in a cage,GuineaPig,29,9e-G5SrENT4,927,GuineaPig_ID_008,927,reference_images/GuineaPig/9e-G5SrENT4.jpg,Animal,skipped,
Species_mp4/GuineaPig/BGCdJ2y9olU.mp4,a guinea pig sitting on a blanket next to a bowl of food,GuineaPig,29,BGCdJ2y9olU,927,GuineaPig_ID_008,927,reference_images/GuineaPig/BGCdJ2y9olU.jpg,Animal,skipped,
Species_mp4/GuineaPig/UWOHh8j-xLU.mp4,a guinea pig laying on a blanket on a bed in a room,GuineaPig,29,UWOHh8j-xLU,927,GuineaPig_ID_008,927,reference_images/GuineaPig/UWOHh8j-xLU.jpg,Animal,skipped,
Species_mp4/GuineaPig/VwRcvOC9Y9g_1.mp4,a guinea pig is sleeping in a blanket on a bed,GuineaPig,29,VwRcvOC9Y9g_1,927,GuineaPig_ID_008,927,reference_images/GuineaPig/VwRcvOC9Y9g_1.jpg,Animal,skipped,
Species_mp4/Hamster/9al9u_m8uaQ_3.mp4,a hamster eating a piece of lettuce on a blue surface,Hamster,30,9al9u_m8uaQ_3,949,Hamster_ID_014,949,reference_images/Hamster/9al9u_m8uaQ_3.jpg,Animal,skipped,
Species_mp4/GuineaPig/T6dclbWO4oc.mp4,a guinea pig and cat cuddle together in a bed,GuineaPig,29,T6dclbWO4oc,928,GuineaPig_ID_009,928,reference_images/GuineaPig/T6dclbWO4oc.jpg,Animal,skipped,
Species_mp4/Hamster/qCaiSyUQuIo.mp4,a hamster eating food from a bowl on a table,Hamster,30,qCaiSyUQuIo,950,Hamster_ID_015,950,reference_images/Hamster/qCaiSyUQuIo.jpg,Animal,skipped,
Species_mp4/GuineaPig/bJifdpef8TI.mp4,a guinea pig in a plastic basket with a plastic bottle,GuineaPig,29,bJifdpef8TI,929,GuineaPig_ID_010,929,reference_images/GuineaPig/bJifdpef8TI.jpg,Animal,skipped,
Species_mp4/GuineaPig/H2KvBkAsCZ4.mp4,a guinea pig in a cage with a blue litter bin,GuineaPig,29,H2KvBkAsCZ4,930,GuineaPig_ID_011,930,reference_images/GuineaPig/H2KvBkAsCZ4.jpg,Animal,skipped,
Species_mp4/Muskrat/Np8a0yZRI3s.mp4,a muskrat in the grass eating on a stick,Muskrat,53,Np8a0yZRI3s,1316,Muskrat_ID_001,1316,reference_images/Muskrat/Np8a0yZRI3s.jpg,Animal,skipped,
Species_mp4/Muskrat/4UnEGNSO0KM.mp4,a muskrat sitting on a mound of dirt in a field,Muskrat,53,4UnEGNSO0KM,1317,Muskrat_ID_002,1317,reference_images/Muskrat/4UnEGNSO0KM.jpg,Animal,skipped,
Species_mp4/GuineaPig/2wKsIz4D2JM.mp4,a guinea pig eating a carrot from a toy carrot holder,GuineaPig,29,2wKsIz4D2JM,931,GuineaPig_ID_012,931,reference_images/GuineaPig/2wKsIz4D2JM.jpg,Animal,skipped,
Species_mp4/GuineaPig/3lWdzMYQT3g.mp4,a guinea pig sitting on a persons hand in a room,GuineaPig,29,3lWdzMYQT3g,932,GuineaPig_ID_013,932,reference_images/GuineaPig/3lWdzMYQT3g.jpg,Animal,skipped,
Species_mp4/Hamster/61VFkvdz2YI.mp4,a hamster eating a banana on a table with a blue container,Hamster,30,61VFkvdz2YI,951,Hamster_ID_016,951,reference_images/Hamster/61VFkvdz2YI.jpg,Animal,skipped,
Species_mp4/Hamster/46FbJ71iegk.mp4,a hamster sitting on a shelf in a room with a wooden shelf,Hamster,30,46FbJ71iegk,952,Hamster_ID_017,952,reference_images/Hamster/46FbJ71iegk.jpg,Animal,skipped,
Species_mp4/Hamster/jZhC_ezRpK0.mp4,a hamster eating a piece of cake on a table,Hamster,30,jZhC_ezRpK0,953,Hamster_ID_018,953,reference_images/Hamster/jZhC_ezRpK0.jpg,Animal,skipped,
Species_mp4/GuineaPig/eL7b55v6e6E.mp4,a guinea pig in a cage with hay and a blue wall,GuineaPig,29,eL7b55v6e6E,933,GuineaPig_ID_014,933,reference_images/GuineaPig/eL7b55v6e6E.jpg,Animal,skipped,
Species_mp4/GuineaPig/c5u6Wnvjv5E.mp4,a guinea pig in a cage with a brown and white striped coat,GuineaPig,29,c5u6Wnvjv5E,934,GuineaPig_ID_015,934,reference_images/GuineaPig/c5u6Wnvjv5E.jpg,Animal,skipped,
Species_mp4/Vole/MBBZVLR9SM0.mp4,a vole bird sitting in the grass next to a pond,Vole,78,MBBZVLR9SM0,1703,Vole_ID_001,1703,reference_images/Vole/MBBZVLR9SM0.jpg,Animal,skipped,
Species_mp4/Chinchilla/5c5S2PQOX2o.mp4,a chinchilla eating from a glass of water on the floor,Chinchilla,15,5c5S2PQOX2o,240,Chinchilla_ID_003,240,reference_images/Chinchilla/5c5S2PQOX2o.jpg,Animal,skipped,
Species_mp4/Hamster/PRDcR8nb1Rg.mp4,a hamster in a wooden cage with a piece of wood in it,Hamster,30,PRDcR8nb1Rg,954,Hamster_ID_019,954,reference_images/Hamster/PRDcR8nb1Rg.jpg,Animal,skipped,
Species_mp4/Capybara/ci4lmzPDun8.mp4,a capybara drinking water from a pond in a zoo enclosure,Capybara,11,ci4lmzPDun8,195,Capybara_ID_000,195,reference_images/Capybara/ci4lmzPDun8.jpg,Animal,skipped,
Species_mp4/Capybara/Ob_UuijyLpM.mp4,a capybara standing in a pool of water in a zoo enclosure,Capybara,11,Ob_UuijyLpM,195,Capybara_ID_000,195,reference_images/Capybara/Ob_UuijyLpM.jpg,Animal,skipped,
Species_mp4/Capybara/m5lx07eaLkg.mp4,a capybara standing on a rock near a body of water,Capybara,11,m5lx07eaLkg,195,Capybara_ID_000,195,reference_images/Capybara/m5lx07eaLkg.jpg,Animal,skipped,
Species_mp4/Capybara/qbtheIIMWH8_1.mp4,a capybara eating from a bowl on the floor,Capybara,11,qbtheIIMWH8_1,195,Capybara_ID_000,195,reference_images/Capybara/qbtheIIMWH8_1.jpg,Animal,skipped,
Species_mp4/Capybara/Q5cahJzEDqE.mp4,a capybara drinking water from a pond in a zoo enclosure,Capybara,11,Q5cahJzEDqE,195,Capybara_ID_000,195,reference_images/Capybara/Q5cahJzEDqE.jpg,Animal,skipped,
Species_mp4/Capybara/_Pf0cyyM5Mc.mp4,a capybara eating from a blue bowl in a zoo enclosure,Capybara,11,_Pf0cyyM5Mc,195,Capybara_ID_000,195,reference_images/Capybara/_Pf0cyyM5Mc.jpg,Animal,skipped,
Species_mp4/Capybara/4mPnuFej_Zc.mp4,a capybara eating out of a bowl in a cage,Capybara,11,4mPnuFej_Zc,195,Capybara_ID_000,195,reference_images/Capybara/4mPnuFej_Zc.jpg,Animal,skipped,
Species_mp4/Capybara/qbtheIIMWH8_2.mp4,a capybara eating from a bowl on the floor,Capybara,11,qbtheIIMWH8_2,195,Capybara_ID_000,195,reference_images/Capybara/qbtheIIMWH8_2.jpg,Animal,skipped,
Species_mp4/Capybara/LKawaVomxW4.mp4,a capybara standing on concrete ledge next to water,Capybara,11,LKawaVomxW4,195,Capybara_ID_000,195,reference_images/Capybara/LKawaVomxW4.jpg,Animal,skipped,
Species_mp4/Capybara/fqADXxV1ZPM.mp4,a capybara dog sniffing a piece of food on the ground,Capybara,11,fqADXxV1ZPM,196,Capybara_ID_001,196,reference_images/Capybara/fqADXxV1ZPM.jpg,Animal,skipped,
Species_mp4/Fossa/7MD6WS5rClA.mp4,a fossan bear eating a piece of meat on the ground,Fossa,22,7MD6WS5rClA,738,Fossa_ID_000,738,reference_images/Fossa/7MD6WS5rClA.jpg,Animal,skipped,
Species_mp4/Fossa/sKEFXrDwC5s_2.mp4,a fossan sleeping in a pen with a wooden fence,Fossa,22,sKEFXrDwC5s_2,738,Fossa_ID_000,738,reference_images/Fossa/sKEFXrDwC5s_2.jpg,Animal,skipped,
Species_mp4/Fossa/Bf_TXbd-8iM.mp4,a fossan bear with its mouth open and tongue out,Fossa,22,Bf_TXbd-8iM,739,Fossa_ID_001,739,reference_images/Fossa/Bf_TXbd-8iM.jpg,Animal,skipped,
Species_mp4/Fossa/VexdRfwhZDY.mp4,a fossan otter and a white duck on the ground,Fossa,22,VexdRfwhZDY,740,Fossa_ID_002,740,reference_images/Fossa/VexdRfwhZDY.jpg,Animal,skipped,
Species_mp4/Porcupine/OMVSkgDb8aQ.mp4,a porcupine on a yellow table in a backyard,Porcupine,60,OMVSkgDb8aQ,1390,Porcupine_ID_000,1390,reference_images/Porcupine/OMVSkgDb8aQ.jpg,Animal,skipped,
Species_mp4/Porcupine/8Kl4FXVz-lU.mp4,a porcupine is standing on a piece of luggage in a room,Porcupine,60,8Kl4FXVz-lU,1390,Porcupine_ID_000,1390,reference_images/Porcupine/8Kl4FXVz-lU.jpg,Animal,skipped,
Species_mp4/Porcupine/uEpSGwIRpkQ.mp4,a porcupine is sitting in a tree with leaves on the branches,Porcupine,60,uEpSGwIRpkQ,1390,Porcupine_ID_000,1390,reference_images/Porcupine/uEpSGwIRpkQ.jpg,Animal,skipped,
Species_mp4/Porcupine/o4nQ7Q7NrrM.mp4,a porcupine eating a piece of food in a blue bowl,Porcupine,60,o4nQ7Q7NrrM,1390,Porcupine_ID_000,1390,reference_images/Porcupine/o4nQ7Q7NrrM.jpg,Animal,skipped,
Species_mp4/Porcupine/AA-H1E6VNPU.mp4,a porcupine eating a piece of fruit on a table,Porcupine,60,AA-H1E6VNPU,1390,Porcupine_ID_000,1390,reference_images/Porcupine/AA-H1E6VNPU.jpg,Animal,skipped,
Species_mp4/Porcupine/Wz9DZHZ-2dU.mp4,a porcupine eating a pile of food in a zoo enclosure,Porcupine,60,Wz9DZHZ-2dU,1390,Porcupine_ID_000,1390,reference_images/Porcupine/Wz9DZHZ-2dU.jpg,Animal,skipped,
Species_mp4/Porcupine/J8wvNn5iJyw.mp4,a porcupine is playing with a yellow ball on the floor,Porcupine,60,J8wvNn5iJyw,1390,Porcupine_ID_000,1390,reference_images/Porcupine/J8wvNn5iJyw.jpg,Animal,skipped,
Species_mp4/Porcupine/rIqqecYIChA.mp4,a porcupine sitting on a log in a zoo enclosure,Porcupine,60,rIqqecYIChA,1390,Porcupine_ID_000,1390,reference_images/Porcupine/rIqqecYIChA.jpg,Animal,skipped,
Species_mp4/Porcupine/FxF1c4xMgLI.mp4,a porcupine eating a piece of fruit on the ground,Porcupine,60,FxF1c4xMgLI,1390,Porcupine_ID_000,1390,reference_images/Porcupine/FxF1c4xMgLI.jpg,Animal,skipped,
Species_mp4/Porcupine/DAH7lHKq5sM.mp4,a porcupine is walking around in the dark with its head down,Porcupine,60,DAH7lHKq5sM,1390,Porcupine_ID_000,1390,reference_images/Porcupine/DAH7lHKq5sM.jpg,Animal,skipped,
Species_mp4/Porcupine/d1I_MOy9CxI.mp4,a porcupine walking through the grass in front of a forest,Porcupine,60,d1I_MOy9CxI,1391,Porcupine_ID_001,1391,reference_images/Porcupine/d1I_MOy9CxI.jpg,Animal,skipped,
Species_mp4/Porcupine/voU6iWmFFoQ.mp4,a porcupine walking through a grassy field with tall grass,Porcupine,60,voU6iWmFFoQ,1391,Porcupine_ID_001,1391,reference_images/Porcupine/voU6iWmFFoQ.jpg,Animal,skipped,
Species_mp4/Porcupine/O7QswM4gslw.mp4,a porcupine walking through a forest with tall grass and trees,Porcupine,60,O7QswM4gslw,1391,Porcupine_ID_001,1391,reference_images/Porcupine/O7QswM4gslw.jpg,Animal,skipped,
Species_mp4/Porcupine/y3iUa1prWl4.mp4,a porcupine eating a prick cactus plant with a red fruit,Porcupine,60,y3iUa1prWl4,1391,Porcupine_ID_001,1391,reference_images/Porcupine/y3iUa1prWl4.jpg,Animal,skipped,
Species_mp4/Porcupine/WBtQZojOYvI.mp4,a porcupine in the brush with its tail hanging out,Porcupine,60,WBtQZojOYvI,1391,Porcupine_ID_001,1391,reference_images/Porcupine/WBtQZojOYvI.jpg,Animal,skipped,
Species_mp4/Porcupine/K-n9zXmfw68.mp4,a porcupine eating a piece of corn in a forest,Porcupine,60,K-n9zXmfw68,1391,Porcupine_ID_001,1391,reference_images/Porcupine/K-n9zXmfw68.jpg,Animal,skipped,
Species_mp4/Porcupine/z-xLc6b88uA.mp4,a porcupine bear in a tree looking for food,Porcupine,60,z-xLc6b88uA,1391,Porcupine_ID_001,1391,reference_images/Porcupine/z-xLc6b88uA.jpg,Animal,skipped,
Species_mp4/Porcupine/W3yv1-j2bPQ.mp4,a porcupine walking through the snow in a wooded area,Porcupine,60,W3yv1-j2bPQ,1391,Porcupine_ID_001,1391,reference_images/Porcupine/W3yv1-j2bPQ.jpg,Animal,skipped,
Species_mp4/Porcupine/YIzzPezoimA.mp4,a porcupine walking through a grassy field with flowers,Porcupine,60,YIzzPezoimA,1391,Porcupine_ID_001,1391,reference_images/Porcupine/YIzzPezoimA.jpg,Animal,skipped,
Species_mp4/Porcupine/aRjC95P9beQ.mp4,a porcupine sitting on a rock in a zoo enclosure,Porcupine,60,aRjC95P9beQ,1391,Porcupine_ID_001,1391,reference_images/Porcupine/aRjC95P9beQ.jpg,Animal,skipped,
Species_mp4/Porcupine/QR0xCrmUDa4.mp4,a porcupine in a tree with leaves and branches,Porcupine,60,QR0xCrmUDa4,1392,Porcupine_ID_002,1392,reference_images/Porcupine/QR0xCrmUDa4.jpg,Animal,skipped,
Species_mp4/Porcupine/HUv5u2Vqw50.mp4,a porcupine eating a piece of food in the middle of the woods,Porcupine,60,HUv5u2Vqw50,1393,Porcupine_ID_003,1393,reference_images/Porcupine/HUv5u2Vqw50.jpg,Animal,skipped,
Species_mp4/Porcupine/maAIEq7yxP8.mp4,a porcupine is curled up in a pile of shredded wood,Porcupine,60,maAIEq7yxP8,1394,Porcupine_ID_004,1394,reference_images/Porcupine/maAIEq7yxP8.jpg,Animal,skipped,
Species_mp4/Porcupine/3doY0lKfKRA.mp4,a porcupine bear in a tree in the woods looking for food,Porcupine,60,3doY0lKfKRA,1395,Porcupine_ID_005,1395,reference_images/Porcupine/3doY0lKfKRA.jpg,Animal,skipped,
Species_mp4/Porcupine/wUPrTF68LcY.mp4,a porcupine in a tree in the woods with leaves,Porcupine,60,wUPrTF68LcY,1396,Porcupine_ID_006,1396,reference_images/Porcupine/wUPrTF68LcY.jpg,Animal,skipped,
